House,Price,County
"1. Apartment 12-09, The Arc, 2K Queens Road, Belfast, Belfast City Centre, Belfast, Co. Antrim",850970, Co. Antrim
"1. 7 Chaff Street, Graiguecullen, Carlow Town, Co. Carlow",900, Co. Carlow
"2. Barrow Mews, Carlow Town, Co. Carlow",750, Co. Carlow
"3. Riverdell, Haymarket, Carlow Town, Co. Carlow",900, Co. Carlow
"4. Glynn, St. Mullins, Co. Carlow",700, Co. Carlow
"1. Church Street, Cavan, Co. Cavan",750, Co. Cavan
"2. 13 Headford Grove, Virginia, Co. Cavan",800, Co. Cavan
"3. Catherdal Road, Cavan, Cavan, Co. Cavan",600, Co. Cavan
"4. Cluain Aoibhinn Court, Swellan, Cavan, Co. Cavan",600, Co. Cavan
"5. 2 Annalee Drive, Ballyhaise Cavan, Ballyhaise, Co. Cavan",600, Co. Cavan
"6. Russell Quay, Ballyconnell, Co. Cavan, Ballyconnell, Co. Cavan",685, Co. Cavan
"7. Apartment 25 Canal Bank Walk, Castleforde Ballycon, Ballyconnell, Co. Cavan",600, Co. Cavan
"8. Co Cavan, Lough Gowna, Co. Cavan",500, Co. Cavan
"9. Stramatt, Lisduff, Virginia, Co. Cavan",900, Co. Cavan
"10. The Plaza College Street, Cavan, Co. Cavan",700, Co. Cavan
"11. Apartment NO 3, Gortoolan Ballyconnell Co Cavan, Ballyconnell, Co. Cavan",400, Co. Cavan
"12. Arasain Pheadair Bawnboy, Ballyconnell, Co. Cavan",500, Co. Cavan
"13. blacklion, Blacklion, Co. Cavan",450, Co. Cavan
"14. Apt 5, The Elms, Woodford Meadows, Ballyconnell, Co. Cavan",550, Co. Cavan
"1. Bruagh Na Habhann, Quinn road, Ennis, Co. Clare",825, Co. Clare
"2. Town court, Shannon, Co. Clare",600, Co. Clare
"3. 156 Bru na Sionna, Shannon, Co. Clare",1000, Co. Clare
"4. Cuirt Na HEaglaise, Newmarket on Fergus, Co. Clare",800, Co. Clare
"5. Salthouse Lane, Ennis, Co. Clare",800, Co. Clare
"6. Boheraroan, Newmarket on Fergus, Co. Clare",800, Co. Clare
"7. Riverwood Retirement village, Kilrush, Co. Clare",650, Co. Clare
"8. Moore Street, Kilrush, Co. Clare",400, Co. Clare
"9. Apartment 1, Garna House Retail Centre, Sixmilebridge, Co. Clare",800, Co. Clare
"10. CUIRT an FHILE, ROSLEVAN, Ennis, Co. Clare",750, Co. Clare
"11. Boheroan, Newmarket on Fergus, Co. Clare",800, Co. Clare
"12. Inis Chlair, Clarecastle, Co. Clare",850, Co. Clare
"13. Merchants Quay, Kilrush, Co. Clare",700, Co. Clare
"14. Lahinch Road, Ennistymon, Ennistymon, Co. Clare",600, Co. Clare
"15. 3 Merchant\'s Quay, Kilrush, Co. Clare",360, Co. Clare
"1. Lee Road, Cork City, Co. Cork",1300, Co. Cork
"2. Church St Dromcollogher, Charleville, Co. Cork",240, Co. Cork
"3. Kilnaglory, Ballincollig, Co. Cork",950, Co. Cork
"4. Rutland Place, South Terrace, Cork City, Co. Cork",1400, Co. Cork
"5. Fernwood Court, Glanmire, Co. Cork",1250, Co. Cork
"6. 37 Downview, Faranlea Road, Cork City, Victoria Cross, Co. Cork",2600, Co. Cork
"7. Glanmire Village, Glanmire, Co. Cork",1200, Co. Cork
"8. River Wharf, Mill Road, Midleton, Co. Cork",1250, Co. Cork
"9. Ivy Court, Broomfield Village, Midleton, Co. Cork",1100, Co. Cork
"10. BRENTWOOD COURT, NEAR WILTON SHOPPING CENTRE, Wilton, Co. Cork",1200, Co. Cork
"11. Apt, 7, West Beach, Cobh, Co. Cork",775, Co. Cork
"12. The Grand, Crosshaven, Co. Cork",1450, Co. Cork
"13. Old Quarry, Ballincollig, Co. Cork",1350, Co. Cork
"14. Fullers Lodge, College Road, Cork City, Co. Cork",888, Co. Cork
"15. The Kingfisher, Jacob\'s Island, Ballinure, Co. Cork",1450, Co. Cork
"16. Lisin, Sunday's Well, Co. Cork",1735, Co. Cork
"17. Ballyleary Rd, Newtown, Cobh, Co. Cork",900, Co. Cork
"18. 9 Summerstown Avenue, Glasheen, Co. Cork",1400, Co. Cork
"19. Roxboro Close, The Rock, Midleton, Co. Cork",1150, Co. Cork
"20. Pembroke Grove, Passage West, Co. Cork",1400, Co. Cork
"21. The Oaks, Wentworth Gardens, Bishopstown, Co. Cork",1252, Co. Cork
"22. Liosbourne, Carrigaline, Co. Cork",775, Co. Cork
"23. An Radharc, Maryborough Ridge, Maryborough Hill, Douglas, Co. Cork",1575, Co. Cork
"24. Hazel House, Garrane Dara, Sarsfield Road, Wilton, Co. Cork",1180, Co. Cork
"25. Crawford View, Emmet Place, Cork City, Co. Cork",1800, Co. Cork
"26. No. 3 Egmont Court, Earl Street, Kanturk, Co. Cork, Kanturk, Co. Cork",700, Co. Cork
"27. 22 Granary Hall, Mount Oval Village, Rochestown, Co. Cork",1300, Co. Cork
"28. 67A Main St, Kinsale, Co. Cork",1900, Co. Cork
"29. 3 Manhattan Apartments Lower O Connell St, Kinsale, Co. Cork",1200, Co. Cork
"30. Cois Na hAbhann, Bailick Road, Midleton, Co. Cork",1250, Co. Cork
"31. Desmond Court, Cork Street, Kinsale, Co. Cork",850, Co. Cork
"32. Navillus, Togher (Cork City), Co. Cork",1200, Co. Cork
"33. Hollybrook, Orchard Road, Victoria Cross, Co. Cork",2000, Co. Cork
"34. Silverpoint, Silversprings, Co. Cork",1450, Co. Cork
"35. Alfred Street, Cork City, Co. Cork",1456, Co. Cork
"36. Farranlea road, Cork City, Co. Cork",2800, Co. Cork
"37. Maryborough Ridge, Douglas, Co. Cork",1620, Co. Cork
"38. Cork City Centre, Cork City, Co. Cork",1230, Co. Cork
"39. Washington Street, Cork City, Co. Cork",864, Co. Cork
"40. Main St, Watergrasshill, Co. Cork",2500, Co. Cork
"41. The Cloisters, Douglas, Co. Cork",1100, Co. Cork
"42. Alfred Street, Cork City, Co. Cork",1456, Co. Cork
"43. The Elysian, Eglinton Street, Cork City, Co. Cork",3500, Co. Cork
"44. The Elysian, Eglinton Street, Cork City, Co. Cork",3170, Co. Cork
"45. Summerhill South, Cork City, Co. Cork",1200, Co. Cork
"46. Cork City Centre, Cork City, Co. Cork",1903, Co. Cork
"47. ., Ballinascarty, Co. Cork",750, Co. Cork
"48. 13 Ownahincha Apartments, Ownahincha, Co. Cork",650, Co. Cork
"49. Tullyland, Bandon, Co. Cork",750, Co. Cork
"50. North St, Skibbereen, Co. Cork",650, Co. Cork
"51. Apartment 3, 8 Ballymoden Place, Bandon, Co. Cork",900, Co. Cork
"52. Apartment B, 20 Cuil na Carraige, Ballymakeera, Co. Cork",600, Co. Cork
"53. Pier Road, Kinsale, Co. Cork",1100, Co. Cork
"54. 309 Brideholm, Commons Road, Blackpool, Co. Cork",1500, Co. Cork
"55. Barrack Street Ballyclough, Mallow, Co. Cork",650, Co. Cork
"56. First Floor, 19 Military Road, St. Lukes, Co. Cork",1500, Co. Cork
"57. Watergold, Douglas, Co. Cork",1750, Co. Cork
"58. New Market Square, Mitchelstown, Co. Cork",600, Co. Cork
"59. 14 The Lodge, The Oaks, Classes Lake, Ballincollig, Co. Cork",1200, Co. Cork
"60. Corrin Court, Cork Road, Fermoy, Co. Cork",795, Co. Cork
"61. 49 Shearwater, Kinsale, Co. Cork",1750, Co. Cork
"62. Quartertown,Mallow,Co.Cork, Mallow, Co. Cork",550, Co. Cork
"63. Appartment 1 , Harolds Court, Enniskeane, Co. Cork",680, Co. Cork
"64. The Haven, Jacobs island Cork, Mahon, Co. Cork",1600, Co. Cork
"65. 5 Newmills, Brownsmills, Kinsale, Co. Cork",1400, Co. Cork
"66. Newmills Brownsmills Kinsale, Kinsale, Co. Cork",1200, Co. Cork
"67. 2 Heron Court, Skibbereen, Co. Cork",750, Co. Cork
"68. Harbour Heights, Passage West, Co. Cork",1450, Co. Cork
"69. 2 The Belfry, John O\'Connell Street, Cobh, Co. Co, Cobh, Co. Cork",1150, Co. Cork
"70. Woodhill, Tivoli, Co. Cork",1300, Co. Cork
"71. Baldwin Street, Mitchelstown, Co. Cork",925, Co. Cork
"72. main street ballineen, Ballineen, Co. Cork",540, Co. Cork
"73. 3 Westside, Fairgreen, New Road, Mallow, Co. Cork",850, Co. Cork
"74. 3 The Malthouse, Kinsale, Co. Cork",1200, Co. Cork
"75. 59 MacCurtain Street, Cork City, Co. Cork",3400, Co. Cork
"76. 3A college court Clonakilty, Clonakilty, Co. Cork",600, Co. Cork
"77. Flat, spy hill, Cobh, Co. Cork",1100, Co. Cork
"78. No. 21 Beechwood mews, Cluain ard, Cobh, Co. Cork",1200, Co. Cork
"79. Apartment 4 Bishops Island, Watergrasshill, Co. Cork",1000, Co. Cork
"80. Hop Island, Rochestown, Co. Cork",1200, Co. Cork
"81. North St., Skibbereen, Co. Cork",700, Co. Cork
"82. Mayfield Business Park, Mayfield, Co. Cork",2000, Co. Cork
"83. Midleton, Dungourney, Co. Cork",700, Co. Cork
"84. Brigown, Mitchelstown, Co. Cork",625, Co. Cork
"85. caheragh, Caheragh, , Co. Cork",650, Co. Cork
"86. Black Quay, Hollyhill, Kinsale, Co. Cork",1165, Co. Cork
"87. Cappyaughna, Glengarriff, Co. Cork",700, Co. Cork
"1. Main Street, Ballyshannon, Co. Donegal",520, Co. Donegal
"2. The Maples, Lismonaghan, Letterkenny, Co. Donegal",565, Co. Donegal
"3. Apt 24 Glenveagh Court, Letterkenny, Co. Donegal",800, Co. Donegal
"4. 32 Burnside Park, Letterkenny, Co. Donegal",560, Co. Donegal
"5. 8 Court Apartment, Banks Lane, Letterkenny, Co. Donegal",900, Co. Donegal
"6. 2 Railway Court, Pearse Road, Letterkenny, Co. Donegal",650, Co. Donegal
"7. 21 Quayside Apartments, Ramelton, Co. Donegal",850, Co. Donegal
"8. 1a New Line Court, Letterkenny, Co. Donegal",475, Co. Donegal
"9. 18 The Fort, Greencastle, Co. Donegal",750, Co. Donegal
"10. 49 Grand Central Apartments, Letterkenny, Co. Donegal",650, Co. Donegal
"11. Trentaboy, Drumkeen, Co. Donegal",600, Co. Donegal
"12. Apt 3 William Street, Raphoe, Co. Donegal",320, Co. Donegal
"13. 89a The Green Thornberry, Kilmacrennan Rd, Letterkenny, Co. Donegal",650, Co. Donegal
"14. Riverside View, Letterkenny, Co. Donegal",440, Co. Donegal
"15. Mill Park Apartments, Donegal Town, Co. Donegal",700, Co. Donegal
"16. 31 Cill Greine, Letterkenny, Co. Donegal",650, Co. Donegal
"17. Tir Chonaill Street, Ballyshannon, Co. Donegal",500, Co. Donegal
"18. riverside, Letterkenny, Co. Donegal",520, Co. Donegal
"19. Loughnagin Ramelton Road, Letterkenny, Co. Donegal",600, Co. Donegal
"20. 53 Riverside View Apartments, Pearse Road, Letterkenny, Co. Donegal",400, Co. Donegal
"21. Westside Apartments, Letterkenny, Co. Donegal",520, Co. Donegal
"22. Lifford Court Apartments, Lifford, Co. Donegal",440, Co. Donegal
"23. Ardmore Court, Upper Main Street, Ballyshannon, Co. Donegal",550, Co. Donegal
"24. 1 Bakers Court, Ballyshannon, Co. Donegal",550, Co. Donegal
"25. Riverfront House, Letterkenny, Co. Donegal",620, Co. Donegal
"26. 8 Grand central Apartments, Canal Road, Letterkenny, Co. Donegal",700, Co. Donegal
"27. Apt 1, Slieve League View, Carrick, Co. Donegal",450, Co. Donegal
"28. Madavagh, Lettermacaward, Co. Donegal",395, Co. Donegal
"29. Magheraclogher, Bunbeg, Co. Donegal",460, Co. Donegal
"1. 7 Carlinn's Cove, Rostrevor, Co. Down",700799, Co. Down
"1. OCallaghan Court, Grand Canal Dock, Dublin 2",2250, Dublin 2
"2. Cathedral Court, Dublin 2",3750, Dublin 2
"3. Cathedral Court, Dublin 2",2800, Dublin 2
"4. Cathedral Court, Dublin 2",2250, Dublin 2
"5. Number 1 Ballsbridge Shelbourne Road, Ballsbridge, Dublin 4",5500, Dublin 4
"6. Sweepstakes, Ballsbridge, Dublin 4",3120, Dublin 4
"7. Northbank Apartment, Castleforbes Road, Dublin 1",2800, Dublin 1
"8. Northbank, Castleforbes Road, Dublin 1",1950, Dublin 1
"9. Northbank Apartments, Castleforbes Road, Dublin 1",2350, Dublin 1
"10. The Tramyard, Inchicore, Dublin 8",1750, Dublin 8
"11. Smithfield Market - 16E, Smithfield, Dublin 7",2700, Dublin 7
"12. De Vesci Court, Monkstown, Co. Dublin",2600, Co. Dublin
"13. Number 1 Ballsbridge Shelbourne Road, Ballsbridge, Dublin 4",6000, Dublin 4
"14. Number 1 Ballsbridge Shelbourne Road, Ballsbridge, Dublin 4",5000, Dublin 4
"15. Number 1 Ballsbridge Shelbourne Road, Ballsbridge, Dublin 4",3850, Dublin 4
"16. Number 1 Ballsbridge Shelbourne Road, Ballsbridge, Dublin 4",19000, Dublin 4
"17. Robin Hill Sandyford Road Sandyford, Sandyford, Dublin 18",2400, Dublin 18
"18. Merrion Street, Dublin 2",8850, Dublin 2
"19. 532 The Maple,Beacon South Quarter, Sandyford, Dublin 18",2300, Dublin 18
"20. 145 147 Waterfall Court, Apt 15, Waterfall Avenue, Drumcondra, Dublin 3",1911, Dublin 3
"21. Longford House Spencer Dock, Dublin 1",2700, Dublin 1
"22. The Grange, Brewery Road, Stillorgan, Co. Dublin",1950, Co. Dublin
"23. Sir John Rogerson's Quay, Grand Canal Dock, Dublin 2",3300, Dublin 2
"24. Vantage by Kennedy Wilson, Central Park, Leopardstown, Dublin 18",2939, Dublin 18
"25. Vantage by Kennedy Wilson, Central Park, Leopardst, Leopardstown, Dublin 18",2500, Dublin 18
"26. 13 Adelaide Road, Dublin 2",3200, Dublin 2
"27. Shelbourne Road Apartments, Ballsbridge, Dublin 4",3600, Dublin 4
"28. Adelaide Square, Dublin 2",3400, Dublin 2
"29. 24-25 Pearse Square, Grand Canal Dock, Dublin 2",2600, Dublin 2
"30. Templeogue rd, Dublin 4",2200, Dublin 4
"31. 82 Trimbleston, Goatstown Rd, Dublin 14, Goatstown, Dublin 14",2200, Dublin 14
"32. Booterstown Wood, Booterstown Avenue, Booterstown, Co. Dublin",2541, Co. Dublin
"33. The Newman, The Court, Killiney, Killiney, Co. Dublin",3000, Co. Dublin
"34. Roebuck Hill, Clonskeagh, Dublin 14",2000, Dublin 14
"35. Grosvenor Square, Rathmines, Dublin 6",1900, Dublin 6
"36. Richmond Hall, Mount St Annes, Milltown, Dublin 6",2500, Dublin 6
"37. Millrace Court, Phoenix Park Racecourse, Castleknock, Dublin 15",1768, Dublin 15
"38. Saint Augustine Court, Christchurch, Dublin 8",1900, Dublin 8
"39. Baggot Court Apartments, Baggot Court, Dublin 2",3200, Dublin 2
"40. East Courtyard, Tullyvale, Cabinteely, Dublin 18",3000, Dublin 18
"41. Shrewsbury Park, Ballsbridge, Dublin 4",2600, Dublin 4
"42. Hollybrook, Foxrock, Dublin 18",3500, Dublin 18
"43. West Court Yard, Cabinteely, Dublin 18",2500, Dublin 18
"44. Apartment 13 ,Pavilion II, Marine Road, Dun Laoghaire, Co. Dublin",2695, Co. Dublin
"45. gardiner place, Dublin 1",1600, Dublin 1
"46. Apt 22 Belarmine Square, Stepaside, Dublin 18",1800, Dublin 18
"47. Newtownsmith, Sandycove, Co. Dublin",2600, Co. Dublin
"48. 9 Brennanstown Ave, Cabinteely, Dublin 18",1950, Dublin 18
"49. 1 The Friary Cecilia's Street, Temple Bar, Dublin 2",4000, Dublin 2
"50. Warrington Place, Dublin 2",3950, Dublin 2
"51. 1A Dartmouth Place, Ranelagh, Dublin 6",1950, Dublin 6
"52. Apt. 2, 191 Clonliffe Road, Drumcondra, Dublin 3",1500, Dublin 3
"53. Inglenook Wood, Carrickmines, Dublin 18",2500, Dublin 18
"54. Aungier St, Dublin 2",1920, Dublin 2
"55. 89 Milltown Hall, Mount Saint Annes, Milltown, Dublin 6",1875, Dublin 6
"56. 218 south circular road, South Circular Road, Dublin 8",1500, Dublin 8
"57. Thomastown House, Spencer Dock, Dublin 1",2200, Dublin 1
"58. Westfield, Sion Hill, Blackrock, Co. Dublin",1895, Co. Dublin
"59. Baggoth Rath, Newbridge Avenue, Ballsbridge, Dublin 4",4200, Dublin 4
"60. Windmilll Lane, Dublin 2",2400, Dublin 2
"61. Herbert Park Lane, Ballsbridge, Dublin 4",2500, Dublin 4
"62. Apartment 134 Seamount, Blackrock, Co. Dublin",1950, Co. Dublin
"63. 149 Rathgar road, Rathmines Dublin 6, Rathmines, Dublin 6",1585, Dublin 6
"64. Off Parliament Street, Temple Bar, Dublin 2",2250, Dublin 2
"65. 37 St Anns, Ailesbury Road, Donnybrook, Dublin 4",4500, Dublin 4
"66. 211 The Gates, Beacon South Quarter, Sandyford, Dublin 18",1978, Dublin 18
"67. 124 Capel st, Dublin 1",2500, Dublin 1
"68. Greenlea Place, Terenure, Dublin 6w",1900, Dublin 6w
"69. Grand Canal Square, Dublin 2",3200, Dublin 2
"70. grand canal dock, Dublin 2",3560, Dublin 2
"71. 24 Milltown Hall, Mt St Annes, Milltown, Dublin 6",2500, Dublin 6
"72. 53 Millrace Road, Castleknock, Dublin 15",3000, Dublin 15
"73. 41 Arran Quay, Dublin 7",2000, Dublin 7
"74. Alexandra Walk, Dublin 2",3720, Dublin 2
"75. Bowbridge Place, Kilmainham, Dublin 8",2600, Dublin 8
"76. Patrick Street Street, Christchurch, Dublin 8",2600, Dublin 8
"77. Castlepark Road Dalkey, Co. Dublin, Dalkey, Co. Dublin",5250, Co. Dublin
"78. 170 Beechwood Court, Stillorgan, Co. Dublin",3500, Co. Dublin
"79. 82 Lower Beechwood Avenue, Ranelagh, Dublin 6",2000, Dublin 6
"80. Beechwood Avenue Lower, Ranelagh, Dublin 6",2500, Dublin 6
"81. 23 Bellevue, Block B, Islandbridge, Dublin 8",1950, Dublin 8
"82. Acorn House, Seven Oaks, Rathmines, Dublin 6",1400, Dublin 6
"83. Greeg Court Parnell Street, Dublin 1",3000, Dublin 1
"84. Millrace Court, Vergemount Road, Clonskeagh, Ranelagh, Dublin 6",2400, Dublin 6
"85. Millrace Court, Vergemount Road, Clonskeagh, Ranelagh, Dublin 6",3600, Dublin 6
"86. The Weir, 59 Orwell Park, Rathgar, Dublin 6",2950, Dublin 6
"87. St James Court, Mount Brown, St James Street, Kilmainham, Dublin 8",1400, Dublin 8
"88. Kinsella Hall, Collegewood, Castleknock, Dublin 15",1800, Dublin 15
"89. Jervis Place Apartments, Dublin 1",2400, Dublin 1
"90. Effra Road, Ranelagh, Dublin 6",3000, Dublin 6
"91. The Cubes 3, Beacon South Quarter, Sandyford, Dublin 18",2300, Dublin 18
"92. Howth Road, Killester, Dublin 3",1500, Dublin 3
"93. Charlotte Apartments, Dun Laoghaire, Co. Dublin",2700, Co. Dublin
"94. dorset street, Dublin 1",2400, Dublin 1
"95. 15 Tandy Court Spittenfield Francis Street, Dublin 8",2300, Dublin 8
"96. Coolamber Park, Knocklyon, Dublin 16",1080, Dublin 16
"97. Apartment, Donnybrook Castle, Donnybrook, Dublin 4",3000, Dublin 4
"98. Ivy Exchange, Parnell Sq, Dublin 1",2500, Dublin 1
"99. 45 Parnell Sq West Dublin, Dublin 1",2760, Dublin 1
"100. Killiney Hill Park Apartments, Killiney, Co. Dublin",1500, Co. Dublin
"101. 48 The waxworks, Ashtown, Dublin 15",1400, Dublin 15
"102. Alexandra Walk, Dublin 2",3200, Dublin 2
"103. Adelaide Square, Dublin 2",2820, Dublin 2
"104. Barrow Street, Ballsbridge, Dublin 4",2200, Dublin 4
"105. Mobhi Court, Corporate Letting, Short term, Drumcondra, Dublin 9",2200, Dublin 9
"106. Apartment 1, 1 Smithfield Terrace, Smithfield Squa, Smithfield, Dublin 7",2500, Dublin 7
"107. Parkview, Stepaside, Dublin 18",1700, Dublin 18
"108. 27 Bushy Park House Templeogue, Templeogue, Dublin 6w",2200, Dublin 6w
"109. Alexandra College, Milltown, Dublin 6",750, Dublin 6
"110. St Raphaela's Road, Off Upper Kilmacud Road, Stillorgan, Co. Dublin",2100, Co. Dublin
"111. Olcovar, Shankill, Dublin 18",1500, Dublin 18
"112. 83 St Mary's Lane, Ballsbridge, Dublin 4",2600, Dublin 4
"113. Waterville Terrace, Blanchardstown, Dublin 15",1650, Dublin 15
"114. Woodlawn Avenue, Santry, Santry, Dublin 9",1400, Dublin 9
"115. Granitfield Manor, Rochestown Avenue, Dun Laoghaire, Co. Dublin",1800, Co. Dublin
"116. Woodlawn, Santry, Dublin 9",1700, Dublin 9
"117. School House Court, Santry, Dublin 9",675, Dublin 9
"118. Northwood, Santry, Dublin 9",900, Dublin 9
"119. 30 boyd house myrtle avenue baldoyle, Baldoyle, Dublin 13",2250, Dublin 13
"120. Eustace Court, Cualanor, Dun Laoghaire, Co. Dublin",2050, Co. Dublin
"121. Jervis Park Apartments, Jervis Street, Dublin 1",2259, Dublin 1
"122. Elmfield, Ballyogan Road, Leopardstown, Dublin 18",1742, Dublin 18
"123. River Gardens Glasnevin, Glasnevin, Dublin 9",1500, Dublin 9
"124. Ranelagh Village, Ranelagh, Dublin 6",3250, Dublin 6
"125. The Edges 1, Beacon South Quater, Sandyford, Dublin 18",2200, Dublin 18
"126. Stewart Hall,Ryders Row, Parnell Street, Dublin 1",1800, Dublin 1
"127. The Holly Rockfield Apartments, Dundrum, Dublin 14",3000, Dublin 14
"128. The Oaks Rockfield Apartments, Dundrum, Dublin 14",3500, Dublin 14
"129. Cubes 6, Beacon South Quarter, Sandyford, Dublin 18",2400, Dublin 18
"130. Cubes 6, Beacon South Quarter, Sandyford, Dublin 18",2000, Dublin 18
"131. One Beacon, Beacon Hotel, Sandyford, Dublin 18",2500, Dublin 18
"132. One Beacon, Beacon Hotel, Sandyford, Dublin 18",2500, Dublin 18
"133. Roebuck Hill, Clonskeagh, Dublin 14",2500, Dublin 14
"134. Batchelors Walk Apartments, Dublin 2",2500, Dublin 2
"135. Killiney Court Apartments, Killiney, Co. Dublin",3500, Co. Dublin
"136. Milltown Hall, Mount Saint Annes, Milltown, Dublin 6",1800, Dublin 6
"137. Shandon Hall, Blackrock, Co. Dublin",2000, Co. Dublin
"138. Killiney Court Apartments, Station Road, Killiney, Co. Dublin",3500, Co. Dublin
"139. Shandon Hall, Monkstown, Co. Dublin",2000, Co. Dublin
"140. Cairnbrook Manor, Carrickmines, Dublin 18",2500, Dublin 18
"141. Killiney Court, Killiney Bay, Killiney, Co. Dublin",3500, Co. Dublin
"142. Alexandra Place, East Road, Dublin 1",2600, Dublin 1
"143. Portland Street North, Dublin 1",1400, Dublin 1
"144. Alexandra Place, East Road, East Wall, Dublin 3",2600, Dublin 3
"145. Millrace Drive Saggart, Saggart, Co. Dublin",1700, Co. Dublin
"146. Fortfield Court, Fortfield Road, Terenure, Dublin 6w",1432, Dublin 6w
"147. Clontarf Road, Clontarf, Dublin 3",4600, Dublin 3
"148. Woodleigh Ash, Rathgar, Dublin 6",1850, Dublin 6
"149. Tara Street, Dublin 2",1500, Dublin 2
"150. Pembroke Road, Dublin 2",2500, Dublin 2
"151. The Elms, Mount Merrion Avenue, Mount Merrion, Co. Dublin",1550, Co. Dublin
"152. Achill Square, Waterville, Blanchardstown, Dublin 15",1700, Dublin 15
"153. Premier Square, Finglas Road, Finglas, Dublin 11",1475, Dublin 11
"154. Francis Street, Christchurch, Dublin 8",2200, Dublin 8
"155. Clifden Court, Ellis Quay, Smithfield, Dublin 7",1498, Dublin 7
"156. Apartment 4, 88 Sandymount road, Sandymount, Dublin 4",3000, Dublin 4
"157. Clanwilliam court, Grand Canal Dock, Dublin 2",2400, Dublin 2
"158. 64 Corr Castle, Howth Road, Howth, Dublin 13",2000, Dublin 13
"159. Collins Square, Benburb Street, Dublin 7",2100, Dublin 7
"160. Brooklands, Nutley Lane, Dublin 4",2250, Dublin 4
"161. Leeson Street Upper, Dublin 4",2400, Dublin 4
"162. IFSC, The Steelworks, Foley Street, Dublin 1",2500, Dublin 1
"163. Liffey View, Dublin 2",3000, Dublin 2
"164. Gracepark Manor, Drumcondra, Dublin 9",1800, Dublin 9
"165. Clarinda Court, Dun Laoghaire, Co. Dublin",1700, Co. Dublin
"166. (3) Elmfield, Ballyogan Road, Leopardstown, Dublin 18",2425, Dublin 18
"167. Temple Hall Parnell Street, Dublin 1",1750, Dublin 1
"168. The Sweepstakes, Ballsbridge Park, Merrion Road, Ballsbridge, Dublin 4",1985, Dublin 4
"169. Fishermans Green, Malahide, Co. Dublin",1985, Co. Dublin
"170. Swords Road, Malahide, Co Dublin, Malahide, Co. Dublin",1800, Co. Dublin
"171. The Lansdowne Block, Pembroke Square, Grand Canal Dock, Dublin 4",2000, Dublin 4
"172. Hatch place, Dublin 2",1800, Dublin 2
"173. Courtney House Appian Way, Dublin 4",1700, Dublin 4
"174. 29 howth rd, Clontarf, Dublin 3",3400, Dublin 3
"175. Pembroke Road, Ballsbridge, Dublin 4",2500, Dublin 4
"176. Boyne House, Custom House Square, IFSC, Dublin 1",1950, Dublin 1
"177. Cityside, Meakstown, Finglas, Dublin 11",1425, Dublin 11
"178. Farmhill Road, Clonskeagh, Dublin 14",1800, Dublin 14
"179. The Innings, Rathmines, Dublin 6",1850, Dublin 6
"180. Belfield Court, Stillorgan Road, Donnybrook, Dubli, Dublin 4",2000, Dublin 4
"181. Belfield Court, Stillorgan Road, Donnybrook, Dubli, Dublin 4",2000, Dublin 4
"182. Palace Gardens, Exchange Court, Dame St, Dublin 2",2000, Dublin 2
"183. Seabury, Sandymount, Dublin 4",2400, Dublin 4
"184. Orwell Hall, Marianella, Rathgar, Dublin 6",2350, Dublin 6
"185. Stanford, Harlech Grove, Clonskeagh, Dublin 14",2700, Dublin 14
"186. Lighthouse apartments, church road, East Wall, Dublin 3",1600, Dublin 3
"187. Rathmines Road Upper, Rathmines, Dublin 6",2100, Dublin 6
"188. Rathmines Road Upper, Rathmines, Dublin 6",1900, Dublin 6
"189. 29 The Meadows, Clonsilla, Clonsilla, Dublin 15",1088, Dublin 15
"190. Phibblestown House, Clonee, Dublin 15",1800, Dublin 15
"191. Kings Court, Parnell Street, Dublin 1",1950, Dublin 1
"192. Windmill Lane, Dublin 2",2400, Dublin 2
"193. The Schooner, Arran Quay, Dublin 7",1850, Dublin 7
"194. Alexandra Walk, Dublin 2",2920, Dublin 2
"195. Canon Hall, Dublin 1",2200, Dublin 1
"196. The Penthouses at Custom House Square, Dublin 1",4000, Dublin 1
"197. Willbrook House, Northbrook Ave, Ranelagh, Dublin 6",1800, Dublin 6
"198. Apt. 23 Windmill Lodge, Crumlin, Dublin 12",1312, Dublin 12
"199. Rathmines Road, Rathmines, Dublin 6",1248, Dublin 6
"200. Cork St, Dublin 8",1350, Dublin 8
"201. 5 Dunville Court, Rathmines, Dublin 6",1600, Dublin 6
"202. The Distillery, Drumcondra, Dublin 3",1450, Dublin 3
"203. Apt 170 Rockview, Blackglen Road, Sandyford, Dublin 18",1800, Dublin 18
"204. Ardoyne House, Pembroke Park, Ballsbridge, Dublin 4",3200, Dublin 4
"205. Richmond Avenue, Fairview, Dublin 3",1600, Dublin 3
"206. Cremorne, Greenmount Road Terenure, Terenure, Dublin 6",1365, Dublin 6
"207. Hazelwood Court, Artane, Dublin 5",2100, Dublin 5
"208. Pembroke Square, Grand Canal Street Upper, Grand C, Ballsbridge, Dublin 4",3300, Dublin 4
"209. Carrigmore Crescent, Citywest, Co. Dublin",1250, Co. Dublin
"210. Highfield Road, Rathgar, Rathgar, Dublin 6",2000, Dublin 6
"211. The Links, Portmarnock, Co. Dublin",1300, Co. Dublin
"212. Knocknagow, greenville road, Blackrock, Co. Dublin",1800, Co. Dublin
"213. Mount Merrion Avenue, Blackrock, Blackrock, Co. Dublin",1900, Co. Dublin
"214. Clancy Quay Phase Two by Kennedy Wilson, Dublin 8",2200, Dublin 8
"215. Clancy Quay by Kennedy Wilson, Dublin 8",1900, Dublin 8
"216. Clancy Quay by Kennedy Wilson, Islandbridge, Dublin 8",2800, Dublin 8
"217. Clancy Quay by Kennedy Wilson, Dublin 8",1700, Dublin 8
"218. Clancy Quay, Phase Two by Kennedy WIlson, Islandbridge, Dublin 8",2200, Dublin 8
"219. Clancy Quay, Phase Two by Kennedy Wilson, Islandbridge, Dublin 8",2650, Dublin 8
"220. Clancy Quay Phase Two by Kennedy Wilson, Dublin 8",2000, Dublin 8
"221. Charlestown Place, Finglas, Dublin 11",1540, Dublin 11
"222. Westend Village, Blanchardstown, Dublin 15",1500, Dublin 15
"223. Hampton Square, Navan Road (D7), Dublin 7",1400, Dublin 7
"224. rathfarnham castle, Rathfarnham, Dublin 14",1800, Dublin 14
"225. 51 Leeson Street Upper - 1, Dublin 4",2700, Dublin 4
"226. 51 Leeson Street Upper - 1, Dublin 4",2000, Dublin 4
"227. Apartment 3, 540 North Circular Road, North Circular Road, Dublin 1",1870, Dublin 1
"228. Stocking Wood Copse, Stocking Wood, Rathfarnham, Dublin 16",1437, Dublin 16
"229. Roebuck Lawn, Clonskeagh, Dublin 14",1575, Dublin 14
"230. Cranford Court, Donnybrook, Dublin 4",1500, Dublin 4
"231. Blackhall Square, Smithfield, Smithfield, Dublin 7",1850, Dublin 7
"232. Hawthorn, Bird Avenue, Clonskeagh, Dublin 14",2750, Dublin 14
"233. Ashwood house, mount street, Dublin 2, Grand Canal Dock, Dublin 2",2600, Dublin 2
"234. 20, The Hibernian, Barrow Street, Dublin 4",2700, Dublin 4
"235. Barnwall Court, Balbriggan, Co. Dublin",1450, Co. Dublin
"236. Castle Lawn, Kilgobbin Wood, Leopardstown, Dublin 18",2290, Dublin 18
"237. Wyckham Point, Wyckham Point, Dundrum, Dublin 14",2150, Dublin 14
"238. 75 Duplex Shieling Square, Raheny, Dublin 5",3200, Dublin 5
"239. Laurel, Hazeldene, Ballsbridge, Dublin 4",2500, Dublin 4
"240. Ros Mor View, Knocklyon, Dublin 16",1800, Dublin 16
"241. Shieling Square, Raheny, Dublin 5",2450, Dublin 5
"242. The Links, Elm Park, Merrion Road, Dublin 4",2250, Dublin 4
"243. Parnell Street, Dublin 1",2550, Dublin 1
"244. Cabra Park, Dublin 7",2380, Dublin 7
"245. Clarion Quay, IFSC, Dublin 1",3360, Dublin 1
"246. College Gate, Dublin 2",3350, Dublin 2
"247. Auburn Park, Castleknock, Dublin 15",2940, Dublin 15
"248. Grafton Street, Dublin 2",3960, Dublin 2
"249. Parnell Street, Dublin 1",3490, Dublin 1
"250. Townsend Street, Dublin 2",3300, Dublin 2
"251. Windmill Lane, Dublin 2",3150, Dublin 2
"252. Mayor Street Lower, IFSC, Dublin 1",3500, Dublin 1
"253. Parnell Street, Dublin 1",3900, Dublin 1
"254. Charlotte Quay, Grand Canal Dock, Dublin 2",3100, Dublin 2
"255. Grand Canal Waterside Apartments, Grand Canal Dock, Dublin 2",5180, Dublin 2
"256. Benson Street, Grand Canal Dock, Dublin 2",3150, Dublin 2
"257. Hanover Quay, Grand Canal Dock, Dublin 2",3560, Dublin 2
"258. Burlington Road, Ballsbridge, Dublin 4",3000, Dublin 4
"259. Tara Street, Dublin 2",3080, Dublin 2
"260. Northumberland, Ballsbridge, Dublin 4",2940, Dublin 4
"261. 208 The links, Elm Park, Merrion, Dublin 4",2300, Dublin 4
"262. The Waxworks, Ashtown, Dublin 7",1700, Dublin 7
"263. Shelbourne Plaza, Ringsend Road, Dublin 4",2120, Dublin 4
"264. Adelaide Square, Dublin 2",3380, Dublin 2
"265. Adelaide Square, Dublin 2",2680, Dublin 2
"266. Richmond Street South, Portobello, Dublin 8",1600, Dublin 8
"267. South Circular Road, Dublin 8",1900, Dublin 8
"268. Madison Court, Grattan Street, Dublin 2",2200, Dublin 2
"269. Clanwilliam Court, Grand Canal Dock, Dublin 2",2200, Dublin 2
"270. Saint James Walk, Dublin 8",2200, Dublin 8
"271. Goatstown Road, Clonskeagh, Dublin 14",1800, Dublin 14
"272. The Crescent Building, Park West, Dublin 12",1800, Dublin 12
"273. Charles Street Great, Dublin 1",1500, Dublin 1
"274. Castle Street, Dublin 2",1950, Dublin 2
"275. Hanover Quay, The Waterfront, Grand Canal Dock, Dublin 2",4800, Dublin 2
"276. The Dickens, The Gasworks, Barrow Street, Grand Canal Dock, Dublin 4",3810, Dublin 4
"277. The Poolbeg, The Gasworks, Barrow Street, Grand Canal Dock, Dublin 4",3600, Dublin 4
"278. The Cedars, Herbert Park Lane, Ballsbridge, Dublin 4",3600, Dublin 4
"279. Warrington Place, Dublin 2, Ballsbridge, Dublin 4",3600, Dublin 4
"280. The Argyle, Custom House Quay, IFSC, Dublin 1",3600, Dublin 1
"281. William Bligh, The Gasworks, Barrow Street, Grand Canal Dock, Dublin 4",3400, Dublin 4
"282. The Sweepstakes, Ballsbridge, Ballsbridge, Dublin 4",3640, Dublin 4
"283. William Bligh, The Gasworks, Barrow Street, Grand Canal Dock, Dublin 4",3600, Dublin 4
"284. The Hibernian,The Gasworks, Barrow Street, Ringsend, Dublin 4",3390, Dublin 4
"285. The Pines, Herbert Park Lane, Ballsbridge, Dublin 4",2700, Dublin 4
"286. Hanover Riverside, Sir Rogerson's Quay, Dublin 2, Grand Canal Dock, Dublin 2",3810, Dublin 2
"287. Longboat Quay, Sir Rogeron\'s Quay, Grand Canal Dock, Dublin 2",4200, Dublin 2
"288. The Hibernian,The Gasworks, Barrow Street, Grand Canal Dock, Dublin 4",3600, Dublin 4
"289. The Hibernian,The Gasworks, Barrow Street, Grand Canal Dock, Dublin 4",3810, Dublin 4
"290. Upper Leeson Street, Dublin 4",3800, Dublin 4
"291. Gallery Quay, Grand Canal Quay, Grand Canal Dock, Dublin 2",4500, Dublin 2
"292. The Cedars, Herbert Park Lane, Ballsbridge, Dublin 4",3600, Dublin 4
"293. William Bligh, The Gasworks, Barrow Street, Grand Canal Dock, Dublin 4",3400, Dublin 4
"294. The Hibernian,The Gasworks, Barrow Street, Grand Canal Dock, Dublin 4",3390, Dublin 4
"295. The Alliance, The Gasworks, South Lotts Road, Ballsbridge, Dublin 4",4500, Dublin 4
"296. The Poolbeg, The Gasworks, Barrow Street, Grand Canal Dock, Dublin 4",3810, Dublin 4
"297. The Clayton, The Gasworks, Barrow Street, Ballsbridge, Dublin 4",3390, Dublin 4
"298. The Hibernian,The Gasworks, Barrow Street, Grand Canal Dock, Dublin 4",3390, Dublin 4
"299. Osborne Court, Seapoint Avenue, Blackrock, Blackrock, Co. Dublin",2206, Co. Dublin
"300. The Cedars, Herbert Park Lane, Ballsbridge, Dublin 4",3600, Dublin 4
"301. The Cedars, Herbert Park Lane, Ballsbridge, Dublin 4",3600, Dublin 4
"302. Herbert Park Lane, The Pines, Ballsbridge, Dublin 4",3600, Dublin 4
"303. 25 Upper Pembroke Street, Dublin 2",3400, Dublin 2
"304. 25 Upper Pembroke Street, Dublin 2",3500, Dublin 2
"305. Castlepark Residence, Dalkey, Co. Dublin",1700, Co. Dublin
"306. Castleland Court, Balbriggan, Balbriggan, Co. Dublin",1200, Co. Dublin
"307. Saddlers Place, Ardee Road, Rathmines, Dublin 6",1700, Dublin 6
"308. Beacon Cubes 8, Sandyford, Dublin 18",2100, Dublin 18
"309. Stocking Wood Hall, Rathfarnham, Dublin 16",1716, Dublin 16
"310. Mountbrook, Booterstown, Co. Dublin",2300, Co. Dublin
"311. 235 Marina Village Malahide, Malahide, Co. Dublin",1450, Co. Dublin
"312. Cedarbrook Walk, Cherry Orchard, Dublin 10",1400, Dublin 10
"313. St Andrews Court, Lucan, Co. Dublin",1300, Co. Dublin
"314. Cedarbrook Avenue, Park West, Dublin 12",1875, Dublin 12
"315. Castledawson, Sion Hill, Rock Road, Blackrock, Co. Dublin",1750, Co. Dublin
"316. Gleann Na Ri, Cabinteely, Dublin 18",1650, Dublin 18
"317. Northbrook Avenue, Ranelagh, Dublin 6",2000, Dublin 6
"318. Alexandra Walk, Off South Great George's Street, Dublin 2",2600, Dublin 2
"319. The Aston Building, Aston Quay, Dublin 2",3360, Dublin 2
"320. Alto Vetro, Grand Canal Square, Dublin 2",3560, Dublin 2
"321. Grand Canal Dock, Grand Canal Square, Dublin 2",3560, Dublin 2
"322. Beacon South Quarter, Sandyford, Dublin 18",3196, Dublin 18
"323. Beacon South Quarter, Sandyford, Dublin 18",2796, Dublin 18
"324. Grand Canal Dock, Grand Canal Square, Dublin 2",3560, Dublin 2
"325. Alexandra Walk, Off South Great Georges Street, Dublin 2",3360, Dublin 2
"326. The Aston Building, Aston Quay, Dublin 2",3600, Dublin 2
"327. Alto Vetro, Grand Canal Square, Dublin 2",3560, Dublin 2
"328. Hanover Dock, Grand Canal Square, Dublin 2",4400, Dublin 2
"329. Hanover Dock, Hanover Quay, Dublin 2",3800, Dublin 2
"330. Alexandra Walk, Whitefriar Street, Dublin 8",3360, Dublin 8
"331. Shelbourne Road, Ballsbridge, Dublin 4",3880, Dublin 4
"332. Hanover Dock, Hanover Quay, Dublin 2",4400, Dublin 2
"333. Hanover Dock, Grand Canal Square, Dublin 2",3800, Dublin 2
"334. Shelbourne Road, Ballsbridge, Dublin 4",4800, Dublin 4
"335. Castleway, Off South Great George's Street, Dublin 2",3680, Dublin 2
"336. Castleway, Golden Lane, Dublin 8",3680, Dublin 8
"337. The Aston Building, Aston Quay, Dublin 2",3360, Dublin 2
"338. The Aston Building, Aston Quay, Dublin 2",3600, Dublin 2
"339. Castleway, Off South Great George's Street, Dublin 2",3360, Dublin 2
"340. Castleway, Golden Lane, Dublin 8",3360, Dublin 8
"341. Alexandra Walk, Whitefriar Street, Dublin 8",2600, Dublin 8
"342. 36 Thornwood Booterstown, Blackrock, Co. Dublin",2500, Co. Dublin
"343. Nerano Road, Dalkey, Co. Dublin",1750, Co. Dublin
"344. Greenfield Manor, beside RTE & UCD, Donnybrook, Dublin 4",2995, Dublin 4
"345. Braemor Road, Churchtown, Dublin 14",2000, Dublin 14
"346. Sandyford view - beside parade of local shops, Sandyford, Dublin 18",2000, Dublin 18
"347. Riverbank, Churchtown, Dublin 14",2000, Dublin 14
"348. Greenville Court, Stradbrook Road, Blackrock, Co. Dublin",1850, Co. Dublin
"349. 2 Grove House, Grove Road, Rathmines, Dublin 6",2300, Dublin 6
"350. Gandon Close, Harold's Cross, Dublin 6",1385, Dublin 6
"351. St Annes, Ailesbury Road, Donnybrook, Dublin 4",2020, Dublin 4
"352. Greenlea Place, Terenure Road West, Terenure, Dublin 6w",1450, Dublin 6w
"353. Gratton Wood, Clongriffin, Dublin 13",1200, Dublin 13
"354. The View, Carrickmines Manor, Carrickmines, Dublin 18",2000, Dublin 18
"355. Dunstaffnage, Stillorgan, Co. Dublin",1664, Co. Dublin
"356. Fitzwilliam Place, Dublin 2",3000, Dublin 2
"357. Francis Street, Dublin 8",2500, Dublin 8
"358. Dunluce, Anglesea Road, Ballsbridge, Dublin 4",3500, Dublin 4
"359. Bachelors Walk, Dublin 2",1500, Dublin 2
"360. Adelaide Square, Dublin 8",2300, Dublin 8
"361. Farmleigh Woods, Castleknock, Dublin 15, Castleknock, Dublin 15",2100, Dublin 15
"362. Garryknock, Bracken Park Drive, Castleknock, Dublin 15",2075, Dublin 15
"363. Chancery Lane, Dublin 8",2450, Dublin 8
"364. Garryknock, Bracken Park Drive, Castleknock, Dublin 15",2075, Dublin 15
"365. 25 wolfetone street dublin 1, Dublin 1",1650, Dublin 1
"366. The Hampton's, Santry Cross, Santry, Dublin 9",1664, Dublin 9
"367. rrathgar dublin 6, Rathgar, Dublin 6",1650, Dublin 6
"368. Smithfield Towers, Smithfield Market, Smithfield, Dublin 7",3900, Dublin 7
"369. Corn Exchange, Poolbeg Street, Dublin 2",2000, Dublin 2
"370. Sorrento Court, Dalkey, Co. Dublin",1935, Co. Dublin
"371. Belmayne Park North, Balgriffin, Dublin 13",1365, Dublin 13
"372. Rowan Hall, Millbrook Court, Milltown, Dublin 6",2900, Dublin 6
"373. Mayeston Court, St Margarets Road, Finglas, Dublin 11",1950, Dublin 11
"374. 28 Mountfield Park, Malahide, Co. Dublin",2000, Co. Dublin
"375. Castlecourt Apartments, Kilgobbin Woods, Sandyford, Sandyford, Dublin 18",1755, Dublin 18
"376. Cardy Rock View, Balbriggan, Co. Dublin",1400, Co. Dublin
"377. Adelaide Road, Dublin 2",2800, Dublin 2
"378. North Circular Road, Phibsborough, Dublin 7",1750, Dublin 7
"379. Adelaide Road, Dublin 2",2200, Dublin 2
"380. Annesley Bridge Road, North Strand, Fairview, Dublin 3",1400, Dublin 3
"381. 27 Kingram Place, Dublin 2",1700, Dublin 2
"382. Eustace Court, Dun Laoghaire, Co Dublin, Dun Laoghaire, Co. Dublin",2500, Co. Dublin
"383. Riverbank Hall, Addison Park, Glasnevin, Dublin 11",1700, Dublin 11
"384. The Distillery, Distillery Road, Drumcondra, Dublin 3",1750, Dublin 3
"385. Riverstown House, Spencer Dock, IFSC, Dublin 1",2200, Dublin 1
"386. Achill House, Custom House Square, IFSC, Dublin 1",1850, Dublin 1
"387. Shelbourne Hall, Shelbourne Road, Ballsbridge, Dublin 4",3450, Dublin 4
"388. Shelbourne Hall, Ballsbridge, Dublin 4",2300, Dublin 4
"389. Shelbourne Court, Ballsbridge, Dublin 4",3200, Dublin 4
"390. Shelbourne Road Apartments, Ballsbridge, Dublin 4",2500, Dublin 4
"391. Shelbourne Road Apartments, Shelbourne Road, Ballsbridge, Dublin 4",4450, Dublin 4
"392. Robin Hill, Dundrum, Dublin 16",2600, Dublin 16
"393. Brook House, Corrig Avenue, Dun Laoghaire, Co. Dublin",2700, Co. Dublin
"394. Frankfort Avenue, Rathgar, Dublin 6",1995, Dublin 6
"395. Cubes 6, Beacon South Quarter, Sandyford, Sandyford, Dublin 18",2000, Dublin 18
"396. Cubes 2, Beacon South Quarter, Sandyford, Dublin 18",1650, Dublin 18
"397. Robin Hill, Dundrum, Dublin 16",2400, Dublin 16
"398. Skyview, Sorrento Road, Dalkey, Co. Dublin",3000, Co. Dublin
"399. The Elms, Abberley, Shanganagh Road, Killiney, Co. Dublin",2000, Co. Dublin
"400. The Rectory, Stepaside, Dublin 18",1850, Dublin 18
"401. Baggot Rath House, Newbridge Ave, Ballsbridge, Dublin 4",5460, Dublin 4
"402. Baggotrath House, Newbridge Ave, Ballsbridge, Dublin 4",3360, Dublin 4
"403. Blackthorn Drive, Sandyford, Dublin 18",4760, Dublin 18
"404. Sorrento Road Dalkey, Dalkey, Co. Dublin",1595, Co. Dublin
"405. Serviced Apartments in Malahide, Malahide, Co. Dublin",3360, Co. Dublin
"406. The Pines, Herbert Park Lane, Ballsbridge, Dublin 4",2700, Dublin 4
"407. Highfield Road, Rathgar, Dublin 6",1425, Dublin 6
"408. The Mews, Fortfield Square, Terenure, Dublin 6w",1800, Dublin 6w
"409. Hanover Court, Francis Street, Dublin 8",1927, Dublin 8
"410. Bushy Park House, Templeogue Road, Terenure, Dublin 6w",2600, Dublin 6w
"411. Bushy Park House, Terenure, Dublin 6w",2050, Dublin 6w
"412. 17 Millrace Court, Phoenix Park Racecourse, Castleknock, Dublin 15",1400, Dublin 15
"413. The Amber The Grange Brewery Road, Blackrock, Co. Dublin",3780, Co. Dublin
"414. Baggot Rath Penthouse Apartment, Newbridge Avenue, Ballsbridge, Dublin 4",4508, Dublin 4
"415. Baggot Rath 2BS4, Newbridge Avenue, Dublin 4",4200, Dublin 4
"416. The Forum, Sandyford, Dublin 18",3220, Dublin 18
"417. Baggot Rath 3BS5, Newbridge Avenue, Ballsbridge, Dublin 4",4620, Dublin 4
"418. Greenacre, Westmanstown, Lucan, Co. Dublin",1800, Co. Dublin
"419. Aikens Village, Sandyford, Dublin 18",2800, Dublin 18
"420. The Cubes 3 Floor 4 Beacon South Quarter, Sandyford, Dublin 18",3920, Dublin 18
"421. Galloping Green Stillorgan Co Dublin, Stillorgan, Co. Dublin",5600, Co. Dublin
"422. Ridge Hall Ballybrack, Glenageary, Co. Dublin",5600, Co. Dublin
"423. Adelphi House, Dun Laoghaire, Co. Dublin",3600, Co. Dublin
"424. Ferncourt, Stepaside, Dublin 18",3360, Dublin 18
"425. Grande Central, Sandyford, Dublin 18",3220, Dublin 18
"426. Milners Square, Santry, Dublin 9",1700, Dublin 9
"427. The Pines, Herbert Park Lane, Ballsbridge, Dublin 4",4000, Dublin 4
"428. The Pines, Herbert Park Lane, Ballsbridge, Dublin 4",3500, Dublin 4
"429. Eastmoreland Court, Ballsbridge, Dublin 4",2500, Dublin 4
"430. 87 The Willow, Charleville Square, Rathfarnham, Dublin 14",2000, Dublin 14
"431. Merrion Court, Sydney Parade Avenue, Ballsbridge, Sandymount, Dublin 4",2288, Dublin 4
"432. The Ash, Parkview, Stepaside, Dublin 18",1550, Dublin 18
"433. Wellington Court, Whitehall Road West, Perrystown, Dublin 12",1300, Dublin 12
"434. Kiltipper Gate, Tallaght, Dublin 24",1800, Dublin 24
"435. Holywell avenue, Swords, Co. Dublin",1250, Co. Dublin
"436. Venetian Hall, Killester, Dublin 5",1750, Dublin 5
"437. Hanover Quarter, Hanover Quay, off Asgard Road, Grand Canal Dock, Dublin 2",3500, Dublin 2
"438. Carrickmines, Carrickmines, Dublin 18",1850, Dublin 18
"439. Belgrave Square East, Ranelagh, Dublin 6",2500, Dublin 6
"440. Blackhall Square, Smithfield, Dublin 7",2000, Dublin 7
"441. Blackhall Square, Smithfield, Dublin 7",2000, Dublin 7
"442. Baileys court, Baileys Row, Dublin 1",2000, Dublin 1
"443. Lanesborough Mews, Finglas, Dublin 11",1300, Dublin 11
"444. Kilmainham Square, Kilmainham, Dublin 8",1950, Dublin 8
"445. Raleigh Square, Crumlin, Dublin 12",1400, Dublin 12
"446. Rivervale, Ashtown, Dublin 15",1700, Dublin 15
"447. Whatley Hall, Archers Wood, Clonee, Dublin 15",1600, Dublin 15
"448. Lanesborough Square, Finglas, Dublin 11",1800, Dublin 11
"449. Bantry Square, Waterville, Blanchardstown, Dublin 15",1700, Dublin 15
"450. Kilmore house, Spencer Dock, Dublin 1",2600, Dublin 1
"451. Penthouse Apartment, Rathborne Court, Ashtown, Dublin 15",3500, Dublin 15
"452. Kilmore house, Spencer Dock, Dublin 1",2500, Dublin 1
"453. Woodbrook, Castleknock, Dublin 15",1700, Dublin 15
"454. Hunters Run, Clonee, Dublin 15",1000, Dublin 15
"455. The Hardwicke, Smithfield, Dublin 7",1500, Dublin 7
"456. Manor Hall, Mount Brown, Kilmainham, Dublin 8",1950, Dublin 8
"457. Stewart Hall, Parnell Street, Dublin 1",2000, Dublin 1
"458. Hansted, Lucan, Co. Dublin",1850, Co. Dublin
"459. Townsend Street, Dublin 2",2100, Dublin 2
"460. Cedarbrook Avenue, Cherry Orchard, Dublin 10",1650, Dublin 10
"461. Lanesborough Square, Finglas, Dublin 11",1550, Dublin 11
"462. The Chandler, Arran Quay, Dublin 7",1500, Dublin 7
"463. Kings Court, Parnell Street, Dublin 1",1500, Dublin 1
"464. Crookshane, Rathcoole, Co. Dublin",950, Co. Dublin
"465. Greenbank House, Upper Glengeary Road, Dun Laoghaire, Co. Dublin",1800, Co. Dublin
"466. Gandon Hall, Gardiner Street, Dublin 1",1650, Dublin 1
"467. Saunders House, Spencer Dock, Dublin 1",3000, Dublin 1
"468. Mayeston Square, Finglas, Dublin 11",1550, Dublin 11
"469. Custom Hall, Gardiner Street, Dublin 1",2000, Dublin 1
"470. Penthouse,Rivervale, Ashtown, Dublin 15",3100, Dublin 15
"471. Frascati Hall, Sweetmans Avenue, Blackrock, Co. Dublin",1950, Co. Dublin
"472. Jervis Street, Dublin 1",2300, Dublin 1
"473. Lansdowne Hall, Naas Road, Bluebell, Dublin 12",1850, Dublin 12
"474. College House, Taylors Hill, Rathfarnham, Dublin 16",1700, Dublin 16
"475. Iveagh Court, Dublin 2",4200, Dublin 2
"476. Leeson Street, Dublin 2",4250, Dublin 2
"477. Grand Canal Square, Grand Canal Dock, Dublin 2",4250, Dublin 2
"478. Grand Canal Square, Dublin 2",3450, Dublin 2
"479. Grand Canal Quay, Grand Canal Dock, Dublin 2",4200, Dublin 2
"480. Grand Canal Dock, Dublin 2",4250, Dublin 2
"481. Iveagh Court, Dublin 2",4050, Dublin 2
"482. Grand Canal Square, Grand Canal Dock, Dublin 2",3400, Dublin 2
"483. Millennium Tower, Grand Canal Dock, Dublin 2",4000, Dublin 2
"484. Leeson Street, Dublin 2",3450, Dublin 2
"485. Grand Canal Square, Dublin 2",4250, Dublin 2
"486. Leeson Street, Dublin 2",3900, Dublin 2
"487. Leeson Street, Dublin 2",3450, Dublin 2
"488. Bridge Street, Grand Canal Dock, Dublin 4",3900, Dublin 4
"489. The Gasworks, Dublin 4",4250, Dublin 4
"490. Leeson Street, Dublin 2",4250, Dublin 2
"491. Gallery Quay, Grand Canal Dock, Dublin 2",3450, Dublin 2
"492. Leeson Street, Dublin 2",3450, Dublin 2
"493. Hanover Quay, Grand Canal Dock, Dublin 2",4250, Dublin 2
"494. Leeson Street, Dublin 2",4500, Dublin 2
"495. Grand Canal Square, Dublin 2",4250, Dublin 2
"496. Leeson Street, Dublin 2",3750, Dublin 2
"497. Grand Canal Square, Dublin 2",3450, Dublin 2
"498. Grand Canal Square, Grand Canal Dock, Dublin 2",3450, Dublin 2
"499. Lad Lane, Baggot Street, Dublin 2",4200, Dublin 2
"500. 18 Lower Baggot Street, Dublin 2",4200, Dublin 2
"501. Leeson Street, Dublin 4",3450, Dublin 4
"502. Pembroke Square, Grand Canal Dock, Dublin 4",4200, Dublin 4
"503. The Gasworks, Dublin 4",4250, Dublin 4
"504. Grand Canal Square, Dublin 2",4250, Dublin 2
"505. Grand Canal Square, Dublin 2",4200, Dublin 2
"506. The Gasworks, Dublin 4",4250, Dublin 4
"507. Millennium Tower, Grand Canal Dock, Dublin 2",4000, Dublin 2
"508. Grand Canal Dock, Dublin 2",3450, Dublin 2
"509. Lad Lane, Dublin 2",4200, Dublin 2
"510. Lower Baggot Street, Dublin 2",4200, Dublin 2
"511. Lad Lane, Baggot Street, Dublin 2",4200, Dublin 2
"512. Grand Canal Square, Grand Canal Dock, Dublin 2",3450, Dublin 2
"513. Grand Canal Square, Grand Canal Dock, Dublin 2",4250, Dublin 2
"514. Leeson Street, Dublin 2",3450, Dublin 2
"515. Burton House, Custom House Square, Mayor St. Lower, IFSC, Dublin 1",3150, Dublin 1
"516. Grand Canal Square, Grand Canal Dock, Dublin 2",4200, Dublin 2
"517. Leeson Street, Dublin 2",3450, Dublin 2
"518. Leeson Street, Dublin 2",4500, Dublin 2
"519. Leeson Street, Dublin 2",4250, Dublin 2
"520. Hanover Quay, Grand Canal Dock, Dublin 2",4350, Dublin 2
"521. Grand Canal Square, Dublin 2",4350, Dublin 2
"522. Iveagh Court, Dublin 2",4050, Dublin 2
"523. Bridge Street, Grand Canal Dock, Dublin 4",4350, Dublin 4
"524. Leeson Street, Dublin 2",4250, Dublin 2
"525. Grand Canal Square, Dublin 2",4250, Dublin 2
"526. Grand Canal Square, Grand Canal Dock, Dublin 2",4000, Dublin 2
"527. Grand Canal Square, Dublin 2",4000, Dublin 2
"528. Grand Canal Square, Grand Canal Dock, Dublin 2",4250, Dublin 2
"529. Leeson Street, Dublin 2",3900, Dublin 2
"530. Leeson Court, Dublin 4",3600, Dublin 4
"531. Grand Canal Square, Grand Canal Dock, Dublin 2",4250, Dublin 2
"532. Leeson Street, Dublin 2",3450, Dublin 2
"533. Lad Lane, Dublin 2",4200, Dublin 2
"534. Gasworks, Grand Canal Dock, Dublin 2",3900, Dublin 2
"535. Ballsbridge Woods, Shelbourne Road, Ballsbridge, Dublin 4",3900, Dublin 4
"536. Milltown Hall, Milltown, Dublin 6",2600, Dublin 6
"537. Temple Hall, Mount Saint Anne\'s, Milltown, Dublin 6",2600, Dublin 6
"538. Mount Saint Annes, Milltown, Dublin 6",2600, Dublin 6
"539. Convent Hall, Milltown, Dublin 6",1975, Dublin 6
"540. Richmond Hall, Mount Saint Anne\'s, Milltown, Milltown, Dublin 6",1872, Dublin 6
"541. Milltown Hall, Milltown, Dublin 6",2392, Dublin 6
"542. Joyce Hall, Foxrock, Dublin 18",2800, Dublin 18
"543. Mount Saint Annes, Milltown, Dublin 6",2600, Dublin 6
"544. Joyce Hall, Carrickmines Wood, Foxrock, Dublin 18",2800, Dublin 18
"545. The Cresent, Robswall, Malahide, Co. Dublin",1700, Co. Dublin
"546. Gleneagle House, Ridgewood, Swords, Co. Dublin",1600, Co. Dublin
"547. Philipsburg Avenue, Fairview, Dublin 3",1650, Dublin 3
"548. Dargle Wood, Knocklyon, Dublin 16",1350, Dublin 16
"549. Ranelagh Village, Ranelagh, Dublin 6",3500, Dublin 6
"550. Leinster Road, Rathmines, Dublin 6",1100, Dublin 6
"551. Sherrard Street Lower, Dublin 1",1500, Dublin 1
"552. Garville Avenue, Rathgar, Dublin 6",2000, Dublin 6
"553. Grove Park, Rathmines, Dublin 6",1595, Dublin 6
"554. Customs House Harbour, Dublin 1",2500, Dublin 1
"555. The Oaks, Rockfield, Dundrum, Dublin 16",1900, Dublin 16
"556. Distillery Row, Drumcondra, Dublin 3",1700, Dublin 3
"557. Castlegrange Court, Clonsilla, Dublin 15",2200, Dublin 15
"558. 20 Castlegrange Court, Clonsilla, Dublin 15",1800, Dublin 15
"559. Smithfield Market, Smithfield, Dublin 7",2400, Dublin 7
"560. Merrion Street, Dublin 2",5750, Dublin 2
"561. 12 Joyce Hall, Carrickmines Avenue, Carrickmines W, Foxrock, Dublin 18",3900, Dublin 18
"562. 34 The Sycamores, Stradbrook Hill, Blackrock, Co. Dublin",1500, Co. Dublin
"563. 20 Belfield Park, Stillorgan, Co. Dublin",2100, Co. Dublin
"564. Elm Court Merrion Road Ballsbridge, Dublin 4",2200, Dublin 4
"565. GEORGES QUAY, Dublin 2",2200, Dublin 2
"566. Bedford Court Lwr Kimmagh road, Kimmage, Dublin 6w",1500, Dublin 6w
"567. Whiteoak, Clonskeagh, Dublin 14",1950, Dublin 14
"568. Cherrywood road, Cherrywood, Co. Dublin",1500, Co. Dublin
"569. Cherrywood road, Loughlinstown, Co. Dublin",1500, Co. Dublin
"570. 58 Serpentine Avenue, Ballsbridge, Dublin 4",2350, Dublin 4
"571. Clanbrassil Street Lower, Dublin 8",1675, Dublin 8
"572. Apartment 5, 2 Eaton Square, Monkstown, Co. Dublin",1500, Co. Dublin
"573. Lansdowne Gate, Drimnagh, Dublin 12",1525, Dublin 12
"574. bakers yard, North portland street, Dublin 1",2000, Dublin 1
"575. Hansfield Wood, Clonsilla, Clonsilla, Dublin 15",1800, Dublin 15
"576. 86 Grand Canal Square, Grand Canal, Dublin 2",3045, Dublin 2
"577. 71 the marker residence, Grand Canal Dock, Dublin 2",3055, Dublin 2
"578. 30 The Marker residence, Grand Canal Dock, Dublin 2",3535, Dublin 2
"579. 41 Pembroke Road, Ballsbridge, Dublin 4",2100, Dublin 4
"580. 5 The Willows, Rock Road, Blackrock, Co. Dublin",2000, Co. Dublin
"581. Elgin Road, Ballsbridge, Dublin 4",3400, Dublin 4
"582. The Watermill, Raheny, Dublin 5",2000, Dublin 5
"583. Brookville Park, Coolock, Dublin 5",1600, Dublin 5
"584. Brookville Park, Artane, Dublin 5",1600, Dublin 5
"585. The Ramparts, Victoria Road, Rathgar, Dublin 6",1800, Dublin 6
"586. Landscape Court, Landscape Road, Churchtown, Dublin 14",1750, Dublin 14
"587. Landscape Court, Landscape Road, Churchtown, Dublin 14",1750, Dublin 14
"588. 17 Castle Lawns Kilgobbin Wood, Sandyford, Dublin 18",2290, Dublin 18
"589. Corn Exchange, Burgh Quay, Dublin 2",3000, Dublin 2
"590. 2 Kilininny Court, Firhouse, Dublin 24",1650, Dublin 24
"591. The Cedars, Herbert Park, Ballsbridge, Dublin 4",1600, Dublin 4
"592. Church Road, Ballybrack, Killiney, Co. Dublin",1250, Co. Dublin
"593. Christchurch, Christchurch, Dublin 8",2000, Dublin 8
"594. Christchurch Place, Christchurch, Dublin 8",1700, Dublin 8
"595. Apartment 102, College View, Ballymun, Dublin 9",1750, Dublin 9
"596. Unit 8, 238 North Circular Road, Phibsboro, Phibsborough, Dublin 7",1275, Dublin 7
"597. Milner Square, Santry, Dublin 9",1722, Dublin 9
"598. Coopers Yard, Smithfield, Dublin 7",2250, Dublin 7
"599. Clarion Quay Penthouse, IFSC, Dublin 1",4500, Dublin 1
"600. The Concert Building, Parkwest Pointe, Park West, Dublin 12",1750, Dublin 12
"601. The Innings, Observatory Lane, Rathmines, Dublin 6",1950, Dublin 6
"602. Meadow Grove, Churchtown, Dublin 14",1400, Dublin 14
"603. Orwell Place, Marianella, Rathgar, Dublin 6",2200, Dublin 6
"604. Marlborough Court, Marlborough Street, Dublin 1",1600, Dublin 1
"605. Malin Hall, Waterville, Blanchardstown, Dublin 15",1352, Dublin 15
"606. Mayor Street, Dublin 1",960, Dublin 1
"607. Mayor Street, Dublin 1",1080, Dublin 1
"608. 15 Upper Mount Pleasant Avenue, Rathmines, Dublin 6",1600, Dublin 6
"609. clarendon st, Dublin 2",3200, Dublin 2
"610. Ballsbridge Gardens, Ballsbridge, Dublin 4",2295, Dublin 4
"611. martins row chapelizod, Chapelizod, Dublin 20",1450, Dublin 20
"612. Charles Street Great, North Circular Road, Dublin 1",1500, Dublin 1
"613. 32 Charles Street Great, North Circular Road, Dublin 1",1550, Dublin 1
"614. Gardiner Street Upper, North Circular Road, Dublin 1",1500, Dublin 1
"615. Gardiner Street Upper, North Circular Road, Dublin 1",1550, Dublin 1
"616. cork street, spences terrace, The Coombe, Dublin 8",1590, Dublin 8
"617. Temple Park, Dartry, Dublin 6",1600, Dublin 6
"618. 59 Long Meadows, Conygham road, Islandbridge, Islandbridge, Dublin 8",2000, Dublin 8
"619. 44 The Oaks, Rockfield, Dundrum, Dublin 14",1900, Dublin 14
"620. Cranmer Place, Ballsbridge, Dublin 4",1950, Dublin 4
"621. Bloomfield park, Donnybrook, Dublin 4",2600, Dublin 4
"622. Chelmsford Lane, Ranelagh, Dublin 6",2200, Dublin 6
"623. Rosedale Tyrconnel St Inchicore, Inchicore, Dublin 8",1395, Dublin 8
"624. Fitzwilliam Quay, Ringsend, Dublin 4",2000, Dublin 4
"625. Beacon South Quarter, Sandyford, Dublin 18",2500, Dublin 18
"626. 83 Rathborne Avenue, Ashtown, Dublin 15",1575, Dublin 15
"627. Raleigh Square Crumlim, Crumlin, Dublin 12",900, Dublin 12
"628. Pembroke Row, Dublin 2",3800, Dublin 2
"629. 8 Clareville House, Harolds Cross Road, Harold's Cross, Dublin 6w",1600, Dublin 6w
"630. Oak House, Seven Oaks, Sarsfield Road, Ballyfermot, Dublin 10",3200, Dublin 10
"631. Melville Court, Finglas, Dublin 11",1800, Dublin 11
"632. Stocking Wood Copse, Stocking Wood, Rathfarnham, Dublin 16",1700, Dublin 16
"633. Ha\'Penny Bridge House, Ormond Quay, Dublin 1, Dublin 1",2200, Dublin 1
"634. Ranelagh, Ranelagh, Dublin 6",1166, Dublin 6
"635. The courtyard clonsilla, Clonsilla, Dublin 15",1650, Dublin 15
"636. Smithfield Gate, Smithfield, Dublin 7",1500, Dublin 7
"637. Fernleigh Grange, Castleknock, Dublin 15",1400, Dublin 15
"638. Bushy Park House, Terenure, Dublin 6w",1995, Dublin 6w
"639. Herbert Park Lane, Ballsbridge, Dublin 4",2700, Dublin 4
"640. Pembroke Row, Dublin 2",3200, Dublin 2
"641. Pembroke Row, Dublin 2",3800, Dublin 2
"642. Cabra Road, Cabra, Dublin 7",1400, Dublin 7
"643. Alexandra Walk, Dublin 2",3740, Dublin 2
"644. Merton Hall, Mount Saint Annes, Milltown, Dublin 6",2400, Dublin 6
"645. Alexandra Walk, Dublin 2",3740, Dublin 2
"646. Alexandra Walk, Dublin 2",3740, Dublin 2
"647. Adelaide Square, Dublin 2",2880, Dublin 2
"648. Alexandra Walk, Dublin 2",3600, Dublin 2
"649. Alexandra Walk, Dublin 2",3740, Dublin 2
"650. Adelaide Square Penthouse, Dublin 2",4400, Dublin 2
"651. Kavanagh Hall, Collegewood, Castleknock, Dublin 15",1700, Dublin 15
"652. Forest Lawn, Kingswood, Dublin 24",1300, Dublin 24
"653. Adj Terenure, Kimmage, Dublin 6w",2600, Dublin 6w
"654. Blackhall Square, Smithfield, Dublin 1",1750, Dublin 1
"655. Pavillion, Dun Laoghaire, Co. Dublin",4200, Co. Dublin
"656. Rehoboth Court, Rehoboth Place, Rialto, Dublin 8",1250, Dublin 8
"657. Shonvalley, Newcastle Road, The Grange, Lucan, Co. Dublin",1050, Co. Dublin
"658. The Pines, Herbert Park Lane Apartments, Ballsbridge, Dublin 4",2800, Dublin 4
"659. Bushy Park Apartments, Terenure, Terenure, Dublin 6w",2000, Dublin 6w
"660. Shrewsbury Park, Ballsbridge, Dublin 4",4100, Dublin 4
"661. The Pines, Herbert Park Lane Apartments, Ballsbridge, Dublin 4",2800, Dublin 4
"662. Penthouse The Pines, Herbert Park Lane, Ballsbridge, Dublin 4",3500, Dublin 4
"663. Shrewsbury Park, Ballsbridge, Dublin 4",4100, Dublin 4
"664. North Great George Street, Dublin 1",3000, Dublin 1
"665. Bushy Park Apartments, Terenure, Terenure, Dublin 6w",2000, Dublin 6w
"666. Penthouse The Pines, Herbert Park Lane, Ballsbridge, Dublin 4",3900, Dublin 4
"667. The Edges 1, Beacon South Quarter, Sandyford, Dublin 18",2200, Dublin 18
"668. Esker manor, Lucan, Co. Dublin",1800, Co. Dublin
"669. Sallymount Avenue, Ranelagh, Dublin 6",1800, Dublin 6
"670. Emmet Road, Kilmainham, Dublin 8",1800, Dublin 8
"671. The Grange, Brewery Road, Stillorgan, Co. Dublin",2100, Co. Dublin
"672. 29 St Laurences Glen, St Laurences Road, Chapelizo, Chapelizod, Dublin 20",1768, Dublin 20
"673. Oak House, Red Arches Drive, The Coast, Baldoyle, Dublin 13",1600, Dublin 13
"674. Carmanhall Court, Burton Hall Road, Sandyford, Dublin 18",1950, Dublin 18
"675. 6 Mountjoy Square, Dublin 1",2000, Dublin 1
"676. The Grange, Brewery Road, Stillorgan, Co. Dublin",2400, Co. Dublin
"677. 82 lower camden street, Dublin 2",2000, Dublin 2
"678. Beacon South Quarter, Sandyford, Dublin 18",1790, Dublin 18
"679. Old County Road, Crumlin, Dublin 12",1800, Dublin 12
"680. 52 Terenure road east, Rathgar, Dublin 6",2400, Dublin 6
"681. dame street, Dublin 2",2300, Dublin 2
"682. Gallery Quay, Block 3, Grand Canal Dock, Dublin 2",3800, Dublin 2
"683. Gallery Quay, Block 8, Grand Canal Dock, Dublin 2",3000, Dublin 2
"684. Ardoyne House, Off Pembroke Park, Ballsbridge, Dublin 4",2500, Dublin 4
"685. Forbes Quay, Lazer Lane, Grand Canal Dock, Dublin 2",3000, Dublin 2
"686. Longboat Quay South, Grand Canal Dock, Dublin 2",1800, Dublin 2
"687. The Waterfront, Grand Canal Dock, Dublin 2",4400, Dublin 2
"688. Park House, Benson Street, Grand Canal Dock, Dublin 2",3800, Dublin 2
"689. The Bottleworks, Ringsend, Dublin 4",1840, Dublin 4
"690. Millennium Tower, Grand Canal Dock, Dublin 4",8000, Dublin 4
"691. 18-21 Mount Street, Lower Mount St., Dublin 2",4500, Dublin 2
"692. Gallery Quay, Block 2, Grand Canal Dock, Dublin 2",3600, Dublin 2
"693. The Westmoreland, Charlotte Quay Dock, Grand Canal Dock, Dublin 4",2100, Dublin 4
"694. Montgomery Court Foley Street, Dublin 1",2500, Dublin 1
"695. rathgar road, Rathgar, Dublin 6",2000, Dublin 6
"696. Block 5, Portland Lock, Portland Place, Dublin 1",2100, Dublin 1
"697. 15 Sheas Court, Manor St, Dublin 7, Stoneybatter, Dublin 7",1400, Dublin 7
"698. Bushy Park House, Terenure, Dublin 6",1900, Dublin 6
"699. Gracepark Manor, Drumcondra, Dublin 3",3180, Dublin 3
"700. Falcon's View, New Navan Road, Blanchardstown, Blanchardstown, Dublin 15",1800, Dublin 15
"701. 4 Cruagh Rise, Stepaside, Dublin 18",1600, Dublin 18
"702. 169 171 James's street, Dublin 8",1850, Dublin 8
"703. Terenure road east, Rathgar, Dublin 6",2000, Dublin 6
"704. leeson street lower, Dublin 2",2300, Dublin 2
"705. Kellys row, Dublin 1",1950, Dublin 1
"706. Sandford Lodge by Kennedy Wilson, Ranelagh, Dublin 6",2650, Dublin 6
"707. 214 The Distillery, Distillery Road, Fairview, Dublin 3",1950, Dublin 3
"708. Custom house square, IFSC, Dublin 1",2200, Dublin 1
"709. Crostick Court, Meath Street, Dublin 8",1900, Dublin 8
"710. Hendrick Street, Smithfield, Dublin 1",1400, Dublin 1
"711. Santry Cross, Ballymun, Ballymun, Dublin 11",2250, Dublin 11
"712. 30 Dorset Street, Dublin 1",2400, Dublin 1
"713. 87 Old Kilmainham Village, Kilmainham, Dublin 8",1600, Dublin 8
"714. Grand Central, Rockbrook, Sandyford, Dublin 18",1455, Dublin 18
"715. The Oval, Tullyvale, Cabinteely, Dublin 18",1400, Dublin 18
"716. Lymewood Mews, Northwood, Santry, Dublin 9",1650, Dublin 9
"717. Merchamp, Seafield Road, Clontarf, Dublin 3",1427, Dublin 3
"718. Dunlin, Redcourt Oaks, Seafield Road, Clontarf, Dublin 3",1850, Dublin 3
"719. The Richmond, North Richmond Street, Dublin 7",1716, Dublin 7
"720. Rathmines Square, Lower Rathmines Road, Rathmines, Dublin 6",1515, Dublin 6
"721. Rathmines Square, Lower Rathmines Road, Rathmines, Dublin 6",1515, Dublin 6
"722. Belgrove Park, Clontarf, Dublin 3",1750, Dublin 3
"723. Elmfield Court, Ninth Lock Road, Clondalkin, Dublin 22",1950, Dublin 22
"724. 249 Kilmainham Square, Kilmainham, Dublin 8",2200, Dublin 8
"725. 202 Premier Square, Finglas, Dublin 11",1800, Dublin 11
"726. Christchurch View, Christchurch, Dublin 8",2200, Dublin 8
"727. Bayview Ave, North Strand, Dublin 3",1700, Dublin 3
"728. Wyckham Place, Dundrum Dublin 14, Dundrum, Dublin 14",2400, Dublin 14
"729. Applewood Village, Swords, Co. Dublin",1240, Co. Dublin
"730. The square , haddington rd, Ballsbridge, Dublin 4",2400, Dublin 4
"731. Hamilton Court, (Rear of 77 Ailesbury Road), Nutle, Dublin 4",1650, Dublin 4
"732. Mongomery Court, Foley Street, Dublin 1",2250, Dublin 1
"733. Meath St, Dublin 8",1500, Dublin 8
"734. Rockwell Cove, Blackrock, Co. Dublin",2100, Co. Dublin
"735. 29 Dorset street lower, Dublin 1",2000, Dublin 1
"736. Inchicore, Dublin 8",1800, Dublin 8
"737. 121 Westland Square, Pearse Street, Dublin 2",2250, Dublin 2
"738. 33 Frankfort Court, Rathgar, Dublin 6",1500, Dublin 6
"739. Apt 27 The Ramparts, Cabinteely, Dublin 18",1900, Dublin 18
"740. 77 Alen Hall, Belgard Square, Tallaght, Dublin 24",2450, Dublin 24
"741. The Oak, Parkview, Srepaside, Stepaside, Dublin 18",1800, Dublin 18
"742. The Chandler, Rathborne Village, Ashtown, Dublin 15",1400, Dublin 15
"743. 112 pembroke road dublin 4, Ballsbridge, Dublin 4",1500, Dublin 4
"744. Spencer dock, Dublin 1",2300, Dublin 1
"745. Apt. 508 South Dock Quarter, Ringsend Road, Grand Canal Dock, Dublin 4",2635, Dublin 4
"746. Baltray House, Ridgewood Oaks, Swords, Co. Dublin",1850, Co. Dublin
"747. Brennanstown Avenue, Cabinteely, Dublin 18",1940, Dublin 18
"748. 9 Watermill Court, Raheny, Dublin 5",1600, Dublin 5
"749. Bissett's Loft, Strand Street, Malahide, Co. Dublin",2700, Co. Dublin
"750. Chapelgate, St Alphonsus Road, Drumcondra, Dublin 9",2200, Dublin 9
"751. Ma Tuire, Mount Merrion, Mount Merrion, Co. Dublin",2250, Co. Dublin
"752. Galtrim Grange, Malahide, Co. Dublin",1875, Co. Dublin
"753. Cresent House, The Cresent, Clontarf, Dublin 3",1600, Dublin 3
"754. Clifton Court, Dun Laoghaire, Co. Dublin",1850, Co. Dublin
"755. Seville Place, IFSC, Dublin 1",2200, Dublin 1
"756. 2 Old Connaught House, Ferndale Road, Rathmichael, Co. Dublin",1650, Co. Dublin
"757. Castledawson, Sion Hill, Blackrock, Co. Dublin",2890, Co. Dublin
"758. Charlotte Apartments, Dun Laoghaire, Co. Dublin",1975, Co. Dublin
"759. Charlotte Apartments, Dun Laoghaire, Co. Dublin",1800, Co. Dublin
"760. El Greco, St James Court, Ballsbridge, Dublin 4",1750, Dublin 4
"761. IFSC, custom house harbour, Dublin 1",1795, Dublin 1
"762. Bachelors Walk, Dublin 1",1500, Dublin 1
"763. Pearse Street 107, Hanover Quay, Dublin 2",2200, Dublin 2
"764. 60 south Great Georges Street, Dublin 2",1250, Dublin 2
"765. 28A Bettyglen, Watermill Road, Raheny, Dublin 5",1300, Dublin 5
"766. Belgrove Park, Clontarf, Dublin 3",2000, Dublin 3
"767. Parsons Court, Newcastle, Co. Dublin",1400, Co. Dublin
"768. Parnell Street, Dublin 1",1600, Dublin 1
"769. Castleland Court, Balbriggan, Co. Dublin",1200, Co. Dublin
"770. Hanbury Mews, Hanbury Lane, Dublin 8",1700, Dublin 8
"771. Kilmainham Square, Kilmainham, Dublin 8",2000, Dublin 8
"772. Elgin House, Ballsbridge Court, Serpentine Avenue, Ballsbridge, Dublin 4",2100, Dublin 4
"773. 8 Lynton Court, Ballsbridge, Dublin 4",3640, Dublin 4
"774. 28 Crane Yard, Crane Lane, Temple Bar, Dublin 2",1850, Dublin 2
"775. 106 Botanic Road, Glasnevin, Dublin 9",1680, Dublin 9
"776. 109 Townsend Street, Dublin 2",2000, Dublin 2
"777. New Bancroft, Greenhills Road, Tallaght, Dublin 24",1500, Dublin 24
"778. Madison Court, Grattan Street, Dublin 2",2600, Dublin 2
"779. Merrion court ,Ailesbury Road Ballsbridge, Ballsbridge, Dublin 4",2395, Dublin 4
"780. BALBUTCHER LANE FINGLAS, Finglas, Dublin 11",1300, Dublin 11
"781. Highfield Park, Dundrum, Dublin 14",4500, Dublin 14
"782. Raglan Hall, Clyde Road, Ballsbridge, Dublin 4",3600, Dublin 4
"783. Gleann Ribh, Lusk, Co. Dublin",1550, Co. Dublin
"784. 340 Castleforbes Square, Dublin 1",2300, Dublin 1
"785. 53 Temple Gardens Northwood, Santry, Dublin 9",1800, Dublin 9
"786. 136 Temple Gardens, Santry, Dublin 9",3000, Dublin 9
"787. Cowper Road, Rathmines, Dublin 6",1250, Dublin 6
"788. 109 Parnell St, Dublin 1",2000, Dublin 1
"789. Spencer dock, Dublin 1",1800, Dublin 1
"790. Cedar Hall Milltown Road, Milltown, Dublin 6",2250, Dublin 6
"791. Finglas Road, Finglas, Dublin 11",1304, Dublin 11
"792. 231 Wyckham Point, Wyckham Way, Dundrum, Dublin 16",2150, Dublin 16
"793. Apartment 6 26 st james walk Herberton Rialto dubl, Rialto, Dublin 8",1700, Dublin 8
"794. Main Street, Ballymun, Dublin 9",1750, Dublin 9
"795. Ranelagh Court, Ranelagh Road, Ranelagh, Dublin 6., Ranelagh, Dublin 6",1500, Dublin 6
"796. Brewers Gate, Newport Street, Dublin 8",2000, Dublin 8
"797. Grand Central Apartments, Sandyford, Dublin 18",1700, Dublin 18
"798. Kilmainham Square, Kilmainham, Dublin 8",1415, Dublin 8
"799. Alexandra Walk, Dublin 2",3300, Dublin 2
"800. Alexandra Walk, Dublin 2",3400, Dublin 2
"801. Alexandra Walk, Dublin 2",3400, Dublin 2
"802. Adelaide Square Penthouse, Dublin 2",4800, Dublin 2
"803. Apt 201 The Hermitage Apartments, Balgriffin, Dublin 13",2100, Dublin 13
"804. The Rectory, Stepaside, Dublin 18",1800, Dublin 18
"805. Adelaide Square, Dublin 2",3000, Dublin 2
"806. Adelaide Square, Dublin 2",4200, Dublin 2
"807. Alexandra Walk, Dublin 2",3300, Dublin 2
"808. Adelaide Square, Dublin 2",2760, Dublin 2
"809. Adelaide Square, Dublin 2",3080, Dublin 2
"810. Adelaide Square Penthouse, Dublin 2",4100, Dublin 2
"811. Adelaide Square, Dublin 2",3240, Dublin 2
"812. Adelaide Square, Dublin 2",3996, Dublin 2
"813. 150 Howth Road, Clontarf, Dublin 3",1600, Dublin 3
"814. 6 South Strand House, Skerries, Co. Dublin",1650, Co. Dublin
"815. Apt 65 St Gabriels, Johnstown Road, Cabinteely, Dublin 18",2450, Dublin 18
"816. Penthouse Residence, Intercontinental Hotel, Ballsbridge, Dublin 4",7000, Dublin 4
"817. Galloping Green, Stillorgan, Co. Dublin",2200, Co. Dublin
"818. The Hibernian, The Gasworks, Ringsend, Dublin 4",3900, Dublin 4
"819. Spencer Dock Apartments, Dublin 1",4500, Dublin 1
"820. Shrewsbury Square Penthouse, Ballsbridge, Dublin 4",4950, Dublin 4
"821. Neptune Apartments, Dun Laoghaire, Co. Dublin",2064, Co. Dublin
"822. Benburb Street, Smithfield, Dublin 7",2100, Dublin 7
"823. Sorrento Heights, Sorrento Rd, Dalkey, Co. Dublin",3450, Co. Dublin
"824. Tara Street, Dublin 2",1950, Dublin 2
"825. Adelaide Square, Dublin 2",3000, Dublin 2
"826. Alexandra Walk, Dublin 2",3400, Dublin 2
"827. Adelaide Square, Dublin 2",3200, Dublin 2
"828. Adelaide Square, Dublin 2",3240, Dublin 2
"829. Adelaide Square, Dublin 2",3000, Dublin 2
"830. Mayor Street Lower, Dublin 2, Dublin 2",2400, Dublin 2
"831. allendale court, Clonsilla, Dublin 15",1800, Dublin 15
"832. 155 hunters green hunterswood, Ballycullen, Dublin 16",1610, Dublin 16
"833. Merrion Village, Ballsbridge, Dublin 4",2400, Dublin 4
"834. The Pines, Herbert Park Lane, Ballsbridge, Dublin 4",3800, Dublin 4
"835. Hanover Dock, Grand Canal Dock, Dublin 2",3700, Dublin 2
"836. Alexandra Walk, Dublin 2",3300, Dublin 2
"837. Adelaide Square, Dublin 2",3400, Dublin 2
"838. 47 Woodbrook Crescent, Castleknock, Dublin 15",1700, Dublin 15
"839. Alexandra Walk, Dublin 2",3320, Dublin 2
"840. The Wood, Clon Brugh, Aiken\'s Village, Sandyford, Dublin 18",1600, Dublin 18
"841. Mobhi Court, Glasnevin, Dublin 9",2200, Dublin 9
"842. Manor House, St. Augustine's Park, Carysfort Avenu, Blackrock, Co. Dublin",1800, Co. Dublin
"843. Parnell Road, Harold's Cross, Dublin 6",1950, Dublin 6
"844. 32 Marlay View, Rathfarnham, Dublin 16",1800, Dublin 16
"845. 16 Grenville,110 Rathgar Road, Rathgar, Dublin 6",1795, Dublin 6
"846. 83 The Oaks, Rockfield, Dundrum, Dublin 16",1950, Dublin 16
"847. 1 Rockview, Sandyford, Dublin 18",1700, Dublin 18
"848. Castlecurragh Vale, Mulhuddart, Dublin 15",1300, Dublin 15
"849. Phoenix Apartments, Riverpark, Islandbridge, Dublin 8",1710, Dublin 8
"850. Grattan Hall, Lower Mount Street, Dublin 2",2400, Dublin 2
"851. Spencer House, IFSC, Dublin 1",2200, Dublin 1
"852. Linden, 31-33 Merrion Road, Ballsbridge, Dublin 4",2794, Dublin 4
"853. Wellington, Riverpark, Islandbridge, Dublin 8",1900, Dublin 8
"854. 44 Millrace Road, Castleknock, Dublin 15",1825, Dublin 15
"855. Fishermans Wharf, Ringsend, Dublin 4",2040, Dublin 4
"856. Crescent building, Park West Pointe, Park West, Dublin 12",1800, Dublin 12
"857. 40 Main Street, Chapelizod, Chapelizod, Dublin 20",1350, Dublin 20
"858. 3rd Floor Apartment, No 6 Ushers Quay, Dublin 8, Dublin 8",1800, Dublin 8
"859. 13 Portland St North, Dublin 1",1100, Dublin 1
"860. Brackenwood, Balbriggan, Co. Dublin",1500, Co. Dublin
"861. Holywell lane, Swords, Co. Dublin",1475, Co. Dublin
"862. 121 The Forum, Ballymoss Road, Sandyford, Dublin 1, Sandyford, Dublin 18",1900, Dublin 18
"863. Malahide Marina Village, Malahide, Co. Dublin",1500, Co. Dublin
"864. Hunters Green, Ballycullen Road, Ballycullen, Dublin 24",1600, Dublin 24
"865. St Raphaela\\\\\\\'s Road, Off Upper Kilmacud Road, Stillorgan, Co. Dublin",2100, Co. Dublin
"866. corr castle, Sutton, Dublin 13",1900, Dublin 13
"867. Burnel Square, Northern Cross, Malahide, Clarehall, Dublin 17",1800, Dublin 17
"868. 21 Synod Place Lusk Village, Lusk, Co. Dublin",1350, Co. Dublin
"869. Morrow House, Myrtle Drive, Baldoyle, Dublin 13",1220, Dublin 13
"870. Slade Saggart, Saggart, Co. Dublin",900, Co. Dublin
"871. Olivemount house, Olivemount road, Dundrum, Dublin 14",1200, Dublin 14
"872. 16 The Cammock, Mount Brown, Kilmainham, Dublin 8",1900, Dublin 8
"873. Apartment To Rent, Pudding Row, West Essex Street, Temple Bar, Dublin 2",2200, Dublin 2
"874. 33 Danesford Castle Ave, Clontarf, Dublin 3",1600, Dublin 3
"875. The Iona, Prospect Hill, Finglas, Dublin 11",1600, Dublin 11
"876. Block C, Smithfield Market - 26C, Smithfield, Dublin 1",3900, Dublin 1
"877. Burlington Gardens, Burlington Road, Dublin 4",2350, Dublin 4
"878. 25 Saddlers Court, Rathmines, Dublin 6",1400, Dublin 6
"879. Bracken Hill, Blackglen Road, Simon's Ridge, Sandyford, Dublin 18",1595, Dublin 18
"880. 5 Loftus Sq. Rathfarnham Dublin 14, Rathfarnham, Dublin 14",1600, Dublin 14
"881. Custom Hall Upper Gadiner Street dublin 1, Dublin 1",1400, Dublin 1
"882. Rockview, Simonsridge, Sandyford, Dublin 18",1856, Dublin 18
"883. 6 Saint Samson's Square, Balgriffin, Dublin 13",1700, Dublin 13
"884. Malahide Road, Balgriffin, Dublin 13",2300, Dublin 13
"885. Lyndsay House, Dean Court, Patrick St, The Coombe, Dublin 8",1995, Dublin 8
"886. Belfield Court, Donnybrook, Dublin 4",1850, Dublin 4
"887. 8 esker meadow green, Lucan, Dublin 22",1200, Dublin 22
"888. Manor Hall Mount Brown, Dublin 8",1800, Dublin 8
"889. Upper Gardiner Street, on corner of Dorset St., Dublin 1",1500, Dublin 1
"890. Ring Commons, Balbriggan, Co. Dublin",1100, Co. Dublin
"891. 40 kenilworth park, dublin 6w, Harold's Cross, Dublin 6",1450, Dublin 6
"892. Shelbourne Park, Aylesbury, Dublin 24",3000, Dublin 24
"893. 10 the copse, stockingwood, stockingwood avenue, Rathfarnham, Dublin 14",1799, Dublin 14
"894. 28 Collis Court, Jugback Lane, Swords., Swords, Co. Dublin",1650, Co. Dublin
"895. 13 Spangers Yard, Crow Street, Temple Bar, Dublin 2",2750, Dublin 2
"896. Wyckham point, Dundrum, Dublin 14",1800, Dublin 14
"897. Leona Apartments, Dun Laoghaire, Co. Dublin",2432, Co. Dublin
"898. clarion quay bl 5, Dublin 1",2300, Dublin 1
"899. Green Isle Court, Clondalkin, Dublin 22",1400, Dublin 22
"900. 12 Orchard Hall, Castleknock, Dublin 15",1850, Dublin 15
"1. Apartment 2, Garrison, Co. Fermanagh, BT93 4AE",400456, BT93 4AE
"1. Altenagh House, Nun's Island, Nun's Island, Co. Galway",1400, Co. Galway
"2. Nun's Island, Galway City Centre, Galway City, Co. Galway",1300, Co. Galway
"3. 5 Dun na Coiribe, Headford Road, Co. Galway",1400, Co. Galway
"4. Aras Bun Caise, Rahoon, Co. Galway",1350, Co. Galway
"5. Shannon Oaks St Joesphs Road, Portumna, Co. Galway",700, Co. Galway
"6. Coolough, Briarhill, Co. Galway",1200, Co. Galway
"7. Cois na hAbhainn, Ballygaddy Road, Tuam, Co. Galway",800, Co. Galway
"8. Vicar Street, Tuam, Co. Galway",600, Co. Galway
"9. cross street Galway, Galway City, Co. Galway",1600, Co. Galway
"10. Killaguile, Rosscahill, Co. Galway",500, Co. Galway
"11. Altan, Western Distributor Road, Knocknacarra, Co. Galway",1100, Co. Galway
"12. H91 DXR5, Annaghdown, Co. Galway",800, Co. Galway
"13. Bishop O\'Donnell Road, Rahoon, Co. Galway",560, Co. Galway
"14. Area, Athenry, Co. Galway",800, Co. Galway
"15. Oranbeg, Oranmore, Co. Galway",775, Co. Galway
"16. Seabury, Barna House & Demesne, Barna Road, Ga, Barna, Co. Galway",1450, Co. Galway
"17. 47 Aengus House, Dock Street - 5 month lease only, Galway City, Co. Galway",1800, Co. Galway
"18. Arus Grattan, Grattan Road, Upper Salthill, galwa, Galway City, Co. Galway",1200, Co. Galway
"19. Bowling Green, Galway City, Co. Galway",1675, Co. Galway
"20. Ce Na Mara, The Docks, Galway City, Co. Galway",1560, Co. Galway
"21. Rahoon, Drum East, Co. Galway",1300, Co. Galway
"22. Cuirt Seoige, Bohermore, Co. Galway",1500, Co. Galway
"23. Masonbrook, Loughrea, Co. Galway",600, Co. Galway
"24. Doughiska Road, Doughiska, Co. Galway",1100, Co. Galway
"25. Doughiska Road, Doughiska, Co. Galway",850, Co. Galway
"26. Sheerwater House, Galway City, Co. Galway",2000, Co. Galway
"27. 4 Arus Bun Caise, Rahoon, Co. Galway",1450, Co. Galway
"28. Dun Oran, Oranhill, Oranmore, Co. Galway",1250, Co. Galway
"29. Rockbarton Court, Salthill, Co. Galway",1800, Co. Galway
"30. Dominick Street, Galway City, Co. Galway",2250, Co. Galway
"31. Drum East, Drum East, Co. Galway",1300, Co. Galway
"32. Annaghdown, Corrandulla, Co.Galway, Annaghdown, Co. Galway",900, Co. Galway
"33. Granary Suites, 58 Dominick Street Lower, Galway C, Galway City, Co. Galway",2250, Co. Galway
"34. Shannon Oaks Apartments, Portumna, Co. Galway",700, Co. Galway
"35. 24 Glenview Drive, Riverside, Tuam Road, Co. Galway",770, Co. Galway
"36. Abbey Court, Mary Street, Galway City, Co. Galway",1395, Co. Galway
"37. The Plaza, Headford Road, Co. Galway",1455, Co. Galway
"38. Church St, Loughrea, Co. Galway",750, Co. Galway
"39. Dunkellin Street, Loughrea, Co. Galway",600, Co. Galway
"40. Carnmore, Oranmore, Co. Galway",1000, Co. Galway
"41. 136 fionnuisce, Doughiska, Co. Galway",1200, Co. Galway
"42. The Cresent ,Taylors Hill, Galway City, Co. Galway",900, Co. Galway
"43. ballindooley, headford road, Headford Road, Co. Galway",650, Co. Galway
"44. Dunlo street, Ballinasloe, Co. Galway",800, Co. Galway
"45. Radharc Na Locha, Bealdangan, Co. Galway",650, Co. Galway
"46. churchfield, Salthill, Co. Galway",1700, Co. Galway
"47. Balrobuck, Corrandulla, Co. Galway",1100, Co. Galway
"48. Carnmore, Oranmore, Co. Galway",1000, Co. Galway
"49. City Centre Cill Ard Galway, Bohermore, Co. Galway",1400, Co. Galway
"50. 29b St. Brendans Ave, Woodquay, Co. Galway",1850, Co. Galway
"51. Ocean Towers, Blackrock, Salthill, Co. Galway",1600, Co. Galway
"52. The Connacht Hotel, Dublin Road, Renmore, Co. Galway",1820, Co. Galway
"53. Maree Oranmore, Oranmore, Co. Galway",1150, Co. Galway
"54. Apt 1, The Vineyard Apartments, Lombard Street, Galway City, Co. Galway",1450, Co. Galway
"55. bridge street, Ballinasloe, Co. Galway",750, Co. Galway
"56. Mountain View, Clonbur, Co. Galway",550, Co. Galway
"57. Lough Atalia Road, Galway City, Co. Galway",1200, Co. Galway
"58. Bride Street, Loughrea, Co. Galway",800, Co. Galway
"1. The Anchorage, Tralee, Killmey, Co. Kerry",850, Co. Kerry
"2. William Street, Listowel, Co. Kerry",480, Co. Kerry
"3. An Sean Mhuileann, Tralee, Co. Kerry",795, Co. Kerry
"4. Fairway Heights, The Kerries, Tralee, Co. Kerry",750, Co. Kerry
"5. OFF ROCK STREET, Tralee, Co. Kerry",650, Co. Kerry
"6. Fairway Heights, Tralee, Co. Kerry",800, Co. Kerry
"7. Beach, Court, New Street, Killarney, Co. Kerry",700, Co. Kerry
"8. Apt. 4 Mountain View, Muckross Road, Killarney, Co. Kerry",740, Co. Kerry
"9. E Block, Edward Court, Edward Street, Tralee, Co. Kerry",775, Co. Kerry
"10. Flemings Lane, High Street, Killarney, Co. Kerry",750, Co. Kerry
"11. Upper Castle Street Tralee, Tralee, Co. Kerry",650, Co. Kerry
"12. Sunhill Road, Killorglin, Co. Kerry",650, Co. Kerry
"13. The Paddocks, Killorglin, Co. Kerry",750, Co. Kerry
"14. Apartment 4 Town Centre, Killorglin, Co. Kerry",600, Co. Kerry
"15. The Marina Apartments, Tralee, Co. Kerry",775, Co. Kerry
"16. 33 Upper Castle Street, Tralee, Co. Kerry",575, Co. Kerry
"17. New Street Killarney, Killarney, Co. Kerry",1000, Co. Kerry
"18. Kileen, Iveragh Road, Killorglin, Co. Kerry",675, Co. Kerry
"19. Rockwell Close, Tralee, Co. Kerry",650, Co. Kerry
"20. Oakdale park road, Killarney, Co. Kerry",1100, Co. Kerry
"21. Park Road, Killarney, Co. Kerry",980, Co. Kerry
"22. Ref 777 - Apartment, New Street, Cahersiveen, Co. Kerry",600, Co. Kerry
"23. Ardfert village, Tralee, Co. Kerry",1000, Co. Kerry
"24. SEASIDE CARAVAN PARK CAMP TRALEE, Camp, Co. Kerry",520, Co. Kerry
"1. Stradbrook Luxury Appartment, Portlaoise, Co. Laois",875, Co. Laois
"2. Stradbrook, Portlaoise, Co. Laois",900, Co. Laois
"3. De Vesci Court, Fairgreen, Portlaoise, Co. Laois",900, Co. Laois
"4. Church Street, Portlaoise, Co. Laois",850, Co. Laois
"5. The Maples, Forest Park, Portlaoise, Co. Laois",850, Co. Laois
"6. Lalor Way, Fairgreen, Portlaoise, Co. Laois",900, Co. Laois
"7. Block One Fieldbrook Dublin Road Portlaoise, Portlaoise, Co. Laois",750, Co. Laois
"8. Ring Colt Ballyroan, Ballyroan, Co. Laois",800, Co. Laois
"9. Lalor Way Fairgreen Portlaoise, Portlaoise, Co. Laois",900, Co. Laois
"10. 144 Rinuccini, Portlaoise, Co. Laois",1000, Co. Laois
"11. Apt 1 Shamrock Lodge, Borris Rd., Portlaoise, Co. Laois",480, Co. Laois
"12. New Row, Mountmellick Road, Portlaoise, Co. Laois",800, Co. Laois
"13. 4 Park Avenue, Link Road, Portarlington, Co. Laois",520, Co. Laois
"14. the strand road, Ballickmoyler, Co. Laois",600, Co. Laois
"15. De Vesci Court, Portlaoise, Co. Laois",800, Co. Laois
"16. Crann Nua, Portarlington, Co. Laois",800, Co. Laois
"17. Main Street, Portarlington, Co. Laois",800, Co. Laois
"1. Leitrim Village, Leitrim, Co. Leitrim",700, Co. Leitrim
"2. Key Street, Carrick-on-Shannon, Co. Leitrim",500, Co. Leitrim
"3. Quay Road, Carrick-on-Shannon, Co. Leitrim",550, Co. Leitrim
"4. Bridge Street, Carrick-on-Shannon, Co. Leitrim",450, Co. Leitrim
"5. Riverview, Carrick-on-Shannon, Co. Leitrim",600, Co. Leitrim
"6. The Pavillion, Carrick-on-Shannon, Co. Leitrim",650, Co. Leitrim
"7. 4 Library Corner, Manorhamilton, Co. Leitrim",500, Co. Leitrim
"8. Ayrefield Manor, Carrick-on-Shannon, Co. Leitrim",550, Co. Leitrim
"9. Marymount, Carrick-on-Shannon, Co. Leitrim",550, Co. Leitrim
"10. The Waterfront, Leitrim, Co. Leitrim",700, Co. Leitrim
"11. No.6 Hyde Place, Hyde Street, Mohill, Co. Leitrim",450, Co. Leitrim
"1. Alandale Hall, South Circular Road, Co. Limerick",1300, Co. Limerick
"2. An Cluain, Clonmacken, Co. Limerick",950, Co. Limerick
"3. Harveys Quay, Limerick City, Co. Limerick",1300, Co. Limerick
"4. Coolbane, Castleconnell, Co. Limerick",950, Co. Limerick
"5. The Steeples, Limerick City, Co. Limerick",950, Co. Limerick
"6. Cloisters, Nr.O'Connell Monument, O'Connell Street, Limerick City, Co. Limerick",960, Co. Limerick
"7. 19 thornfield allendale south circular road, South Circular Road, Co. Limerick",1600, Co. Limerick
"8. 50 Thomas Street, Limerick City, Co. Limerick",1050, Co. Limerick
"9. Main Street, Adare, Co. Limerick",1100, Co. Limerick
"10. An Dun, Church Road, Raheen, Co. Limerick",950, Co. Limerick
"11. Ballantyne Place, Steamboat Quay, Limerick City, Co. Limerick",1100, Co. Limerick
"12. Main Street, Kilfinane, Co. Limerick",500, Co. Limerick
"13. Drominbeg, Rhebogue, Co. Limerick",1350, Co. Limerick
"14. Glendara, Dooradoyle, Co. Limerick",1100, Co. Limerick
"15. No 9 Ard Dara Court, Ennis Road, Co. Limerick",1150, Co. Limerick
"16. The Parc, Kyleglass, North Circular Road, Co. Limerick",975, Co. Limerick
"17. Thornfield, South Circular Road, Co. Limerick",1300, Co. Limerick
"18. 20/21 Lower Gerald Griffin St, Limerick, Limerick City, Co. Limerick",1250, Co. Limerick
"19. 31, Henry streets, Limerick City., Limerick City, Co. Limerick",750, Co. Limerick
"20. Apt. Lisanalta, Dooradoyle, Co. Limerick",1000, Co. Limerick
"21. Apt. Lisanalta, Dooradoyle, Co. Limerick",1000, Co. Limerick
"22. Apt 49 Riverfront, Annacotty, Co. Limerick",900, Co. Limerick
"23. The Strand Complex, Ennis Road, Co. Limerick",1600, Co. Limerick
"24. Landsdowne Hall, O'Callaghan Strand, Limerick City, Co. Limerick",1300, Co. Limerick
"25. 20 Fishermans Quay, Grove Island, Corbally, Co. Limerick",1100, Co. Limerick
"26. Main Street, Ballylanders, Co. Limerick",550, Co. Limerick
"27. Black abby coutr, Adare, Co. Limerick",1100, Co. Limerick
"28. 701 Riverpoint, Limerick City, Co. Limerick",1200, Co. Limerick
"29. 31 Pery Court, Limerick City, Co. Limerick",1050, Co. Limerick
"30. Log na gCapall, South Circular Road, Co. Limerick",1400, Co. Limerick
"31. 10 The Steeples Mulgrave Street, Limerick City, Co. Limerick",950, Co. Limerick
"32. Glenlara House, Mount Kenneth, Limerick City, Co. Limerick",850, Co. Limerick
"33. Upper William Street, Limerick City, Co. Limerick",1100, Co. Limerick
"1. French Hall,Prospect Wood, Longford Town, Co. Longford",650, Co. Longford
"2. Main Street, Granard, Co. Longford",400, Co. Longford
"3. 14 Richmond Street, Longford Town, Co. Longford",650, Co. Longford
"4. Hollybrook, Abbeyshrule, Co. Longford",300, Co. Longford
"5. 13 Harbour Point, Longford Town, Co. Longford",650, Co. Longford
"6. 7 The Granary, Ballymahon, Co. Longford",650, Co. Longford
"7. Cornmill House, Great Water Street, Longford Town, Co. Longford",450, Co. Longford
"8. Main Street, Granard, Co. Longford",400, Co. Longford
"9. Drumlish Road. Longford Town, Longford Town, Co. Longford",600, Co. Longford
"10. Rath Bheg, Abbeylara, Co. Longford",550, Co. Longford
"11. Moy Court, Ballymahon, Co. Longford",650, Co. Longford
"12. 3b Kilashee Street, Longford Town, Co. Longford",580, Co. Longford
"1. 27north strand, Drogheda, Co. Louth",900, Co. Louth
"2. Jocelyn Street, Dundalk, Co. Louth",950, Co. Louth
"3. Greenhills, Drogheda, Co. Louth",800, Co. Louth
"4. North Road, Drogheda, Co. Louth",1000, Co. Louth
"5. 3 The Malthouse, Drogheda, Dromiskin, Co. Louth",1100, Co. Louth
"6. Apartment, Adelphi Boulevard, Park Avenue, Dundalk, Co. Louth",1250, Co. Louth
"7. 40 bryanstown manor, Drogheda, Co. Louth",1200, Co. Louth
"8. Anneville House, Windmill Road, Drogheda, Co. Louth",1100, Co. Louth
"9. Mourne View Hall, Dundalk, Co. Louth",360, Co. Louth
"10. Main Street Blackrock, Blackrock, Co. Louth",1400, Co. Louth
"11. Bridge Street, Dundalk, Co. Louth",800, Co. Louth
"12. Park Wood, Grange Rath, Drogheda, Co. Louth",1250, Co. Louth
"13. St Nicholas Gardens, Dundalk, Co. Louth",950, Co. Louth
"14. John Street, Drogheda, Co. Louth",1300, Co. Louth
"15. 35 Park Ridge Grange Rath, Drogheda, Co. Louth",1000, Co. Louth
"16. Euston Street, Greenore, Co. Louth",725, Co. Louth
"17. Fair Street House, Drogheda, Co. Louth",1083, Co. Louth
"18. Main Street, Greenore, Carlingford, Co. Louth",725, Co. Louth
"19. Main Street, Greenore, Carlingford, Co. Louth",725, Co. Louth
"20. Grange rath, Drogheda, Co. Louth",1200, Co. Louth
"21. Stapleton Place, Dundalk, Co. Louth",800, Co. Louth
"22. 8 and 15 Stella Maris, Castle Hill Carlingford, Carlingford, Co. Louth",900, Co. Louth
"23. Clanbrassil Street, Dundalk, Co. Louth",900, Co. Louth
"24. Martello Dublin Road, Drogheda, Co. Louth",1250, Co. Louth
"25. Greenpark Student Accommodation, Greenpark, Dundalk, Co. Louth",400, Co. Louth
"26. Smarmore Ardee, Ardee, Co. Louth",750, Co. Louth
"27. 3 The Coach House, Main street, Castlebellingham, Co. Louth",1000, Co. Louth
"28. Bryanstown, Drogheda, Co. Louth",1250, Co. Louth
"29. 23 Park Grange, Grange Rath, Drogheda, Co. Louth",1200, Co. Louth
"1. American Street, Belmullet, Co. Mayo",450, Co. Mayo
"2. tara court, Castlebar, Co. Mayo",500, Co. Mayo
"3. Craobh Ban, Newport, Co Mayo, Newport, Co. Mayo",650, Co. Mayo
"4. Craobh Ban, Newport, Co. Mayo",650, Co. Mayo
"5. Abbey park, Abbey Street, Ballina, Co. Mayo",600, Co. Mayo
"6. Apt 3A Erris Gardens, Crossmolina, Co. Mayo",500, Co. Mayo
"7. Apartment 2, Teach Ciaran, Bangor Erris, Co. Mayo",550, Co. Mayo
"8. 1 chapel walk, church street, Crossmolina, Co. Mayo",500, Co. Mayo
"9. 46 Ashwood Avenue, Balinrobe Road, Westport, Westport, Co. Mayo",1000, Co. Mayo
"10. Main Street, Balla, Co Mayo, Balla, Co. Mayo",600, Co. Mayo
"11. 23 Silverbridge, Claremorris, Co. Mayo",800, Co. Mayo
"12. Breaffy Woods, Castlebar, Co. Mayo",650, Co. Mayo
"13. Turlough Village, Castlebar, Co. Mayo",700, Co. Mayo
"14. Nephin Halls, Castlebar, Co. Mayo",700, Co. Mayo
"15. The Residences, Breaffy, Castlebar, Co. Mayo",750, Co. Mayo
"16. Clogher, Claremorris, Co. Mayo",520, Co. Mayo
"17. The Lodges ,Breaffy House Resort, Castlebar, Co. Mayo",675, Co. Mayo
"18. Mount Street, Claremorris, Co. Mayo",600, Co. Mayo
"19. Newline, Castlebar, Co. Mayo",800, Co. Mayo
"20. Esker Meadows, Knock, Co. Mayo",480, Co. Mayo
"21. Westport, Westport Quay, Co. Mayo",700, Co. Mayo
"22. Mall Mews House, Rock Square, Castlebar, Co. Mayo",725, Co. Mayo
"23. Chamber Court, Cavendsh Lane, Castlebar, Co. Mayo",700, Co. Mayo
"24. Town centre, Westport, Co. Mayo",760, Co. Mayo
"25. Cuslough, Castlebar, Co. Mayo",800, Co. Mayo
"26. Milebush Road, Castlebar, Co. Mayo",900, Co. Mayo
"27. Milebush Road, Castlebar, Co. Mayo",650, Co. Mayo
"28. 22 Silverbridge, Claremorris, Co. Mayo",750, Co. Mayo
"29. Spencer Manor, Castlebar, Co. Mayo",900, Co. Mayo
"30. Apt 31 Hawthorn Village, Saleen, Castlebar, Co. Mayo",650, Co. Mayo
"31. Cushlough, Saleen, Castlebar, Co. Mayo",850, Co. Mayo
"32. Newline, Castlebar, Co.Mayo, Castlebar, Co. Mayo",800, Co. Mayo
"33. High Street, Westport, Co. Mayo",740, Co. Mayo
"34. Ashwood, Ballinrobe Road, Westport, Co. Mayo",780, Co. Mayo
"35. Knock road, Claremorris, Co. Mayo",750, Co. Mayo
"36. Westport Harbour, Westport, Co. Mayo",800, Co. Mayo
"37. 17 hopkins road castlebar, Castlebar, Co. Mayo",720, Co. Mayo
"38. Chapel st., Castlebar, Co. Mayo",620, Co. Mayo
"39. Riverwalk, Crossmolina, Co. Mayo",480, Co. Mayo
"40. Bruach na hAbhainn, Altamount Street, Westport, Co. Mayo",800, Co. Mayo
"41. 5 The Moorings American street, Belmullet, Co. Mayo",520, Co. Mayo
"42. 3 Brewery Buildings Market Lane, Bridge St., Westport, Co. Mayo",900, Co. Mayo
"43. Carramore, Knock, Co. Mayo",520, Co. Mayo
"44. 14 The Arches Newport, Newport, Co. Mayo",700, Co. Mayo
"45. The Residences, Breaffy, Co. Mayo",650, Co. Mayo
"46. 8 cluain padraig, Westport, Co. Mayo",850, Co. Mayo
"47. Westport, Westport Quay, Co. Mayo",850, Co. Mayo
"48. 19 Altbawn Crescent, Kiltimagh, Co Mayo, Kiltimagh, Co. Mayo",600, Co. Mayo
"49. 103 The Docklands, Belmullet, Co. Mayo",500, Co. Mayo
"1. killegland house, Ashbourne, Co. Meath",1475, Co. Meath
"2. Whitelands, Dunboyne, Co. Meath",1000, Co. Meath
"3. Victorine Abbey, Dublin Road, Trim, Co. Meath",1200, Co. Meath
"4. Bective Square, Kells, Co. Meath",750, Co. Meath
"5. Garden Apartment, Cullenore, Kilcloon, Co. Meath",1250, Co. Meath
"6. Moyvalley Hotel and Golf Resort, Enfield, Co. Meath",1400, Co. Meath
"7. moyvalley Hotel And Golf Resort, Enfield, Co. Meath",1200, Co. Meath
"8. Beaufort Abbey, Navan, Co. Meath",1200, Co. Meath
"9. Main Street Enfield, Enfield, Co. Meath",950, Co. Meath
"10. Athlumney, Navan, Co. Meath",1175, Co. Meath
"11. Neptune Beach Apartments, Bettystown, Co. Meath",1800, Co. Meath
"12. Academy Square, Academy Street, Navan, Co. Meath",1400, Co. Meath
"13. Ledwidge Hall, Slane, Co. Meath",1300, Co. Meath
"14. The Steeples, Timmons Hill, Navan., Navan, Co. Meath",1050, Co. Meath
"15. Chestnut hall, johnstown, Navan, Co. Meath",1200, Co. Meath
"16. Eastham Court, Bettystown, Co. Meath",1400, Co. Meath
"17. Castlemartin, Bettystown, Co. Meath",1250, Co. Meath
"18. Poolboy Quay, Navan, Co. Meath",1400, Co. Meath
"19. Hickey's Lane, Baltrasna, Co. Meath, Ashbourne, Co. Meath",1150, Co. Meath
"20. 5 The steeples, Navan, Co. Meath",1050, Co. Meath
"21. Parsonstowm, Batterstown, Co. Meath",1200, Co. Meath
"22. Tankardstown, Donaghpatrick, Co. Meath",900, Co. Meath
"23. Ludlow Street, Navan, Co. Meath",1300, Co. Meath
"24. Cloncarneel, Ballivor, Co. Meath",800, Co. Meath
"25. Dunboyne Village, Dunboyne, Co. Meath",1150, Co. Meath
"26. The Square, Innwood, Enfield, Co. Meath",1600, Co. Meath
"27. Branstown, Dunshaughlin, Co. Meath",1450, Co. Meath
"28. Rural Ashbourne, 2km From Town Centre, Ashbourne, Co. Meath",1500, Co. Meath
"29. 6A Navan Gate, Trim, Co. Meath",900, Co. Meath
"30. 4 Abbey Row, Kildalkey, Co. Meath",950, Co. Meath
"31. Summerhill Village, Summerhill, Co. Meath",800, Co. Meath
"1. 7 Bramley Orchard, Backlands, Castleblayney, Co. Monaghan",700, Co. Monaghan
"2. Apt. 3, 59 Main Street, Carrickmacross, Co. Monaghan",750, Co. Monaghan
"3. Apt. 2, 29 Main Street, Carrickmacross, Co. Monaghan",750, Co. Monaghan
"4. O\'Neill Street, Carrickmacross, Co. Monaghan",550, Co. Monaghan
"5. The Glebe, Inniskeen, Co. Monaghan",480, Co. Monaghan
"6. Monaghan Rd., Castleblayney, Co. Monaghan",440, Co. Monaghan
"7. Farney Street, Carrickmacross, Co. Monaghan",750, Co. Monaghan
"8. Ardee Road, Carrickmacross, Co. Monaghan",750, Co. Monaghan
"9. Fairways, Annahale, Castleblayney, Co. Monaghan",700, Co. Monaghan
"1. R401, Edenderry, Co. Offaly",900, Co. Offaly
"2. Bridge Lane, Tullamore, Co. Offaly",650, Co. Offaly
"3. Main Street, Banagher, Co. Offaly",450, Co. Offaly
"4. Upper Main Street, Banagher, Co. Offaly",550, Co. Offaly
"5. Birr Town Centre, Birr, Co. Offaly",600, Co. Offaly
"6. Sharavogue Birr, Sharavogue, Co. Offaly",480, Co. Offaly
"7. Riverside, Portarlington, Co. Offaly",850, Co. Offaly
"8. Leabeg, Blueball, Tullamore, Blue Ball, Co. Offaly",480, Co. Offaly
"9. Altmore House, Tara Street, Tullamore, Co. Offaly",975, Co. Offaly
"10. Market Square, Tullamore, Co. Offaly",850, Co. Offaly
"1. The Oaks, Frenchpark, Co. Roscommon",450, Co. Roscommon
"2. Apartment No 1, Marian Court, Dublin Rd, Ballaghaderreen, Co. Roscommon",475, Co. Roscommon
"3. Inver Geal, Carrick-on-Shannon, Co. Roscommon",650, Co. Roscommon
"4. Hawthorn Crescent, Carrick-on-Shannon, Co. Roscommon",650, Co. Roscommon
"5. Baylough, Athlone, Co. Roscommon",850, Co. Roscommon
"6. Church Street, Strokestown, Co. Roscommon",650, Co. Roscommon
"7. riverwalk, Castlerea, Co. Roscommon",550, Co. Roscommon
"8. The Walk Roscommon, Roscommon Town, Co. Roscommon",480, Co. Roscommon
"9. Hodson Bay, Athlone, Co. Roscommon",1500, Co. Roscommon
"1. Waterlane, Sligo, Co. Sligo",750, Co. Sligo
"2. Sea Front, Rosses Point, Co. Sligo",790, Co. Sligo
"3. Millbrook Apts, JFK Parade, Riverside, Sligo, Co. Sligo",800, Co. Sligo
"4. Abbeykiln House, Abbey Street, Sligo, Co. Sligo",650, Co. Sligo
"5. Milbrook Apartments, Riverside, Sligo, Co. Sligo",850, Co. Sligo
"6. Milbrook, Riverside, Sligo, Co. Sligo",750, Co. Sligo
"7. 21 MILL FALLS, Collooney, Co. Sligo",820, Co. Sligo
"8. Mill Falls, Collooney, Co. Sligo",780, Co. Sligo
"9. Edenmount Hall,Brooklawns, First Sea Road, Sligo, Co. Sligo",715, Co. Sligo
"10. High Street, Sligo, Co. Sligo",650, Co. Sligo
"11. Ballincourt, Ballintogher, Co. Sligo",450, Co. Sligo
"12. Church Street, Sligo, Co. Sligo",600, Co. Sligo
"13. 12 Rockwood Crescent, Tobergal Lane, Sligo, Co. Sligo",790, Co. Sligo
"14. A12, City Gate, Mail Coach Road, Sligo, Co. Sligo",600, Co. Sligo
"15. Ballisodare, Ballisodare, Co. Sligo",600, Co. Sligo
"16. Humbert St, Tubbercurry, Co. Sligo",500, Co. Sligo
"17. Lisnarawer, Beltra, Co. Sligo",500, Co. Sligo
"18. Mill Falls, Old Street, Collooney, Co. Sligo",730, Co. Sligo
"19. 4 The Village Square, Collooney, Co. Sligo",600, Co. Sligo
"20. 49 the mall, Sligo, Co. Sligo",700, Co. Sligo
"21. Loughanelteen, Calry, Co. Sligo",400, Co. Sligo
"22. Rosses Point, Sligo, Co. Sligo",500, Co. Sligo
"23. Farrellmacfarrell Dromore West, Dromore West, Co. Sligo",360, Co. Sligo
"24. Tonaphubble, Sligo, Co. Sligo",555, Co. Sligo
"25. blackthorn riverstown cosligo, Sligo, Co. Sligo",650, Co. Sligo
"26. 16 Hollymount, Rosses Point Road, Toberscanavan, Co. Sligo",950, Co. Sligo
"27. sligo town, Sligo, Co. Sligo",750, Co. Sligo
"28. R292, Ransboro, Co. Sligo",560, Co. Sligo
"1. Knocknagow, North Quay, Carrick-on-Suir, Co. Tipperary",700, Co. Tipperary
"2. 24 summerhill nenagh, Nenagh, Co. Tipperary",450, Co. Tipperary
"3. No 4 Main Street, Tipperary Town, Co. Tipperary",600, Co. Tipperary
"4. Abbey Street clonmel, Clonmel, Co. Tipperary",550, Co. Tipperary
"5. Westcourt, The Quays, Clonmel, Co. Tipperary",800, Co. Tipperary
"6. Old Waterford Road, Carrick Beg, Carrrick on Suir, Carrick-on-Suir, Co. Tipperary",700, Co. Tipperary
"7. Apartment, Woodlawn, Cashel, Co. Tipperary",500, Co. Tipperary
"8. Dolla, Dolla, Co. Tipperary",500, Co. Tipperary
"9. Marlfield House, Clonmel, Co. Tipperary",600, Co. Tipperary
"10. Riverside Shopping Centre, Borrisokane, Co. Tipperary",850, Co. Tipperary
"11. Riverside Shopping Centre, Borrisokane, Co. Tipperary",700, Co. Tipperary
"12. 34 Ballina Quay, Ballina, Co. Tipperary",900, Co. Tipperary
"13. Bank Street, Templemore, Co. Tipperary",500, Co. Tipperary
"14. Quarry Mews Mitchel Street, Thurles, Co. Tipperary",500, Co. Tipperary
"15. half mile from templemore, Templemore, Co. Tipperary",600, Co. Tipperary
"16. 42 The Chase, Knockbrit, Co. Tipperary",1000, Co. Tipperary
"17. Ladyswell st, Cashel, Co. Tipperary",750, Co. Tipperary
"18. apartment 5, wellington house, wellington street, Clonmel, Co. Tipperary",600, Co. Tipperary
"19. Pearse st, Nenagh, Co. Tipperary",480, Co. Tipperary
"20. Dominics Court, Cashel, Co. Tipperary",750, Co. Tipperary
"1. Watersgate, Billberry, Waterford, Waterford City, Co. Waterford",1100, Co. Waterford
"2. Railway Square, Castle Place, Waterford City, Co. Waterford",1100, Co. Waterford
"3. 20 Olympia Court Apartments, Parnell Street, Waterford City, Co. Waterford",750, Co. Waterford
"4. Mount Suir, Gracedieu, Co. Waterford",950, Co. Waterford
"5. Glencove, Dunmore Road, Waterford City, Co. Waterford",1250, Co. Waterford
"6. Apartment 3 21/22 Board Street, Waterford City, Co. Waterford",2000, Co. Waterford
"7. Apartment 1 21/22 Broad Street, Waterford City, Co. Waterford",2000, Co. Waterford
"8. Atlantic Coast Apartment, Tramore, Co. Waterford",900, Co. Waterford
"9. Apartment 4 Congreve House Scotch Quay, Waterford City, Co. Waterford",850, Co. Waterford
"10. The Quay, Waterford City, Co. Waterford",825, Co. Waterford
"11. Circular Road, Dunmore East, Co. Waterford",650, Co. Waterford
"12. Aylesbury Manor, Waterford City, Co. Waterford",350, Co. Waterford
"13. De Bruin Court, Waterford City, Co. Waterford",365, Co. Waterford
"14. High Street, Waterford City, Co. Waterford",850, Co. Waterford
"15. O\\\'Connell Street, Waterford City, Co. Waterford",650, Co. Waterford
"16. Bridgeview Court, Bridge Street, Waterford City, Co. Waterford",850, Co. Waterford
"17. Apt 3, 12 Parnell Street, Waterford City, Co. Waterford",750, Co. Waterford
"18. The Old Infirmary, Johns Hill, Waterford City, Co. Waterford",850, Co. Waterford
"19. Pebble Walk, Pebble Beach, Tramore, Co. Waterford",700, Co. Waterford
"20. 57 Barrack Street, Waterford City, Co. Waterford",600, Co. Waterford
"21. Collins Avenue, Dunmore Road, Waterford City, Co. Waterford",1200, Co. Waterford
"22. 9 The Bridge, Bridge Street, Dungarvan, Co. Waterford",700, Co. Waterford
"23. The Glen, Gracedieu, Co. Waterford",850, Co. Waterford
"24. Church street, Ballyduff, Co. Waterford",600, Co. Waterford
"25. 7A Mahon Mills, Kilmacthomas, Co. Waterford",700, Co. Waterford
"26. The Boathouse, Scotch Quay, Waterford City, Co. Waterford",800, Co. Waterford
"27. Harbour View, Canada Street, Waterford City, Co. Waterford",800, Co. Waterford
"28. Ballybrussa, Grange, Dungarvan, Co. Waterford",550, Co. Waterford
"1. Esker Glenn, Bonavalley, Dublin Rd., Athlone, Co. Westmeath",1200, Co. Westmeath
"2. Shannon Weir - 2 bed, Athlone, Co. Westmeath",950, Co. Westmeath
"3. Goldsmith Close, Athlone, Co. Westmeath",900, Co. Westmeath
"4. 22 Strandcourt Penthouse, Athlone, Co. Westmeath",1400, Co. Westmeath
"5. Apt 3 Mildstone House, Golden Island, Athlone, Co. Westmeath",950, Co. Westmeath
"6. 19 Radharc An Chuain, Mullingar, Co. Westmeath",950, Co. Westmeath
"7. Nort Gate ST Sliver Quay, Athlone, Co. Westmeath",900, Co. Westmeath
"8. Ash Lane, Royal Canal, Mullingar, Co. Westmeath",700, Co. Westmeath
"9. Gorteen, Mullingar, Co. Westmeath",700, Co. Westmeath
"10. Ard Ri, Athlone, Co. Westmeath",1000, Co. Westmeath
"11. Grove Street, Mullingar, Co. Westmeath",1000, Co. Westmeath
"12. Bellville Apartments, Mullingar, Co. Westmeath",825, Co. Westmeath
"13. Ardluain Green, Mullingar, Co. Westmeath",700, Co. Westmeath
"14. Jolly Mariner, Coosan, Athlone, Co. Westmeath",1600, Co. Westmeath
"15. 10 Whitcroft Court, Moate, Co. Westmeath",850, Co. Westmeath
"16. 3 Galey House, Ard Ri, Athlone, Co. Westmeath",880, Co. Westmeath
"17. Rockbrook, Athlone, Co. Westmeath",800, Co. Westmeath
"18. 22 Bastion Quay, Athlone, Co. Westmeath",1400, Co. Westmeath
"19. Jollymarnier, Athlone, Co. Westmeath",1400, Co. Westmeath
"20. Beechdrive, Mullingar, Co. Westmeath",600, Co. Westmeath
"21. 3A Oakcrest, Mullingar, Co. Westmeath",500, Co. Westmeath
"22. 29 Marlinstown Park, Mullingar, Co. Westmeath",895, Co. Westmeath
"23. Wellmount Student Village, Athlone, Co. Westmeath",360, Co. Westmeath
"24. ballinahowen court, Athlone, Co. Westmeath",400, Co. Westmeath
"25. Annagh, Ballykeeran, Athlone, Co. Westmeath",750, Co. Westmeath
"1. 12 Waterloo road Wexford, Wexford Town, Co. Wexford",600, Co. Wexford
"2. Hollyville Heights, Wexford Town, Co. Wexford",800, Co. Wexford
"3. Station Court, Gorey, Co. Wexford",950, Co. Wexford
"4. Pinewood, Wexford Town, Co. Wexford",700, Co. Wexford
"5. Lr. Bride St, Wexford Town, Co. Wexford",650, Co. Wexford
"6. R741, Ballyedmond, Co. Wexford",540, Co. Wexford
"7. Keywest, The Quay, Wexford Town, Co. Wexford",850, Co. Wexford
"8. Keywest, The Quay, Wexford Town, Co. Wexford",750, Co. Wexford
"9. Priory Court, Spawell Road, Wexford Town, Co. Wexford",775, Co. Wexford
"10. The Cottage , Salville House, Enniscorthy, Co. Wexford",650, Co. Wexford
"11. The Green, Clonard Village, Wexford Town, Co. Wexford",825, Co. Wexford
"12. Trinity Street, Wexford Town, Co. Wexford",600, Co. Wexford
"13. Tuskar House, John's Gate Sreet, Wexford Town, Co. Wexford",750, Co. Wexford
"14. The Old Schoolyard, Riverchapel, Gorey, Co. Wexford",750, Co. Wexford
"15. Alder Court, Ferns, Co. Wexford",850, Co. Wexford
"16. 38 Riverchapel View, Riverchapel, Co. Wexford",850, Co. Wexford
"17. Waterside, New Ross, Co. Wexford",700, Co. Wexford
"18. Hilltown, Killinick, Co. Wexford",750, Co. Wexford
"19. 3 Doyles Barn, New Ross, New Ross, Co. Wexford",625, Co. Wexford
"20. Melrose Court, Upper George's Street, Wexford Town, Co. Wexford",700, Co. Wexford
"21. Station Court The Avenue Gorey, Gorey, Co. Wexford",1000, Co. Wexford
"22. Rosbercon, New Ross, Co. Wexford",600, Co. Wexford
"23. Ballyhine Lane, Barntown, Co. Wexford",800, Co. Wexford
"24. Stonebridge, Paul Quay, Wexford Town, Co. Wexford",1750, Co. Wexford
"25. Castlegardens, St Helens Village, Kilrane, Co. Wexford",750, Co. Wexford
"26. Glebe, Meelnagh, Castletalbot, Blackwater, Co. Wexford",600, Co. Wexford
"27. Quay Street, New Ross, Co. Wexford",700, Co. Wexford
"28. Quay Street, New Ross, Co. Wexford",600, Co. Wexford
"29. Quay Street, New Ross, Co. Wexford",600, Co. Wexford
"30. Quay Street, New Ross, Co. Wexford",720, Co. Wexford
"31. Quay Street, New Ross, Co. Wexford",700, Co. Wexford
"32. Quay Street, New Ross, Co. Wexford",720, Co. Wexford
"33. Avenue Grove, Gorey, Co. Wexford",1000, Co. Wexford
"34. Apt. No. 6, The Pillar, King Street, Wexford Town, Co. Wexford",780, Co. Wexford
"35. Lower George Street, Wexford Town, Co. Wexford",600, Co. Wexford
"36. Lower George's Street, Wexford Town, Co. Wexford",650, Co. Wexford
"37. 19 Castle Gardens, Kilrane, Co. Wexford",700, Co. Wexford
"38. shingaun, Mile house, Enniscorthy, Co. Wexford",600, Co. Wexford
"39. 1 Portsmouth House, Templeshannon, Enniscorthy, Co. Wexford",650, Co. Wexford
"1. Slaney Park, Baltinglass, Co. Wicklow",1000, Co. Wicklow
"2. The Mews, Enniskerry, Co. Wicklow",1100, Co. Wicklow
"3. Ash Mews, Sidmonton Road, Bray, Co. Wicklow",1400, Co. Wicklow
"4. Kilmurray South, Kilmacanogue, Co. Wicklow",1400, Co. Wicklow
"5. The Mews, Roseair, Eden road, Greystones, Co. Wi, Greystones, Co. Wicklow",1750, Co. Wicklow
"6. 14 The Lodges, Rocky Valley Crescent, Kilmacanogue, Co. Wicklow",1300, Co. Wicklow
"7. Mizen Courtyard, Marina Village, Arklow, Co. Wicklow",1150, Co. Wicklow
"8. Roseville Court, Bray, Co. Wicklow",1050, Co. Wicklow
"9. Mizen Court, Arklow Marina, Arklow, Co. Wicklow",1150, Co. Wicklow
"10. Charlesland Park, Greystones, Co. Wicklow",1820, Co. Wicklow
"11. Ballylusk, Ashford, Co. Wicklow",900, Co. Wicklow
"12. Roundwood Village, Roundwood, Co. Wicklow",1100, Co. Wicklow
"13. Quinsboro Road, Bray, Co. Wicklow",1700, Co. Wicklow
"14. Priory Court, Eden Gate, Delgany, Co. Wicklow",1200, Co. Wicklow
"15. Sydenham Mews, Sidmonton Road, Bray, Co. Wicklow",1100, Co. Wicklow
"16. Duncairn Terrace D, Bray, Co. Wicklow",1250, Co. Wicklow
"17. Sidbury Court, Bray, Co. Wicklow",1360, Co. Wicklow
"18. Cloncallow, Kilmartin, Newcastle, Ashford, Co. Wicklow",950, Co. Wicklow
"19. Rockview Park, Arklow, Co. Wicklow",1250, Co. Wicklow
"20. Glenealy, Glenealy, Co. Wicklow",900, Co. Wicklow
"21. Charlesland Court, Greystones, Co. Wicklow",1650, Co. Wicklow
"22. 15 The oakes Diamond Valley Bray, Bray, Co. Wicklow",1550, Co. Wicklow
"23. main street, Carnew, Co. Wicklow",700, Co. Wicklow
"24. 15 minute walk to dart, Greystones, Co. Wicklow",1200, Co. Wicklow
