House,Price,County
"1. Apartment 12-09, The Arc, 2K Queens Road, Belfast, Belfast City Centre, Belfast, Co. Antrim",850970, Co. Antrim
"1. Glynn, St. Mullins, Co. Carlow",700, Co. Carlow
"2. Potato Market, Carlow Town, Co. Carlow",700, Co. Carlow
"3. 7 Chaff Street, Graiguecullen, Carlow Town, Co. Carlow",900, Co. Carlow
"4. Barrow Mews, Carlow Town, Co. Carlow",750, Co. Carlow
"5. Riverdell, Haymarket, Carlow Town, Co. Carlow",900, Co. Carlow
"1. 13 Headford Grove, Virginia, Co. Cavan",800, Co. Cavan
"2. Church Street, Cavan, Co. Cavan",750, Co. Cavan
"3. Catherdal Road, Cavan, Cavan, Co. Cavan",600, Co. Cavan
"4. Cluain Aoibhinn Court, Swellan, Cavan, Co. Cavan",600, Co. Cavan
"5. 2 Annalee Drive, Ballyhaise Cavan, Ballyhaise, Co. Cavan",600, Co. Cavan
"6. Russell Quay, Ballyconnell, Co. Cavan, Ballyconnell, Co. Cavan",685, Co. Cavan
"7. Apartment 25 Canal Bank Walk, Castleforde Ballycon, Ballyconnell, Co. Cavan",600, Co. Cavan
"8. Co Cavan, Lough Gowna, Co. Cavan",500, Co. Cavan
"9. Stramatt, Lisduff, Virginia, Co. Cavan",900, Co. Cavan
"10. The Plaza College Street, Cavan, Co. Cavan",700, Co. Cavan
"11. Apartment NO 3, Gortoolan Ballyconnell Co Cavan, Ballyconnell, Co. Cavan",400, Co. Cavan
"12. Arasain Pheadair Bawnboy, Ballyconnell, Co. Cavan",500, Co. Cavan
"13. Apt 5, The Elms, Woodford Meadows, Ballyconnell, Co. Cavan",550, Co. Cavan
"1. Town court, Shannon, Co. Clare",600, Co. Clare
"2. Boheroan, Newmarket on Fergus, Co. Clare",800, Co. Clare
"3. Inis Chlair, Clarecastle, Co. Clare",850, Co. Clare
"4. Merchants Quay, Kilrush, Co. Clare",700, Co. Clare
"5. Cuirt Na HEaglaise, Newmarket on Fergus, Co. Clare",800, Co. Clare
"6. Boheraroan, Newmarket on Fergus, Co. Clare",800, Co. Clare
"7. Bruagh Na Habhann, Quinn road, Ennis, Co. Clare",825, Co. Clare
"8. 156 Bru na Sionna, Shannon, Co. Clare",1000, Co. Clare
"9. Salthouse Lane, Ennis, Co. Clare",800, Co. Clare
"10. Riverwood Retirement village, Kilrush, Co. Clare",650, Co. Clare
"11. Moore Street, Kilrush, Co. Clare",400, Co. Clare
"12. Apartment 1, Garna House Retail Centre, Sixmilebridge, Co. Clare",800, Co. Clare
"13. CUIRT an FHILE, ROSLEVAN, Ennis, Co. Clare",750, Co. Clare
"14. Lahinch Road, Ennistymon, Ennistymon, Co. Clare",600, Co. Clare
"15. 3 Merchant\'s Quay, Kilrush, Co. Clare",360, Co. Clare
"1. Conna Co Cork, Conna, Co. Cork",750, Co. Cork
"2. Roxboro Close, The Rock, Midleton, Co. Cork",1150, Co. Cork
"3. Woodville, Rochestown, Co. Cork",1200, Co. Cork
"4. Black Quay, Hollyhill, Kinsale, Co. Cork",1165, Co. Cork
"5. Pembroke Grove, Passage West, Co. Cork",1400, Co. Cork
"6. The Oaks, Wentworth Gardens, Bishopstown, Co. Cork",1252, Co. Cork
"7. Liosbourne, Carrigaline, Co. Cork",775, Co. Cork
"8. Orchard Court, Orchard Road, Victoria Cross, Co. Cork",1400, Co. Cork
"9. 37 Downview, Faranlea Road, Cork City, Victoria Cross, Co. Cork",2600, Co. Cork
"10. Glanmire Village, Glanmire, Co. Cork",1200, Co. Cork
"11. Rutland Place, South Terrace, Cork City, Co. Cork",1400, Co. Cork
"12. Fernwood Court, Glanmire, Co. Cork",1250, Co. Cork
"13. River Wharf, Mill Road, Midleton, Co. Cork",1250, Co. Cork
"14. Church St Dromcollogher, Charleville, Co. Cork",240, Co. Cork
"15. Watergold, Douglas, Co. Cork",1750, Co. Cork
"16. 22 Granary Hall, Mount Oval Village, Rochestown, Co. Cork",1300, Co. Cork
"17. Desmond Court, Cork Street, Kinsale, Co. Cork",850, Co. Cork
"18. 25 mill race, mill road, Midleton, Co. Cork",1050, Co. Cork
"19. The Elysian, Eglinton Street, Cork City, Co. Cork",3500, Co. Cork
"20. The Elysian, Eglinton Street, Cork City, Co. Cork",3170, Co. Cork
"21. Kilnaglory, Ballincollig, Co. Cork",950, Co. Cork
"22. Ballyleary Rd, Newtown, Cobh, Co. Cork",900, Co. Cork
"23. Patrick's Hill, Cork City, Co. Cork",1352, Co. Cork
"24. Corrin Court, Cork Road, Fermoy, Co. Cork",795, Co. Cork
"25. No. 3 Egmont Court, Earl Street, Kanturk, Co. Cork, Kanturk, Co. Cork",700, Co. Cork
"26. Kilominogue Innishannon, Kinsale, Co. Cork",650, Co. Cork
"27. 67A Main St, Kinsale, Co. Cork",1900, Co. Cork
"28. 3 Manhattan Apartments Lower O Connell St, Kinsale, Co. Cork",1200, Co. Cork
"29. Quartertown,Mallow,Co.Cork, Mallow, Co. Cork",550, Co. Cork
"30. Quay, Main st, Skibbereen, Co. Cork",775, Co. Cork
"31. North St, Skibbereen, Co. Cork",650, Co. Cork
"32. Lee Road, Cork City, Co. Cork",1300, Co. Cork
"33. The Cloisters, Douglas, Co. Cork",1500, Co. Cork
"34. Farranlea road, Cork City, Co. Cork",2800, Co. Cork
"35. Maryborough Ridge, Douglas, Co. Cork",1620, Co. Cork
"36. Washington Street, Cork City, Co. Cork",864, Co. Cork
"37. Main St, Watergrasshill, Co. Cork",2500, Co. Cork
"38. Cork City Centre, Cork City, Co. Cork",1230, Co. Cork
"39. The Cloisters, Douglas, Co. Cork",1100, Co. Cork
"40. Alfred Street, Cork City, Co. Cork",1456, Co. Cork
"41. Cork City Centre, Cork City, Co. Cork",1903, Co. Cork
"42. Old Quarry, Ballincollig, Co. Cork",1350, Co. Cork
"43. The Grand, Crosshaven, Co. Cork",1450, Co. Cork
"44. The Kingfisher, Jacob\'s Island, Ballinure, Co. Cork",1395, Co. Cork
"45. Lisin, Sunday's Well, Co. Cork",1735, Co. Cork
"46. 5 The Arches, Halfway Village, Ballinhassig, Co. Cork",1100, Co. Cork
"47. Ivy Court, Broomfield Village, Midleton, Co. Cork",1100, Co. Cork
"48. Cloghroe House, Ballincollig, Co. Cork",825, Co. Cork
"49. East End, Drimoleague, Co. Cork",400, Co. Cork
"50. City Square, Watercourse Road, Blackpool, Co. Cork",1600, Co. Cork
"51. Ballyvorisheen West, Carrignavar, Co. Cork",900, Co. Cork
"52. 3 Westside, Fairgreen, New Road, Mallow, Co. Cork",850, Co. Cork
"53. 49 Shearwater, Kinsale, Co. Cork",1750, Co. Cork
"54. Navillus, Togher (Cork City), Co. Cork",1200, Co. Cork
"55. Hollybrook, Orchard Road, Victoria Cross, Co. Cork",2000, Co. Cork
"56. Cois Na hAbhann, Bailick Road, Midleton, Co. Cork",1250, Co. Cork
"57. Apt, 7, West Beach, Cobh, Co. Cork",775, Co. Cork
"58. 9 Summerstown Avenue, Glasheen, Co. Cork",1400, Co. Cork
"59. An Radharc, Maryborough Ridge, Maryborough Hill, Douglas, Co. Cork",1575, Co. Cork
"60. Hazel House, Garrane Dara, Sarsfield Road, Wilton, Co. Cork",1180, Co. Cork
"61. Crawford View, Emmet Place, Cork City, Co. Cork",1800, Co. Cork
"62. Silverpoint, Silversprings, Co. Cork",1450, Co. Cork
"63. Summerhill South, Cork City, Co. Cork",1200, Co. Cork
"64. ., Ballinascarty, Co. Cork",750, Co. Cork
"65. 13 Ownahincha Apartments, Ownahincha, Co. Cork",650, Co. Cork
"66. Tullyland, Bandon, Co. Cork",750, Co. Cork
"67. Apartment 3, 8 Ballymoden Place, Bandon, Co. Cork",900, Co. Cork
"68. Apartment B, 20 Cuil na Carraige, Ballymakeera, Co. Cork",600, Co. Cork
"69. Pier Road, Kinsale, Co. Cork",1100, Co. Cork
"70. 309 Brideholm, Commons Road, Blackpool, Co. Cork",1500, Co. Cork
"71. Barrack Street Ballyclough, Mallow, Co. Cork",650, Co. Cork
"72. First Floor, 19 Military Road, St. Lukes, Co. Cork",1500, Co. Cork
"73. 14 The Lodge, The Oaks, Classes Lake, Ballincollig, Co. Cork",1200, Co. Cork
"74. The Haven, Jacobs island Cork, Mahon, Co. Cork",1600, Co. Cork
"75. 5 Newmills, Brownsmills, Kinsale, Co. Cork",1400, Co. Cork
"76. Newmills Brownsmills Kinsale, Kinsale, Co. Cork",1200, Co. Cork
"77. 2 Heron Court, Skibbereen, Co. Cork",750, Co. Cork
"78. Harbour Heights, Passage West, Co. Cork",1450, Co. Cork
"79. 2 The Belfry, John O\'Connell Street, Cobh, Co. Co, Cobh, Co. Cork",1150, Co. Cork
"80. Baldwin Street, Mitchelstown, Co. Cork",925, Co. Cork
"81. main street ballineen, Ballineen, Co. Cork",540, Co. Cork
"82. 3 The Malthouse, Kinsale, Co. Cork",1200, Co. Cork
"83. 59 MacCurtain Street, Cork City, Co. Cork",3400, Co. Cork
"84. 3A college court Clonakilty, Clonakilty, Co. Cork",600, Co. Cork
"85. Flat, spy hill, Cobh, Co. Cork",1100, Co. Cork
"86. No. 21 Beechwood mews, Cluain ard, Cobh, Co. Cork",1200, Co. Cork
"87. Apartment 4 Bishops Island, Watergrasshill, Co. Cork",1000, Co. Cork
"88. North St., Skibbereen, Co. Cork",700, Co. Cork
"89. Mayfield Business Park, Mayfield, Co. Cork",2000, Co. Cork
"90. Midleton, Dungourney, Co. Cork",700, Co. Cork
"91. Brigown, Mitchelstown, Co. Cork",625, Co. Cork
"92. caheragh, Caheragh, , Co. Cork",650, Co. Cork
"93. North St., Skibbereen, Co. Cork",425, Co. Cork
"94. Cappyaughna, Glengarriff, Co. Cork",700, Co. Cork
"1. Main Street, Ballyshannon, Co. Donegal",520, Co. Donegal
"2. riverside, Letterkenny, Co. Donegal",520, Co. Donegal
"3. Tir Chonaill Street, Ballyshannon, Co. Donegal",500, Co. Donegal
"4. Apt 24 Glenveagh Court, Letterkenny, Co. Donegal",800, Co. Donegal
"5. 32 Burnside Park, Letterkenny, Co. Donegal",560, Co. Donegal
"6. 8 Court Apartment, Banks Lane, Letterkenny, Co. Donegal",900, Co. Donegal
"7. 2 Railway Court, Pearse Road, Letterkenny, Co. Donegal",650, Co. Donegal
"8. 21 Quayside Apartments, Ramelton, Co. Donegal",850, Co. Donegal
"9. 18 The Fort, Greencastle, Co. Donegal",750, Co. Donegal
"10. 53 Riverside View Apartments, Pearse Road, Letterkenny, Co. Donegal",400, Co. Donegal
"11. Riverside View, Letterkenny, Co. Donegal",440, Co. Donegal
"12. Westside Apartments, Letterkenny, Co. Donegal",520, Co. Donegal
"13. Loughnagin Ramelton Road, Letterkenny, Co. Donegal",600, Co. Donegal
"14. Lifford Court Apartments, Lifford, Co. Donegal",440, Co. Donegal
"15. Apt 1 86 Upper Main street, Letterkenny, Co. Donegal",600, Co. Donegal
"16. 31 Cill Greine, Letterkenny, Co. Donegal",650, Co. Donegal
"17. 49 Grand Central Apartments, Letterkenny, Co. Donegal",650, Co. Donegal
"18. Trentaboy, Drumkeen, Co. Donegal",600, Co. Donegal
"19. 89a The Green Thornberry, Kilmacrennan Rd, Letterkenny, Co. Donegal",650, Co. Donegal
"20. The Maples, Lismonaghan, Letterkenny, Co. Donegal",565, Co. Donegal
"21. Apt 3 William Street, Raphoe, Co. Donegal",320, Co. Donegal
"22. Mill Park Apartments, Donegal Town, Co. Donegal",700, Co. Donegal
"23. Ardmore Court, Upper Main Street, Ballyshannon, Co. Donegal",550, Co. Donegal
"24. 1 Bakers Court, Ballyshannon, Co. Donegal",550, Co. Donegal
"25. Riverfront House, Letterkenny, Co. Donegal",620, Co. Donegal
"26. 8 Grand central Apartments, Canal Road, Letterkenny, Co. Donegal",700, Co. Donegal
"27. Apt 1, Slieve League View, Carrick, Co. Donegal",450, Co. Donegal
"28. Magheraclogher, Bunbeg, Co. Donegal",460, Co. Donegal
"1. 7 Carlinn's Cove, Rostrevor, Co. Down",700799, Co. Down
"1. Rockview, Blackglen Road, Sandyford, Dublin 18",2200, Dublin 18
"2. The Tower, Smithfield, Dublin 7, Dublin 7",3500, Dublin 7
"3. Number 1 Ballsbridge Shelbourne Road, Ballsbridge, Dublin 4",6000, Dublin 4
"4. Number 1 Ballsbridge Shelbourne Road, Ballsbridge, Dublin 4",5500, Dublin 4
"5. Number 1 Ballsbridge Shelbourne Road, Ballsbridge, Dublin 4",5000, Dublin 4
"6. Number 1 Ballsbridge Shelbourne Road, Ballsbridge, Dublin 4",19000, Dublin 4
"7. Number 1 Ballsbridge Shelbourne Road, Ballsbridge, Dublin 4",3850, Dublin 4
"8. De Vesci Court, Monkstown, Co. Dublin",2600, Co. Dublin
"9. The Grange, Brewery Road, Stillorgan, Co. Dublin",1950, Co. Dublin
"10. Northbank, Castleforbes Road, Dublin 1",1950, Dublin 1
"11. Sir John Rogerson's Quay, Grand Canal Dock, Dublin 2",3300, Dublin 2
"12. Vantage by Kennedy Wilson, Central Park, Leopardstown, Dublin 18",2939, Dublin 18
"13. Northbank Apartments, Castleforbes Road, Dublin 1",2350, Dublin 1
"14. Vantage by Kennedy Wilson, Central Park, Leopardst, Leopardstown, Dublin 18",2500, Dublin 18
"15. Northbank Apartment, Castleforbes Road, Dublin 1",2800, Dublin 1
"16. Sweepstakes, Ballsbridge, Dublin 4",3000, Dublin 4
"17. Adelaide Square, Dublin 2",3400, Dublin 2
"18. 83 St Mary's Lane, Ballsbridge, Dublin 4",2600, Dublin 4
"19. Adelaide Square, Dublin 2",3400, Dublin 2
"20. Smithfield Market - 16E, Smithfield, Dublin 7",2700, Dublin 7
"21. 145 147 Waterfall Court, Apt 15, Waterfall Avenue, Drumcondra, Dublin 3",1911, Dublin 3
"22. OCallaghan Court, Grand Canal Dock, Dublin 2",2250, Dublin 2
"23. Cathedral Court, Dublin 2",3750, Dublin 2
"24. Cathedral Court, Dublin 2",2800, Dublin 2
"25. Cathedral Court, Dublin 2",2250, Dublin 2
"26. 532 The Maple,Beacon South Quarter, Sandyford, Dublin 18",2300, Dublin 18
"27. Longford House Spencer Dock, Dublin 1",2700, Dublin 1
"28. Shelbourne Road Apartments, Ballsbridge, Dublin 4",3600, Dublin 4
"29. 24-25 Pearse Square, Grand Canal Dock, Dublin 2",2600, Dublin 2
"30. Templeogue rd, Dublin 4",2200, Dublin 4
"31. Greenlea Place, Terenure, Dublin 6w",1900, Dublin 6w
"32. Alexandra College, Milltown, Dublin 6",750, Dublin 6
"33. The Newman, The Court, Killiney, Killiney, Co. Dublin",3000, Co. Dublin
"34. Roebuck Hill, Clonskeagh, Dublin 14",2000, Dublin 14
"35. Grosvenor Square, Rathmines, Dublin 6",1900, Dublin 6
"36. 53 Millrace Road, Castleknock, Dublin 15",3000, Dublin 15
"37. The Weir, 59 Orwell Park, Rathgar, Dublin 6",2950, Dublin 6
"38. Aungier St, Dublin 2",1920, Dublin 2
"39. The Courtyard, Beechpark, Clonsilla, Dublin 15",1750, Dublin 15
"40. Millrace Court, Vergemount Road, Clonskeagh, Ranelagh, Dublin 6",3600, Dublin 6
"41. Windmilll Lane, Dublin 2",2400, Dublin 2
"42. Ailesbury Road, Merrion, Dublin 4",10000, Dublin 4
"43. The Edges 1, Beacon South Quarter, Sandyford, Dublin 18",2200, Dublin 18
"44. Hollybrook, Foxrock, Dublin 18",3500, Dublin 18
"45. 149 Rathgar road, Rathmines Dublin 6, Rathmines, Dublin 6",1585, Dublin 6
"46. 82 Trimbleston, Goatstown Rd, Dublin 14, Goatstown, Dublin 14",2200, Dublin 14
"47. Burgh House, Patrick Street, Dublin 8, Christchurch, Dublin 8",1800, Dublin 8
"48. 63 Eaglewood, Rochestown Avenue, Dun Laoghaire, Co. Dublin",1850, Co. Dublin
"49. 28 Leinster Square, Rathmines, Dublin 6",1800, Dublin 6
"50. 23 Bellevue, Block B, Islandbridge, Dublin 8",1950, Dublin 8
"51. 124 Capel st, Dublin 1",2500, Dublin 1
"52. Kinsella Hall, Collegewood, Castleknock, Dublin 15",1800, Dublin 15
"53. Herbert Park Lane, Ballsbridge, Dublin 4",2500, Dublin 4
"54. Adelaide Square, Dublin 2",2820, Dublin 2
"55. The Meadow, Robswall, Malahide, Co. Dublin",2750, Co. Dublin
"56. Alexandra Walk, Dublin 2",2920, Dublin 2
"57. Warrington Place, Dublin 2",3950, Dublin 2
"58. Quartiere Bloom, Lower Ormond Quay, Dublin 1",2400, Dublin 1
"59. 9 Brennanstown Ave, Cabinteely, Dublin 18",1950, Dublin 18
"60. Apt 22 Belarmine Square, Stepaside, Dublin 18",1800, Dublin 18
"61. The Cubes 3, Beacon South Quarter, Sandyford, Dublin 18",2300, Dublin 18
"62. West Court Yard, Cabinteely, Dublin 18",2500, Dublin 18
"63. dorset street, Dublin 1",2400, Dublin 1
"64. gardiner place, Dublin 1",1600, Dublin 1
"65. Inglenook Wood, Carrickmines, Dublin 18",2350, Dublin 18
"66. Baggoth Rath, Newbridge Avenue, Ballsbridge, Dublin 4",4200, Dublin 4
"67. Alexandra Walk, Dublin 2",3600, Dublin 2
"68. Greeg Court Parnell Street, Dublin 1",3000, Dublin 1
"69. Acorn House, Seven Oaks, Rathmines, Dublin 6",1400, Dublin 6
"70. Apartment 13 ,Pavilion II, Marine Road, Dun Laoghaire, Co. Dublin",2695, Co. Dublin
"71. Apartment 134 Seamount, Blackrock, Co. Dublin",1950, Co. Dublin
"72. Westfield, Sion Hill, Blackrock, Co. Dublin",1895, Co. Dublin
"73. Thomastown House, Spencer Dock, Dublin 1",2200, Dublin 1
"74. Newtownsmith, Sandycove, Co. Dublin",2600, Co. Dublin
"75. Booterstown Wood, Booterstown Avenue, Booterstown, Co. Dublin",2541, Co. Dublin
"76. Richmond Hall, Mount St Annes, Milltown, Dublin 6",2500, Dublin 6
"77. Millrace Court, Phoenix Park Racecourse, Castleknock, Dublin 15",1768, Dublin 15
"78. Saint Augustine Court, Christchurch, Dublin 8",1900, Dublin 8
"79. Baggot Court Apartments, Baggot Court, Dublin 2",3200, Dublin 2
"80. East Courtyard, Tullyvale, Cabinteely, Dublin 18",3000, Dublin 18
"81. Shrewsbury Park, Ballsbridge, Dublin 4",2600, Dublin 4
"82. 1 The Friary Cecilia's Street, Temple Bar, Dublin 2",4000, Dublin 2
"83. 218 south circular road, South Circular Road, Dublin 8",1500, Dublin 8
"84. Merrion Street, Dublin 2",8850, Dublin 2
"85. 37 St Anns, Ailesbury Road, Donnybrook, Dublin 4",4500, Dublin 4
"86. 211 The Gates, Beacon South Quarter, Sandyford, Dublin 18",1978, Dublin 18
"87. 24 Milltown Hall, Mt St Annes, Milltown, Dublin 6",2500, Dublin 6
"88. Bowbridge Place, Kilmainham, Dublin 8",2600, Dublin 8
"89. Patrick Street Street, Christchurch, Dublin 8",2600, Dublin 8
"90. Castlepark Road Dalkey, Co. Dublin, Dalkey, Co. Dublin",5250, Co. Dublin
"91. 170 Beechwood Court, Stillorgan, Co. Dublin",3500, Co. Dublin
"92. 82 Lower Beechwood Avenue, Ranelagh, Dublin 6",2000, Dublin 6
"93. Beechwood Avenue Lower, Ranelagh, Dublin 6",2500, Dublin 6
"94. 13 Adelaide Road, Dublin 2",3200, Dublin 2
"95. St James Court, Mount Brown, St James Street, Kilmainham, Dublin 8",1400, Dublin 8
"96. Jervis Place Apartments, Dublin 1",2400, Dublin 1
"97. Effra Road, Ranelagh, Dublin 6",3000, Dublin 6
"98. Howth Road, Killester, Dublin 3",1500, Dublin 3
"99. Charlotte Apartments, Dun Laoghaire, Co. Dublin",2700, Co. Dublin
"100. 15 Tandy Court Spittenfield Francis Street, Dublin 8",2300, Dublin 8
"101. Coolamber Park, Knocklyon, Dublin 16",1080, Dublin 16
"102. Apartment, Donnybrook Castle, Donnybrook, Dublin 4",3000, Dublin 4
"103. Ivy Exchange, Parnell Sq, Dublin 1",2500, Dublin 1
"104. 45 Parnell Sq West Dublin, Dublin 1",2760, Dublin 1
"105. Killiney Hill Park Apartments, Killiney, Co. Dublin",1500, Co. Dublin
"106. Alexandra Walk, Dublin 2",3200, Dublin 2
"107. Barrow Street, Ballsbridge, Dublin 4",2200, Dublin 4
"108. Mobhi Court, Corporate Letting, Short term, Drumcondra, Dublin 9",2200, Dublin 9
"109. Apartment 1, 1 Smithfield Terrace, Smithfield Squa, Smithfield, Dublin 7",2500, Dublin 7
"110. Parkview, Stepaside, Dublin 18",1700, Dublin 18
"111. St Raphaela's Road, Off Upper Kilmacud Road, Stillorgan, Co. Dublin",2100, Co. Dublin
"112. Olcovar, Shankill, Dublin 18",1500, Dublin 18
"113. Waterville Terrace, Blanchardstown, Dublin 15",1650, Dublin 15
"114. 8 Tory Square, Waterville, Blanchardstown, Dublin 15",1350, Dublin 15
"115. Hanover Quay, Grand Canal Dock, Dublin 2",3000, Dublin 2
"116. One Beacon, Sandyford, Dublin 18",1950, Dublin 18
"117. Collins Square, Benburb Street, Smithfield, Dublin 7",2100, Dublin 7
"118. The Innings, Observatory Lane, Rathmines, Dublin 6",1950, Dublin 6
"119. Meadow Grove, Churchtown, Dublin 14",1400, Dublin 14
"120. Orwell Place, Marianella, Rathgar, Dublin 6",2200, Dublin 6
"121. Marlborough Court, Marlborough Street, Dublin 1",1600, Dublin 1
"122. Malin Hall, Waterville, Blanchardstown, Dublin 15",1352, Dublin 15
"123. Block 9 , Allendale Square, Clonsilla, Dublin 15",1519, Dublin 15
"124. 24 Gleann Ribh, Lusk, Co. Dublin",2000, Co. Dublin
"125. Forbes Quay, Lazer Lane, Grand Canal Dock, Dublin 2",3000, Dublin 2
"126. Gallery Quay, Block 3, Grand Canal Dock, Dublin 2",3800, Dublin 2
"127. The Westmoreland, Charlotte Quay Dock, Grand Canal Dock, Dublin 4",2100, Dublin 4
"128. Gallery Quay, Block 2, Grand Canal Dock, Dublin 2",3600, Dublin 2
"129. 18-21 Mount Street, Lower Mount St., Dublin 2",4500, Dublin 2
"130. Millennium Tower, Grand Canal Dock, Dublin 4",8000, Dublin 4
"131. The Waterfront, Grand Canal Dock, Dublin 2",4400, Dublin 2
"132. Montgomery Court Foley Street, Dublin 1",2500, Dublin 1
"133. Gallery Quay, Block 8, Grand Canal Dock, Dublin 2",3000, Dublin 2
"134. Clarion Quay Penthouse, IFSC, Dublin 1",4500, Dublin 1
"135. Park House, Benson Street, Grand Canal Dock, Dublin 2",3800, Dublin 2
"136. Longboat Quay South, Grand Canal Dock, Dublin 2",1800, Dublin 2
"137. Ardoyne House, Off Pembroke Park, Ballsbridge, Dublin 4",2500, Dublin 4
"138. 50 Rathmines Town Center, Rathmines, Dublin 6",2600, Dublin 6
"139. Terenure road east, Rathgar, Dublin 6",1750, Dublin 6
"140. leeson street lower, Dublin 2",2100, Dublin 2
"141. Mountbrook, Booterstown, Co. Dublin",2300, Co. Dublin
"142. Stocking Wood Hall, Rathfarnham, Dublin 16",1716, Dublin 16
"143. The Innings, Rathmines, Dublin 6",1850, Dublin 6
"144. Bloomfield park, Donnybrook, Dublin 4",2600, Dublin 4
"145. Woodlawn Avenue, Santry, Santry, Dublin 9",1400, Dublin 9
"146. Granitfield Manor, Rochestown Avenue, Dun Laoghaire, Co. Dublin",1800, Co. Dublin
"147. Woodlawn, Santry, Dublin 9",1700, Dublin 9
"148. School House Court, Santry, Dublin 9",675, Dublin 9
"149. Northwood, Santry, Dublin 9",900, Dublin 9
"150. Georges Street Lower, Dun Laoghaire, Co. Dublin",2000, Co. Dublin
"151. Meath St, Dublin 8",1500, Dublin 8
"152. Cubes 6, Beacon South Quarter, Sandyford, Dublin 18",2400, Dublin 18
"153. Cubes 6, Beacon South Quarter, Sandyford, Dublin 18",2000, Dublin 18
"154. One Beacon, Beacon Hotel, Sandyford, Dublin 18",2500, Dublin 18
"155. One Beacon, Beacon Hotel, Sandyford, Dublin 18",2500, Dublin 18
"156. Roebuck Hill, Clonskeagh, Dublin 14",2500, Dublin 14
"157. Batchelors Walk Apartments, Dublin 2",2500, Dublin 2
"158. Killiney Court Apartments, Killiney, Co. Dublin",3500, Co. Dublin
"159. Milltown Hall, Mount Saint Annes, Milltown, Dublin 6",1800, Dublin 6
"160. Shandon Hall, Blackrock, Co. Dublin",2000, Co. Dublin
"161. Killiney Court Apartments, Killiney, Co. Dublin",3500, Co. Dublin
"162. Milltown Hall, Mount Saint Annes, Milltown, Dublin 6",1800, Dublin 6
"163. Cairnbrook Manor, Carrickmines, Dublin 18",2500, Dublin 18
"164. Cubes 6, Beacon South Quarter, Sandyford, Dublin 18",2400, Dublin 18
"165. The Amber The Grange Brewery Road, Blackrock, Co. Dublin",3780, Co. Dublin
"166. Grande Central, Sandyford, Dublin 18",3220, Dublin 18
"167. Baggot Rath Penthouse Apartment, Newbridge Avenue, Ballsbridge, Dublin 4",4508, Dublin 4
"168. Baggot Rath 2BS4, Newbridge Avenue, Dublin 4",4200, Dublin 4
"169. The Forum, Sandyford, Dublin 18",3220, Dublin 18
"170. Baggot Rath 3BS5, Newbridge Avenue, Ballsbridge, Dublin 4",4620, Dublin 4
"171. Greenacre, Westmanstown, Lucan, Co. Dublin",1800, Co. Dublin
"172. Aikens Village, Sandyford, Dublin 18",2800, Dublin 18
"173. The Cubes 3 Floor 4 Beacon South Quarter, Sandyford, Dublin 18",3920, Dublin 18
"174. Galloping Green Stillorgan Co Dublin, Stillorgan, Co. Dublin",5600, Co. Dublin
"175. Ridge Hall Ballybrack, Glenageary, Co. Dublin",5600, Co. Dublin
"176. Adelphi House, Dun Laoghaire, Co. Dublin",3600, Co. Dublin
"177. Ferncourt, Stepaside, Dublin 18",3360, Dublin 18
"178. Windmill Lane, Dublin 2",2400, Dublin 2
"179. 4 Cruagh Rise, Stepaside, Dublin 18",1600, Dublin 18
"180. Rathdown road, Phibsborough, Dublin 7",1300, Dublin 7
"181. Apt. 99 Hampton Square, Navan Road (D7), Dublin 7",1400, Dublin 7
"182. Mount Saint Annes, Milltown, Dublin 6",2600, Dublin 6
"183. Milltown Hall, Milltown, Dublin 6",2392, Dublin 6
"184. Joyce Hall, Carrickmines Wood, Foxrock, Dublin 18",2800, Dublin 18
"185. Mount Saint Annes, Milltown, Dublin 6",2600, Dublin 6
"186. Milltown Hall, Milltown, Dublin 6",2600, Dublin 6
"187. Joyce Hall, Foxrock, Dublin 18",2800, Dublin 18
"188. Richmond Hall, Mount Saint Anne\'s, Milltown, Milltown, Dublin 6",1872, Dublin 6
"189. Convent Hall, Milltown, Dublin 6",1975, Dublin 6
"190. Temple Hall, Mount Saint Anne\'s, Milltown, Dublin 6",2600, Dublin 6
"191. Clontarf Road, Clontarf, Dublin 3",4600, Dublin 3
"192. Knockmaree, Chapelizod, Dublin 20",1950, Dublin 20
"193. Riverbank, Churchtown, Dublin 14",2000, Dublin 14
"194. Sandyford view - beside parade of local shops, Sandyford, Dublin 18",2000, Dublin 18
"195. Greenfield Manor, beside RTE & UCD, Donnybrook, Dublin 4",2995, Dublin 4
"196. Palace Gardens, Exchange Court, Dame St, Dublin 2",2000, Dublin 2
"197. Adelaide Road, Dublin 2",2800, Dublin 2
"198. Adelaide Road, Dublin 2",2200, Dublin 2
"199. North Circular Road, Phibsborough, Dublin 7",1750, Dublin 7
"200. Braemor Road, Churchtown, Dublin 14",2000, Dublin 14
"201. Pearse Street 107, Hanover Quay, Dublin 2",2200, Dublin 2
"202. 30 boyd house myrtle avenue baldoyle, Baldoyle, Dublin 13",2250, Dublin 13
"203. The Edges 1, Beacon South Quater, Sandyford, Dublin 18",2200, Dublin 18
"204. Wyckham Place, Dundrum Dublin 14, Dundrum, Dublin 14",2400, Dublin 14
"205. Christchurch View, Christchurch, Dublin 8",2200, Dublin 8
"206. Spencer dock, Dublin 1",1800, Dublin 1
"207. Pavillion, Dun Laoghaire, Co. Dublin",4200, Co. Dublin
"208. 19 Ashleigh Court, Casleknock, Dublin 15, Castleknock, Dublin 15",1800, Dublin 15
"209. 2 The Spinnaker, Alverno, Castle Avenue, Clontarf, Clontarf, Dublin 3",1800, Dublin 3
"210. Apartment 6 26 st james walk Herberton Rialto dubl, Rialto, Dublin 8",1700, Dublin 8
"211. Clanwilliam court, Grand Canal Dock, Dublin 2",2400, Dublin 2
"212. Malahide Marina Village, Malahide, Co. Dublin",1800, Co. Dublin
"213. Sorrento Court, Dalkey, Co. Dublin",1935, Co. Dublin
"214. Wyckham Point, Wyckham Point, Dundrum, Dublin 14",2150, Dublin 14
"215. Dargle Wood, Knocklyon, Dublin 16",1350, Dublin 16
"216. Blackhall Square, Smithfield, Dublin 7",2000, Dublin 7
"217. 19 Frankfort Court, Rathgar, Dublin 6",1450, Dublin 6
"218. Kavanagh Hall, Castleknock, Dublin 15",1800, Dublin 15
"219. Apartment 3, 540 North Circular Road, North Circular Road, Dublin 1",1850, Dublin 1
"220. Cremorne, Greenmount Road Terenure, Terenure, Dublin 6",1365, Dublin 6
"221. The Pines, Herbert Park Lane, Ballsbridge, Dublin 4",3500, Dublin 4
"222. Eastmoreland Court, Ballsbridge, Dublin 4",2500, Dublin 4
"223. The Pines, Herbert Park Lane, Ballsbridge, Dublin 4",2700, Dublin 4
"224. The Pines, Herbert Park Lane, Ballsbridge, Dublin 4",4000, Dublin 4
"225. Rathgar, Rathgar, Dublin 6",1650, Dublin 6
"226. Courtney House Appian Way, Dublin 4",1700, Dublin 4
"227. The Northumberlands, Love Lane, Lower Mount Street, Dublin 2",2200, Dublin 2
"228. The Holly Rockfield Apartments, Dundrum, Dublin 14",3000, Dublin 14
"229. The Oaks Rockfield Apartments, Dundrum, Dublin 14",3500, Dublin 14
"230. Apt 3 Bellsfield Court, Balbriggan, Co. Dublin K32, Balbriggan, Co. Dublin",1000, Co. Dublin
"231. 235 Marina Village Malahide, Malahide, Co. Dublin",1450, Co. Dublin
"232. Olivemount house, Olivemount road, Dundrum, Dublin 14",1200, Dublin 14
"233. kenilworth road, Rathmines, Dublin 6",1900, Dublin 6
"234. The Penthouses at Custom House Square, Dublin 1",3950, Dublin 1
"235. Richmond Avenue, Fairview, Dublin 3",1600, Dublin 3
"236. The View, Carrickmines Manor, Carrickmines, Dublin 18",2000, Dublin 18
"237. Proby Square, Blackrock, Co. Dublin",2000, Co. Dublin
"238. Mayor Street, Dublin 1",1080, Dublin 1
"239. Mayor Street, Dublin 1",960, Dublin 1
"240. Prussia Street, Stoneybatter, Dublin 7",1500, Dublin 7
"241. Lansdowne Valley Apartments, Slieve Bloom Road, Drimnagh, Dublin 12",1800, Dublin 12
"242. 181 Bellevue, Islandbridge, Dublin 8",2000, Dublin 8
"243. Liffey View, Dublin 2",3000, Dublin 2
"244. IFSC, The Steelworks, Foley Street, Dublin 1",2500, Dublin 1
"245. Seabury, Sandymount, Dublin 4",2250, Dublin 4
"246. 15 Upper Mount Pleasant Avenue, Rathmines, Dublin 6",1600, Dublin 6
"247. Beacon Cubes 8, Sandyford, Dublin 18",2100, Dublin 18
"248. 46 saint Lawrence Road, Clontarf, Dublin 3",1400, Dublin 3
"249. Hamilton Court, (Rear of 77 Ailesbury Road), Nutle, Dublin 4",1650, Dublin 4
"250. The Lansdowne Block, Pembroke Square, Grand Canal Dock, Dublin 4",2000, Dublin 4
"251. Gandon Close, Harold's Cross, Dublin 6",1385, Dublin 6
"252. Ballsbridge Gardens, Ballsbridge, Dublin 4",2295, Dublin 4
"253. 27 Cedarhurst Road, Phoenix Park Racecourse, Castleknock, Dublin 15",1800, Dublin 15
"254. Hanover Quarter, Hanover Quay, off Asgard Road, Grand Canal Dock, Dublin 2",3500, Dublin 2
"255. 109 Townsend Street, Dublin 2",2000, Dublin 2
"256. Galtrim Grange, Malahide, Malahide, Co. Dublin",1900, Co. Dublin
"257. Saddlers Place, Ardee Road, Rathmines, Dublin 6",1700, Dublin 6
"258. Merrion court ,Ailesbury Road Ballsbridge, Ballsbridge, Dublin 4",2350, Dublin 4
"259. Rathmines Road Upper, Rathmines, Dublin 6",1700, Dublin 6
"260. Shrewsbury Wood, Cabinteely, Dublin 18",1166, Dublin 18
"261. Belfield Court, Donnybrook, Dublin 4",1975, Dublin 4
"262. Clancy Quay Phase Two by Kennedy Wilson, Dublin 8",2000, Dublin 8
"263. Clancy Quay, Phase Two by Kennedy WIlson, Islandbridge, Dublin 8",2200, Dublin 8
"264. Clancy Quay by Kennedy Wilson, Dublin 8",1900, Dublin 8
"265. Clancy Quay by Kennedy Wilson, Dublin 8",1700, Dublin 8
"266. Clancy Quay by Kennedy Wilson, Islandbridge, Dublin 8",2800, Dublin 8
"267. Clancy Quay Phase Two by Kennedy Wilson, Dublin 8",2200, Dublin 8
"268. Sandford Lodge by Kennedy Wilson, Ranelagh, Dublin 6",2650, Dublin 6
"269. Clancy Quay, Phase Two by Kennedy Wilson, Islandbridge, Dublin 8",2650, Dublin 8
"270. The Grange, Brewery Road, Stillorgan, Co. Dublin",2400, Co. Dublin
"271. The Grange, Brewery Road, Stillorgan, Co. Dublin",2100, Co. Dublin
"272. Elm Court Merrion Road Ballsbridge, Dublin 4",1950, Dublin 4
"273. Merrion Court, Sydney Parade Avenue, Ballsbridge, Sandymount, Dublin 4",2288, Dublin 4
"274. Sorrento Road Dalkey, Dalkey, Co. Dublin",1595, Co. Dublin
"275. The Sweepstakes, Ballsbridge Park, Merrion Road, Ballsbridge, Dublin 4",1985, Dublin 4
"276. Emmet Road, Kilmainham, Dublin 8",1800, Dublin 8
"277. Brewers Gate, Newport Street, Dublin 8",1900, Dublin 8
"278. martins row chapelizod, Chapelizod, Dublin 20",1450, Dublin 20
"279. Charles Street Great, North Circular Road, Dublin 1",1500, Dublin 1
"280. 32 Charles Street Great, North Circular Road, Dublin 1",1550, Dublin 1
"281. Gardiner Street Upper, North Circular Road, Dublin 1",1500, Dublin 1
"282. Gardiner Street Upper, North Circular Road, Dublin 1",1550, Dublin 1
"283. cork street, spences terrace, The Coombe, Dublin 8",1590, Dublin 8
"284. Orwell Hall, Marianella, Rathgar, Dublin 6",2350, Dublin 6
"285. Stanford, Harlech Grove, Clonskeagh, Dublin 14",2700, Dublin 14
"286. 1 Rockview, Sandyford, Dublin 18",1700, Dublin 18
"287. Drummartin Road, Goatstown, Dublin 14",1750, Dublin 14
"288. New Priory. Hole In The Wall rd, Donaghmede, Dublin 13",1664, Dublin 13
"289. No.20 Bremore Pastures Way, Balbriggan, Co. Dublin, Balbriggan, Co. Dublin",1400, Co. Dublin
"290. Ely Woods,Ballyboden Road, Rathfarnham, Dublin 16, Rathfarnham, Dublin 16",2100, Dublin 16
"291. Irwin Street, Kilmainham, Dublin 8",1580, Dublin 8
"292. Neptune House, Bellevue, Islandbridge, Dublin 8",1508, Dublin 8
"293. Bellevue, Islandbridge, Dublin 8",1400, Dublin 8
"294. The Rectory, Stepaside, Dublin 18",1800, Dublin 18
"295. Hendrick Street, Smithfield, Dublin 1",1400, Dublin 1
"296. Cherrywood road, Loughlinstown, Co. Dublin",1500, Co. Dublin
"297. Cherrywood road, Cherrywood, Co. Dublin",1500, Co. Dublin
"298. Bedford Court Lwr Kimmagh road, Kimmage, Dublin 6w",1500, Dublin 6w
"299. Malahide Marina Village, Malahide, Co. Dublin",1500, Co. Dublin
"300. Bracken Hill, Blackglen Road, Simon's Ridge, Sandyford, Dublin 18",1595, Dublin 18
"301. Gracepark Manor, Drumcondra, Dublin 9",1800, Dublin 9
"302. Frederick Street North, Dublin 1",1400, Dublin 1
"303. Frederick Street North, Dublin 1",2400, Dublin 1
"304. Brackenwood, Balbriggan, Co. Dublin",1500, Co. Dublin
"305. Smithfield market, Smithfield, Dublin 7",2600, Dublin 7
"306. Smithfield Market, Smithfield, Dublin 7",2400, Dublin 7
"307. Pembroke Square, Grand Canal Street Upper, Grand C, Ballsbridge, Dublin 4",3300, Dublin 4
"308. Sallymount Avenue, Ranelagh, Dublin 6",1800, Dublin 6
"309. Chelmsford Lane, Ranelagh, Dublin 6",2200, Dublin 6
"310. Adj Terenure, Kimmage, Dublin 6w",2600, Dublin 6w
"311. Carrickmines, Carrickmines, Dublin 18",1850, Dublin 18
"312. 25 Saddlers Court, Rathmines, Dublin 6",1400, Dublin 6
"313. Adelaide Square, Dublin 2",2760, Dublin 2
"314. Adelaide Square Penthouse, Dublin 2",4100, Dublin 2
"315. Alexandra Walk, Dublin 2",3740, Dublin 2
"316. Alexandra Walk, Dublin 2",3740, Dublin 2
"317. Adelaide Square, Dublin 2",3080, Dublin 2
"318. Alexandra Walk, Dublin 2",3600, Dublin 2
"319. Adelaide Square, Dublin 2",3380, Dublin 2
"320. Grand Central, Rockbrook, Sandyford, Dublin 18",1455, Dublin 18
"321. The Oval, Tullyvale, Cabinteely, Dublin 18",1400, Dublin 18
"322. Greenville Court, Stradbrook Road, Blackrock, Co. Dublin",1850, Co. Dublin
"323. Apt. 2, 191 Clonliffe Road, Drumcondra, Dublin 3",1500, Dublin 3
"324. Rathborne Court, Ashtown, Dublin 15",2950, Dublin 15
"325. Stationcourt View, Coolmine, Coolmine, Dublin 15",1800, Dublin 15
"326. The Crescent Building, Park West, Dublin 12",1437, Dublin 12
"327. Aras Na Cluaine, Clondalkin, Dublin 22",1800, Dublin 22
"328. Dunstaffnage, Stillorgan, Co. Dublin",1664, Co. Dublin
"329. 89 Milltown Hall, Mount Saint Annes, Milltown, Dublin 6",1875, Dublin 6
"330. 29 howth rd, Clontarf, Dublin 3",2800, Dublin 3
"331. St Andrews Court, Lucan, Co. Dublin",1300, Co. Dublin
"332. Cedarbrook Walk, Cherry Orchard, Dublin 10",1400, Dublin 10
"333. 2 Carnegie Court, Swords, Co. Dublin",1081, Co. Dublin
"334. Old Quay Terrace, Strand Road, Sutton, Dublin 13",1853, Dublin 13
"335. 18 Old Connaught House, Rathmichael, Co. Dublin",1600, Co. Dublin
"336. 25 Upper Pembroke Street, Dublin 2",3500, Dublin 2
"337. 25 Upper Pembroke Street, Dublin 2",3400, Dublin 2
"338. Robin Hill Sandyford Road, Sandyford, Dublin 18",2200, Dublin 18
"339. Bushy Park House, Terenure, Dublin 6w",1995, Dublin 6w
"340. Herbert Park Lane, Ballsbridge, Dublin 4",2700, Dublin 4
"341. Farmhill Road, Clonskeagh, Dublin 14",1800, Dublin 14
"342. Brighton Rd, Rathgar, Dublin 6",1510, Dublin 6
"343. Windmill Lane Apartments, Dublin 2",2200, Dublin 2
"344. Robin Hill Sandyford Road, Dundrum, Dublin 16",2200, Dublin 16
"345. 208 The links, Elm Park, Merrion, Dublin 4",2300, Dublin 4
"346. Esker Manor, Lucan, Co. Dublin",1460, Co. Dublin
"347. The Northumberlands, Love Lane, Mount Street Lower, Dublin 2",1565, Dublin 2
"348. Rockview, Simonsridge, Sandyford, Dublin 18",1800, Dublin 18
"349. Iveagh Court, Dublin 2",4200, Dublin 2
"350. Leeson Street, Dublin 2",4250, Dublin 2
"351. Grand Canal Square, Grand Canal Dock, Dublin 2",4250, Dublin 2
"352. Grand Canal Square, Dublin 2",3450, Dublin 2
"353. Grand Canal Quay, Grand Canal Dock, Dublin 2",4200, Dublin 2
"354. Grand Canal Dock, Dublin 2",4250, Dublin 2
"355. Iveagh Court, Dublin 2",4050, Dublin 2
"356. Grand Canal Square, Grand Canal Dock, Dublin 2",3400, Dublin 2
"357. Millennium Tower, Grand Canal Dock, Dublin 2",4000, Dublin 2
"358. Leeson Street, Dublin 2",3450, Dublin 2
"359. Grand Canal Square, Dublin 2",4250, Dublin 2
"360. Leeson Street, Dublin 2",3900, Dublin 2
"361. Leeson Street, Dublin 2",3450, Dublin 2
"362. Bridge Street, Grand Canal Dock, Dublin 4",3900, Dublin 4
"363. The Gasworks, Dublin 4",4250, Dublin 4
"364. Leeson Street, Dublin 2",4250, Dublin 2
"365. Gallery Quay, Grand Canal Dock, Dublin 2",3450, Dublin 2
"366. Leeson Street, Dublin 2",3450, Dublin 2
"367. Hanover Quay, Grand Canal Dock, Dublin 2",4250, Dublin 2
"368. Leeson Street, Dublin 2",4500, Dublin 2
"369. Grand Canal Square, Dublin 2",4250, Dublin 2
"370. Leeson Street, Dublin 2",3750, Dublin 2
"371. Grand Canal Square, Dublin 2",3450, Dublin 2
"372. Grand Canal Square, Grand Canal Dock, Dublin 2",3450, Dublin 2
"373. Lad Lane, Baggot Street, Dublin 2",4200, Dublin 2
"374. 18 Lower Baggot Street, Dublin 2",4200, Dublin 2
"375. Leeson Street, Dublin 4",3450, Dublin 4
"376. Pembroke Square, Grand Canal Dock, Dublin 4",4200, Dublin 4
"377. The Gasworks, Dublin 4",4250, Dublin 4
"378. Grand Canal Square, Dublin 2",4250, Dublin 2
"379. Grand Canal Square, Dublin 2",4200, Dublin 2
"380. The Gasworks, Dublin 4",4250, Dublin 4
"381. Millennium Tower, Grand Canal Dock, Dublin 2",4000, Dublin 2
"382. Grand Canal Dock, Dublin 2",3450, Dublin 2
"383. Lad Lane, Dublin 2",4200, Dublin 2
"384. Lower Baggot Street, Dublin 2",4200, Dublin 2
"385. Lad Lane, Baggot Street, Dublin 2",4200, Dublin 2
"386. Grand Canal Square, Grand Canal Dock, Dublin 2",3450, Dublin 2
"387. Grand Canal Square, Grand Canal Dock, Dublin 2",4250, Dublin 2
"388. Leeson Street, Dublin 2",3450, Dublin 2
"389. Burton House, Custom House Square, Mayor St. Lower, IFSC, Dublin 1",3150, Dublin 1
"390. Grand Canal Square, Grand Canal Dock, Dublin 2",4200, Dublin 2
"391. Leeson Street, Dublin 2",3450, Dublin 2
"392. Leeson Street, Dublin 2",4500, Dublin 2
"393. Leeson Street, Dublin 2",4250, Dublin 2
"394. Hanover Quay, Grand Canal Dock, Dublin 2",4350, Dublin 2
"395. Grand Canal Square, Dublin 2",4350, Dublin 2
"396. Iveagh Court, Dublin 2",4050, Dublin 2
"397. Bridge Street, Grand Canal Dock, Dublin 4",4350, Dublin 4
"398. Leeson Street, Dublin 2",4250, Dublin 2
"399. Grand Canal Square, Dublin 2",4250, Dublin 2
"400. Grand Canal Square, Grand Canal Dock, Dublin 2",4000, Dublin 2
"401. Grand Canal Square, Dublin 2",4000, Dublin 2
"402. Grand Canal Square, Grand Canal Dock, Dublin 2",4250, Dublin 2
"403. Leeson Street, Dublin 2",3900, Dublin 2
"404. Leeson Court, Dublin 4",3600, Dublin 4
"405. Grand Canal Square, Grand Canal Dock, Dublin 2",4250, Dublin 2
"406. Leeson Street, Dublin 2",3450, Dublin 2
"407. Lad Lane, Dublin 2",4200, Dublin 2
"408. Gasworks, Grand Canal Dock, Dublin 2",3900, Dublin 2
"409. Ballsbridge Woods, Shelbourne Road, Ballsbridge, Dublin 4",3900, Dublin 4
"410. Belgrove Park, Clontarf, Dublin 3",1800, Dublin 3
"411. The Chandler, Rathborne Village, Ashtown, Dublin 15",1400, Dublin 15
"412. 136 Temple Gardens, Santry, Dublin 9",3000, Dublin 9
"413. Santry Cross, Ballymun, Ballymun, Dublin 11",2250, Dublin 11
"414. 30 Dorset Street, Dublin 1",2400, Dublin 1
"415. Shelbourne Plaza, Ringsend Road, Dublin 4",2280, Dublin 4
"416. Apt 27 The Ramparts, Cabinteely, Dublin 18",1900, Dublin 18
"417. Adelaide Square, Dublin 2",2600, Dublin 2
"418. Highfield Road, Rathgar, Dublin 6",1425, Dublin 6
"419. Bushy Park House, Terenure, Dublin 6w",2050, Dublin 6w
"420. Bushy Park House, Templeogue Road, Terenure, Dublin 6w",2600, Dublin 6w
"421. Pembroke Row, Dublin 2",3080, Dublin 2
"422. Bloomfield Avenue (Ref:1003), Portobello, Dublin 8",1400, Dublin 8
"423. Hawthorn, Bird Avenue, Clonskeagh, Dublin 14",2750, Dublin 14
"424. Pembroke Row, Dublin 2",3600, Dublin 2
"425. Pembroke Row, Dublin 2",3600, Dublin 2
"426. Crannagh Hall, Landscape Road, Churchtown, Dublin 14",1750, Dublin 14
"427. The Wood, Clon Brugh, Aiken\'s Village, Sandyford, Dublin 18",1600, Dublin 18
"428. 29 St Laurences Glen, St Laurences Road, Chapelizo, Chapelizod, Dublin 20",1768, Dublin 20
"429. Beacon South Quarter, Sandyford, Dublin 18",2500, Dublin 18
"430. Greenlea Place, Terenure Road West, Terenure, Dublin 6w",1450, Dublin 6w
"431. Gratton Wood, Clongriffin, Dublin 13",1200, Dublin 13
"432. South Circular Road, Dublin 8",1900, Dublin 8
"433. Belgrove Park, Clontarf, Dublin 3",1750, Dublin 3
"434. Esker manor, Lucan, Co. Dublin",1800, Co. Dublin
"435. Castleland Court, Balbriggan, Balbriggan, Co. Dublin",1200, Co. Dublin
"436. Phoenix Apartments, Riverpark, Islandbridge, Dublin 8",1710, Dublin 8
"437. Ardoyne House, Pembroke Park, Ballsbridge, Dublin 4",3100, Dublin 4
"438. Hanover Quay, The Waterfront, Grand Canal Dock, Dublin 2",4800, Dublin 2
"439. The Dickens, The Gasworks, Barrow Street, Grand Canal Dock, Dublin 4",3810, Dublin 4
"440. The Poolbeg, The Gasworks, Barrow Street, Grand Canal Dock, Dublin 4",3600, Dublin 4
"441. The Cedars, Herbert Park Lane, Ballsbridge, Dublin 4",3600, Dublin 4
"442. Warrington Place, Dublin 2, Ballsbridge, Dublin 4",3600, Dublin 4
"443. The Argyle, Custom House Quay, IFSC, Dublin 1",3600, Dublin 1
"444. William Bligh, The Gasworks, Barrow Street, Grand Canal Dock, Dublin 4",3400, Dublin 4
"445. The Sweepstakes, Ballsbridge, Ballsbridge, Dublin 4",3640, Dublin 4
"446. William Bligh, The Gasworks, Barrow Street, Grand Canal Dock, Dublin 4",3600, Dublin 4
"447. The Hibernian,The Gasworks, Barrow Street, Ringsend, Dublin 4",3390, Dublin 4
"448. The Pines, Herbert Park Lane, Ballsbridge, Dublin 4",2700, Dublin 4
"449. Hanover Riverside, Sir Rogerson's Quay, Dublin 2, Grand Canal Dock, Dublin 2",3810, Dublin 2
"450. Longboat Quay, Sir Rogeron\'s Quay, Grand Canal Dock, Dublin 2",4200, Dublin 2
"451. The Hibernian,The Gasworks, Barrow Street, Grand Canal Dock, Dublin 4",3600, Dublin 4
"452. The Hibernian,The Gasworks, Barrow Street, Grand Canal Dock, Dublin 4",3810, Dublin 4
"453. Upper Leeson Street, Dublin 4",3800, Dublin 4
"454. Gallery Quay, Grand Canal Quay, Grand Canal Dock, Dublin 2",4500, Dublin 2
"455. The Cedars, Herbert Park Lane, Ballsbridge, Dublin 4",3600, Dublin 4
"456. William Bligh, The Gasworks, Barrow Street, Grand Canal Dock, Dublin 4",3400, Dublin 4
"457. The Hibernian,The Gasworks, Barrow Street, Grand Canal Dock, Dublin 4",3390, Dublin 4
"458. The Alliance, The Gasworks, South Lotts Road, Ballsbridge, Dublin 4",4500, Dublin 4
"459. The Poolbeg, The Gasworks, Barrow Street, Grand Canal Dock, Dublin 4",3810, Dublin 4
"460. The Clayton, The Gasworks, Barrow Street, Ballsbridge, Dublin 4",3390, Dublin 4
"461. The Hibernian,The Gasworks, Barrow Street, Grand Canal Dock, Dublin 4",3390, Dublin 4
"462. Osborne Court, Seapoint Avenue, Blackrock, Blackrock, Co. Dublin",2206, Co. Dublin
"463. The Cedars, Herbert Park Lane, Ballsbridge, Dublin 4",3600, Dublin 4
"464. The Cedars, Herbert Park Lane, Ballsbridge, Dublin 4",3600, Dublin 4
"465. Herbert Park Lane, The Pines, Ballsbridge, Dublin 4",3600, Dublin 4
"466. Apt. 28 Hanover Riverside, Sir John Rogerson\'s Qu, Dublin 2",3250, Dublin 2
"467. 340 Castleforbes Square, Dublin 1",2300, Dublin 1
"468. Goatstown Road, Clonskeagh, Dublin 14",1800, Dublin 14
"469. Fitzwilliam Place, Dublin 2",3000, Dublin 2
"470. Francis Street, Dublin 8",2500, Dublin 8
"471. Dunluce, Anglesea Road, Ballsbridge, Dublin 4",3500, Dublin 4
"472. Hazelwood Court, Artane, Dublin 5",2100, Dublin 5
"473. Robin Hill Sandyford Road Sandyford, Sandyford, Dublin 18",2800, Dublin 18
"474. Cedar Hall Milltown Road, Milltown, Dublin 6",2250, Dublin 6
"475. Finglas Road, Finglas, Dublin 11",1304, Dublin 11
"476. The Willow, Rockfield, Dundrum, Dublin 14",1700, Dublin 14
"477. Rathmines Town Centre, Rathmines, Dublin 6",1520, Dublin 6
"478. Alen Hall, Belgard square west, tallaght, Tallaght, Dublin 24",1226, Dublin 24
"479. Cowper Downs, Rathmines, Dublin 6",1475, Dublin 6
"480. The Island, Chapelizod, Dublin 20",1768, Dublin 20
"481. Alexandra Walk, Off South Great George's Street, Dublin 2",2600, Dublin 2
"482. The Aston Building, Aston Quay, Dublin 2",3360, Dublin 2
"483. Alto Vetro, Grand Canal Square, Dublin 2",3560, Dublin 2
"484. Grand Canal Dock, Grand Canal Square, Dublin 2",3560, Dublin 2
"485. Beacon South Quarter, Sandyford, Dublin 18",3196, Dublin 18
"486. Beacon South Quarter, Sandyford, Dublin 18",2796, Dublin 18
"487. Grand Canal Dock, Grand Canal Square, Dublin 2",3560, Dublin 2
"488. Alexandra Walk, Off South Great Georges Street, Dublin 2",3360, Dublin 2
"489. The Aston Building, Aston Quay, Dublin 2",3600, Dublin 2
"490. Alto Vetro, Grand Canal Square, Dublin 2",3560, Dublin 2
"491. Hanover Dock, Grand Canal Square, Dublin 2",4400, Dublin 2
"492. Hanover Dock, Hanover Quay, Dublin 2",3800, Dublin 2
"493. Alexandra Walk, Whitefriar Street, Dublin 8",3360, Dublin 8
"494. Shelbourne Road, Ballsbridge, Dublin 4",3880, Dublin 4
"495. Hanover Dock, Hanover Quay, Dublin 2",4400, Dublin 2
"496. Hanover Dock, Grand Canal Square, Dublin 2",3800, Dublin 2
"497. Shelbourne Road, Ballsbridge, Dublin 4",4800, Dublin 4
"498. Castleway, Off South Great George's Street, Dublin 2",3680, Dublin 2
"499. Castleway, Golden Lane, Dublin 8",3680, Dublin 8
"500. The Aston Building, Aston Quay, Dublin 2",3360, Dublin 2
"501. The Aston Building, Aston Quay, Dublin 2",3600, Dublin 2
"502. Castleway, Off South Great George's Street, Dublin 2",3360, Dublin 2
"503. Castleway, Golden Lane, Dublin 8",3360, Dublin 8
"504. Alexandra Walk, Whitefriar Street, Dublin 8",2600, Dublin 8
"505. Baggotrath House, Newbridge Ave, Ballsbridge, Dublin 4",3360, Dublin 4
"506. Baggot Rath House, Newbridge Ave, Ballsbridge, Dublin 4",5460, Dublin 4
"507. Blackthorn Drive, Sandyford, Dublin 18",4760, Dublin 18
"508. Mayor Street Lower, IFSC, Dublin 1",3500, Dublin 1
"509. Clarion Quay, IFSC, Dublin 1",3360, Dublin 1
"510. Cabra Park, Dublin 7",2380, Dublin 7
"511. Benson Street, Grand Canal Dock, Dublin 2",3150, Dublin 2
"512. Parnell Street, Dublin 1",3900, Dublin 1
"513. Tara Street, Dublin 2",3080, Dublin 2
"514. Grand Canal Waterside Apartments, Grand Canal Dock, Dublin 2",5180, Dublin 2
"515. Charlotte Quay, Grand Canal Dock, Dublin 2",3100, Dublin 2
"516. Hanover Quay, Grand Canal Dock, Dublin 2",3560, Dublin 2
"517. Northumberland, Ballsbridge, Dublin 4",2940, Dublin 4
"518. Windmill Lane, Dublin 2",3150, Dublin 2
"519. Grafton Street, Dublin 2",3960, Dublin 2
"520. Auburn Park, Castleknock, Dublin 15",2940, Dublin 15
"521. Benson Street, Grand Canal Dock, Dublin 2",3150, Dublin 2
"522. Hanover Quay, Grand Canal Dock, Dublin 2",3560, Dublin 2
"523. Burlington Road, Ballsbridge, Dublin 4",3000, Dublin 4
"524. Tara Street, Dublin 2",3080, Dublin 2
"525. Northumberland, Ballsbridge, Dublin 4",2940, Dublin 4
"526. Adelaide Square, Dublin 2",2720, Dublin 2
"527. Highfield Court, Highfield Road, Rathgar, Dublin 6",2200, Dublin 6
"528. Spencer House, IFSC, Dublin 1",2200, Dublin 1
"529. 51 Leeson Street Upper - 1, Dublin 4",2700, Dublin 4
"530. 51 Leeson Street Upper - 1, Dublin 4",2000, Dublin 4
"531. Apt. 508 South Dock Quarter, Ringsend Road, Grand Canal Dock, Dublin 4",2635, Dublin 4
"532. Sorrento Heights, Sorrento Rd, Dalkey, Co. Dublin",3450, Co. Dublin
"533. Adelaide Square Penthouse, Dublin 2",4280, Dublin 2
"534. Hazelgrove Court, Tallaght, Dublin 24",1664, Dublin 24
"535. Belmayne Park North, Balgriffin, Dublin 13",1365, Dublin 13
"536. Apartment 7 14-15 ranelagh road Ranelagh, Ranelagh, Dublin 6",1500, Dublin 6
"537. Charles Street Great, Dublin 1",1500, Dublin 1
"538. Forest Lawn, Kingswood, Dublin 24",1300, Dublin 24
"539. Smithfield Gate, Smithfield, Dublin 7",1500, Dublin 7
"540. Baltray House, Ridgewood Oaks, Swords, Co. Dublin",1850, Co. Dublin
"541. (1) Tallaght Cross East, Tallaght, Dublin 24",1350, Dublin 24
"542. Brookville Park, Coolock, Dublin 5",1600, Dublin 5
"543. Brookville Park, Artane, Dublin 5",1600, Dublin 5
"544. The Ramparts, Victoria Road, Rathgar, Dublin 6",1800, Dublin 6
"545. Apt 19, Booterstown Hall, Booterstown Avenue, Booterstown, Co. Dublin",1900, Co. Dublin
"546. Wellington Court, Whitehall Road West, Perrystown, Dublin 12",1300, Dublin 12
"547. The Ash, Parkview, Stepaside, Dublin 18",1550, Dublin 18
"548. Holywell avenue, Swords, Co. Dublin",1250, Co. Dublin
"549. Kiltipper Gate, Tallaght, Dublin 24",1800, Dublin 24
"550. Melville Court, Finglas, Dublin 11",1800, Dublin 11
"551. Stocking Wood Copse, Stocking Wood, Rathfarnham, Dublin 16",1700, Dublin 16
"552. Stewart Hall, Parnell Street, Dublin 1",2000, Dublin 1
"553. Lanesborough Square, Finglas, Dublin 11",1550, Dublin 11
"554. Penthouse,Rivervale, Ashtown, Dublin 15",3100, Dublin 15
"555. Frascati Hall, Sweetmans Avenue, Blackrock, Co. Dublin",1950, Co. Dublin
"556. Jervis Street, Dublin 1",2300, Dublin 1
"557. Lansdowne Hall, Naas Road, Bluebell, Dublin 12",1850, Dublin 12
"558. College House, Taylors Hill, Rathfarnham, Dublin 16",1700, Dublin 16
"559. Lanesborough Mews, Finglas, Dublin 11",1300, Dublin 11
"560. Kilmainham Square, Kilmainham, Dublin 8",1950, Dublin 8
"561. Rivervale, Ashtown, Dublin 15",1700, Dublin 15
"562. Kilmore house, Spencer Dock, Dublin 1",2500, Dublin 1
"563. Cedarbrook Avenue, Cherry Orchard, Dublin 10",1650, Dublin 10
"564. Raleigh Square, Crumlin, Dublin 12",1400, Dublin 12
"565. Lanesborough Square, Finglas, Dublin 11",1800, Dublin 11
"566. Gandon Hall, Gardiner Street, Dublin 1",1650, Dublin 1
"567. Kilmainham Square, Kilmainham, Dublin 8",1950, Dublin 8
"568. Cedarbrook Avenue, Park West, Dublin 12",1875, Dublin 12
"569. Bantry Square, Waterville, Blanchardstown, Dublin 15",1700, Dublin 15
"570. Whatley Hall, Archers Wood, Clonee, Dublin 15",1600, Dublin 15
"571. Custom Hall, Gardiner Street, Dublin 1",2000, Dublin 1
"572. Hansted, Lucan, Co. Dublin",1850, Co. Dublin
"573. Woodbrook, Castleknock, Dublin 15",1700, Dublin 15
"574. Greenbank House, Upper Glengeary Road, Dun Laoghaire, Co. Dublin",1800, Co. Dublin
"575. Lanesborough Mews, Finglas, Dublin 11",1300, Dublin 11
"576. Saunders House, Spencer Dock, Dublin 1",3000, Dublin 1
"577. Townsend Street, Dublin 2",2100, Dublin 2
"578. Kings Court, Parnell Street, Dublin 1",1500, Dublin 1
"579. Crookshane, Rathcoole, Co. Dublin",950, Co. Dublin
"580. Kilmore house, Spencer Dock, Dublin 1",2600, Dublin 1
"581. Custom Hall, Gardiner Street, Dublin 1",2000, Dublin 1
"582. Carmanhall Court, Burton Hall Road, Sandyford, Dublin 18",2100, Dublin 18
"583. Customs House Harbour, Dublin 1",2500, Dublin 1
"584. The Oaks, Rockfield, Dundrum, Dublin 16",1900, Dublin 16
"585. 59 Long Meadows, Conygham road, Islandbridge, Islandbridge, Dublin 8",2000, Dublin 8
"586. 214 The Distillery, Distillery Road, Fairview, Dublin 3",1950, Dublin 3
"587. 8 Lynton Court, Ballsbridge, Dublin 4",3640, Dublin 4
"588. 28 Crane Yard, Crane Lane, Temple Bar, Dublin 2",1850, Dublin 2
"589. The Richmond, North Richmond Street, Dublin 7",1716, Dublin 7
"590. Corn Exchange, Poolbeg Street, Dublin 2",2000, Dublin 2
"591. Smithfield Village, Smithfield, Dublin 7",1700, Dublin 7
"592. Fernleigh Grange, Castleknock, Dublin 15",1400, Dublin 15
"593. 8 Northcliffe, Chapelizod, Dublin 20",1550, Dublin 20
"594. Leinster Road, Rathmines, Dublin 6",1100, Dublin 6
"595. Sherrard Street Lower, Dublin 1",1500, Dublin 1
"596. Garville Avenue, Rathgar, Dublin 6",2000, Dublin 6
"597. The Cresent, Robswall, Malahide, Co. Dublin",1700, Co. Dublin
"598. Gleneagle House, Ridgewood, Swords, Co. Dublin",1600, Co. Dublin
"599. Brook House, Corrig Avenue, Dun Laoghaire, Co. Dublin",2700, Co. Dublin
"600. Frankfort Avenue, Rathgar, Dublin 6",1995, Dublin 6
"601. Cubes 6, Beacon South Quarter, Sandyford, Sandyford, Dublin 18",2000, Dublin 18
"602. Castlepark Residence, Dalkey, Co. Dublin",1700, Co. Dublin
"603. Cubes 2, Beacon South Quarter, Sandyford, Dublin 18",1650, Dublin 18
"604. Rowan Hall, Millbrook Court, Milltown, Dublin 6",2900, Dublin 6
"605. Skyview, Sorrento Road, Dalkey, Co. Dublin",3000, Co. Dublin
"606. The Elms, Abberley, Shanganagh Road, Killiney, Co. Dublin",2000, Co. Dublin
"607. The Rectory, Stepaside, Dublin 18",1850, Dublin 18
"608. Bushy Park House, Terenure, Dublin 6",1900, Dublin 6
"609. 5 Dunville Court, Rathmines, Dublin 6",1600, Dublin 6
"610. Highfield Park, Dundrum, Dublin 14",4500, Dublin 14
"611. Raglan Hall, Clyde Road, Ballsbridge, Dublin 4",3600, Dublin 4
"612. Riverbank Hall, Addison Park, Glasnevin, Dublin 11",1700, Dublin 11
"613. Kings Court, Parnell Street, Dublin 1",1950, Dublin 1
"614. The Distillery, Distillery Road, Drumcondra, Dublin 3",1750, Dublin 3
"615. Riverstown House, Spencer Dock, IFSC, Dublin 1",2200, Dublin 1
"616. Achill House, Custom House Square, IFSC, Dublin 1",1850, Dublin 1
"617. Shelbourne Hall, Shelbourne Road, Ballsbridge, Dublin 4",3450, Dublin 4
"618. Shelbourne Hall, Ballsbridge, Dublin 4",2300, Dublin 4
"619. Shelbourne Court, Ballsbridge, Dublin 4",3200, Dublin 4
"620. Shelbourne Road Apartments, Ballsbridge, Dublin 4",2500, Dublin 4
"621. Shelbourne Hall, Shelbourne Road, Ballsbridge, Dublin 4",3450, Dublin 4
"622. 34 The Sycamores, Stradbrook Hill, Blackrock, Co. Dublin",1500, Co. Dublin
"623. 75 Duplex Shieling Square, Raheny, Dublin 5",3200, Dublin 5
"624. Laurel, Hazeldene, Ballsbridge, Dublin 4",2500, Dublin 4
"625. Shieling Square, Raheny, Dublin 5",2450, Dublin 5
"626. The Links, Elm Park, Merrion Road, Dublin 4",2250, Dublin 4
"627. Ros Mor View, Knocklyon, Dublin 16",1800, Dublin 16
"628. Apt 43 Manor Hall, Mount Brown, Kilmainham, Dublin 8",1750, Dublin 8
"629. Chancery Lane, Dublin 8",2450, Dublin 8
"630. Bachelors Walk, Dublin 2",1500, Dublin 2
"631. Adelaide Square, Dublin 8",2300, Dublin 8
"632. Landscape Court, Landscape Road, Churchtown, Dublin 14",1750, Dublin 14
"633. 2 Kilininny Court, Firhouse, Dublin 24",1650, Dublin 24
"634. Corn Exchange, Burgh Quay, Dublin 2",3000, Dublin 2
"635. Castle Lawn, Kilgobbin Wood, Leopardstown, Dublin 18",2290, Dublin 18
"636. Landscape Court, Landscape Road, Churchtown, Dublin 14",1750, Dublin 14
"637. 17 Castle Lawns Kilgobbin Wood, Sandyford, Dublin 18",2290, Dublin 18
"638. Elgin Road, Ballsbridge, Dublin 4",3200, Dublin 4
"639. The Watermill, Raheny, Dublin 5",2000, Dublin 5
"640. 41 Pembroke Road, Ballsbridge, Dublin 4",2100, Dublin 4
"641. 5 The Willows, Rock Road, Blackrock, Co. Dublin",2000, Co. Dublin
"642. 87 The Willow, Charleville Square, Rathfarnham, Dublin 14",2000, Dublin 14
"643. Baileys court, Baileys Row, Dublin 1",2000, Dublin 1
"644. Eustace Court, Cualanor, Dun Laoghaire, Co. Dublin",2050, Co. Dublin
"645. Jervis Park Apartments, Jervis Street, Dublin 1",2259, Dublin 1
"646. (1) Elmfield, Ballyogan Road, Leopardstown, Dublin 18",1742, Dublin 18
"647. River Gardens Glasnevin, Glasnevin, Dublin 9",1500, Dublin 9
"648. Ranelagh Village, Ranelagh, Dublin 6",3250, Dublin 6
"649. Alexandra Place, East Road, Dublin 1",2600, Dublin 1
"650. Portland Street North, Dublin 1",1400, Dublin 1
"651. Alexandra Place, East Road, East Wall, Dublin 3",2600, Dublin 3
"652. Millrace Drive Saggart, Saggart, Co. Dublin",1700, Co. Dublin
"653. Fortfield Court, Fortfield Road, Terenure, Dublin 6w",1432, Dublin 6w
"654. Woodleigh Ash, Rathgar, Dublin 6",1850, Dublin 6
"655. Tara Street, Dublin 2",1500, Dublin 2
"656. Pembroke Road, Dublin 2",2500, Dublin 2
"657. The Elms, Mount Merrion Avenue, Mount Merrion, Co. Dublin",1550, Co. Dublin
"658. Achill Square, Waterville, Blanchardstown, Dublin 15",1700, Dublin 15
"659. Premier Square, Finglas Road, Finglas, Dublin 11",1475, Dublin 11
"660. Francis Street, Christchurch, Dublin 8",2200, Dublin 8
"661. Achill Square, Waterville, Blanchardstown, Dublin 15",1700, Dublin 15
"662. Apartment 4, 88 Sandymount road, Sandymount, Dublin 4",3000, Dublin 4
"663. 64 Corr Castle, Howth Road, Howth, Dublin 13",2000, Dublin 13
"664. Collins Square, Benburb Street, Dublin 7",2100, Dublin 7
"665. Brooklands, Nutley Lane, Dublin 4",2250, Dublin 4
"666. Leeson Street Upper, Dublin 4",2400, Dublin 4
"667. Clarinda Court, Dun Laoghaire, Co. Dublin",1700, Co. Dublin
"668. (3) Elmfield, Ballyogan Road, Leopardstown, Dublin 18",2375, Dublin 18
"669. Fishermans Green, Malahide, Co. Dublin",1985, Co. Dublin
"670. Swords Road, Malahide, Co Dublin, Malahide, Co. Dublin",1800, Co. Dublin
"671. Hatch place, Dublin 2",1800, Dublin 2
"672. Pembroke Road, Ballsbridge, Dublin 4",2500, Dublin 4
"673. Boyne House, Custom House Square, IFSC, Dublin 1",1950, Dublin 1
"674. Belfield Court, Stillorgan Road, Donnybrook, Dubli, Dublin 4",2000, Dublin 4
"675. Phibblestown House, Clonee, Dublin 15",1800, Dublin 15
"676. The Schooner, Arran Quay, Dublin 7",1850, Dublin 7
"677. Canon Hall, Dublin 1",2200, Dublin 1
"678. Willbrook House, Northbrook Ave, Ranelagh, Dublin 6",1800, Dublin 6
"679. The Distillery, Drumcondra, Dublin 3",1450, Dublin 3
"680. Carrigmore Crescent, Citywest, Co. Dublin",1250, Co. Dublin
"681. The Links, Portmarnock, Co. Dublin",1300, Co. Dublin
"682. Knocknagow, greenville road, Blackrock, Co. Dublin",1800, Co. Dublin
"683. Highfield Road, Rathgar, Rathgar, Dublin 6",2000, Dublin 6
"684. Mount Merrion Avenue, Blackrock, Blackrock, Co. Dublin",1900, Co. Dublin
"685. Charlestown Place, Finglas, Dublin 11",1540, Dublin 11
"686. Westend Village, Blanchardstown, Dublin 15",1500, Dublin 15
"687. rathfarnham castle, Rathfarnham, Dublin 14",1800, Dublin 14
"688. Stocking Wood Copse, Stocking Wood, Rathfarnham, Dublin 16",1437, Dublin 16
"689. Roebuck Lawn, Clonskeagh, Dublin 14",1575, Dublin 14
"690. Blackhall Square, Smithfield, Smithfield, Dublin 7",1850, Dublin 7
"691. Ashwood house, mount street, Dublin 2, Grand Canal Dock, Dublin 2",2600, Dublin 2
"692. 20, The Hibernian, Barrow Street, Dublin 4",2700, Dublin 4
"693. Barnwall Court, Balbriggan, Co. Dublin",1450, Co. Dublin
"694. The Waxworks, Ashtown, Dublin 7",1700, Dublin 7
"695. Richmond Street South, Portobello, Dublin 8",1600, Dublin 8
"696. The Crescent Building, Park West, Dublin 12",1800, Dublin 12
"697. Clanwilliam Court, Grand Canal Dock, Dublin 2",2200, Dublin 2
"698. Castle Street, Dublin 2",1950, Dublin 2
"699. Castledawson, Sion Hill, Rock Road, Blackrock, Co. Dublin",1750, Co. Dublin
"700. Northbrook Avenue, Ranelagh, Dublin 6",2000, Dublin 6
"701. Nerano Road, Dalkey, Co. Dublin",1750, Co. Dublin
"702. 36 Thornwood Booterstown, Blackrock, Co. Dublin",2500, Co. Dublin
"703. 2 Grove House, Grove Road, Rathmines, Dublin 6",2300, Dublin 6
"704. St Annes, Ailesbury Road, Donnybrook, Dublin 4",2020, Dublin 4
"705. 25 wolfetone street dublin 1, Dublin 1",1650, Dublin 1
"706. The Hampton's, Santry Cross, Santry, Dublin 9",1664, Dublin 9
"707. Smithfield Towers, Smithfield Market, Smithfield, Dublin 7",3900, Dublin 7
"708. Mayeston Court, St Margarets Road, Finglas, Dublin 11",1950, Dublin 11
"709. 28 Mountfield Park, Malahide, Co. Dublin",2000, Co. Dublin
"710. Castlecourt Apartments, Kilgobbin Woods, Sandyford, Sandyford, Dublin 18",1755, Dublin 18
"711. Cardy Rock View, Balbriggan, Co. Dublin",1400, Co. Dublin
"712. 27 Kingram Place, Dublin 2",1700, Dublin 2
"713. Eustace Court, Dun Laoghaire, Co Dublin, Dun Laoghaire, Co. Dublin",2500, Co. Dublin
"714. Serviced Apartments in Malahide, Malahide, Co. Dublin",3360, Co. Dublin
"715. Milners Square, Santry, Dublin 9",1700, Dublin 9
"716. Venetian Hall, Killester, Dublin 5",1750, Dublin 5
"717. Belgrave Square East, Ranelagh, Dublin 6",2500, Dublin 6
"718. Philipsburg Avenue, Fairview, Dublin 3",1650, Dublin 3
"719. Castlegrange Court, Clonsilla, Dublin 15",2200, Dublin 15
"720. Distillery Row, Drumcondra, Dublin 3",1700, Dublin 3
"721. 20 Castlegrange Court, Clonsilla, Dublin 15",1800, Dublin 15
"722. Merrion Street, Dublin 2",5750, Dublin 2
"723. 12 Joyce Hall, Carrickmines Avenue, Carrickmines W, Foxrock, Dublin 18",3900, Dublin 18
"724. 20 Belfield Park, Stillorgan, Co. Dublin",2100, Co. Dublin
"725. GEORGES QUAY, Dublin 2",2200, Dublin 2
"726. 58 Serpentine Avenue, Ballsbridge, Dublin 4",2350, Dublin 4
"727. Lansdowne Gate, Drimnagh, Dublin 12",1525, Dublin 12
"728. bakers yard, North portland street, Dublin 1",2000, Dublin 1
"729. Hansfield Wood, Clonsilla, Clonsilla, Dublin 15",1800, Dublin 15
"730. 86 Grand Canal Square, Grand Canal, Dublin 2",3045, Dublin 2
"731. 71 the marker residence, Grand Canal Dock, Dublin 2",3055, Dublin 2
"732. 30 The Marker residence, Grand Canal Dock, Dublin 2",3535, Dublin 2
"733. Church Road, Ballybrack, Killiney, Co. Dublin",1250, Co. Dublin
"734. Christchurch Place, Christchurch, Dublin 8",1700, Dublin 8
"735. Christchurch, Christchurch, Dublin 8",2000, Dublin 8
"736. Apartment 102, College View, Ballymun, Dublin 9",1750, Dublin 9
"737. Unit 8, 238 North Circular Road, Phibsboro, Phibsborough, Dublin 7",1275, Dublin 7
"738. Milner Square, Santry, Dublin 9",1722, Dublin 9
"739. Coopers Yard, Smithfield, Dublin 7",2250, Dublin 7
"740. The Concert Building, Parkwest Pointe, Park West, Dublin 12",1750, Dublin 12
"741. Temple Park, Dartry, Dublin 6",1600, Dublin 6
"742. Cranmer Place, Ballsbridge, Dublin 4",1950, Dublin 4
"743. Rosedale Tyrconnel St Inchicore, Inchicore, Dublin 8",1395, Dublin 8
"744. Fitzwilliam Quay, Ringsend, Dublin 4",2000, Dublin 4
"745. 83 Rathborne Avenue, Ashtown, Dublin 15",1575, Dublin 15
"746. 8 Clareville House, Harolds Cross Road, Harold's Cross, Dublin 6w",1600, Dublin 6w
"747. Oak House, Seven Oaks, Sarsfield Road, Ballyfermot, Dublin 10",3200, Dublin 10
"748. Ha\'Penny Bridge House, Ormond Quay, Dublin 1, Dublin 1",2200, Dublin 1
"749. Ranelagh, Ranelagh, Dublin 6",1166, Dublin 6
"750. The courtyard clonsilla, Clonsilla, Dublin 15",1650, Dublin 15
"751. Alexandra Walk, Dublin 2",3740, Dublin 2
"752. Merton Hall, Mount Saint Annes, Milltown, Dublin 6",2400, Dublin 6
"753. Alexandra Walk, Dublin 2",3740, Dublin 2
"754. Adelaide Square, Dublin 2",2880, Dublin 2
"755. Blackhall Square, Smithfield, Dublin 1",1750, Dublin 1
"756. Shonvalley, Newcastle Road, The Grange, Lucan, Co. Dublin",1050, Co. Dublin
"757. Bloomfield Park, Morehampton Road, Donnybrook, Dublin 4",2800, Dublin 4
"758. Mount Sandford Apts, Milltown Road, Milltown, Dublin 6",2700, Dublin 6
"759. Herbert Park Lane Apts, Ballsbridge, Dublin 4",3200, Dublin 4
"760. The Pines, Herbert Park Lane Apartments, Ballsbridge, Dublin 4",2800, Dublin 4
"761. Penthouse The Pines, Herbert Park Lane, Ballsbridge, Dublin 4",3500, Dublin 4
"762. Herbert Park Lane Apts, Ballsbridge, Dublin 4",3200, Dublin 4
"763. North Great George Street, Dublin 1",3000, Dublin 1
"764. Bloomfield Park, Morehampton Road, Donnybrook, Dublin 4",2800, Dublin 4
"765. Mount Sandford Apts, Milltown Road, Milltown, Dublin 6",2700, Dublin 6
"766. Oak House, Red Arches Drive, The Coast, Baldoyle, Dublin 13",1600, Dublin 13
"767. Carmanhall Court, Burton Hall Road, Sandyford, Dublin 18",1950, Dublin 18
"768. 6 Mountjoy Square, Dublin 1",2000, Dublin 1
"769. 82 lower camden street, Dublin 2",2000, Dublin 2
"770. Beacon South Quarter, Sandyford, Dublin 18",1790, Dublin 18
"771. Old County Road, Crumlin, Dublin 12",1800, Dublin 12
"772. 52 Terenure road east, Rathgar, Dublin 6",2400, Dublin 6
"773. dame street, Dublin 2",2300, Dublin 2
"774. rathgar road, Rathgar, Dublin 6",2000, Dublin 6
"775. Block 5, Portland Lock, Portland Place, Dublin 1",2100, Dublin 1
"776. 15 Sheas Court, Manor St, Dublin 7, Stoneybatter, Dublin 7",1400, Dublin 7
"777. Gracepark Manor, Drumcondra, Dublin 3",3180, Dublin 3
"778. Falcon's View, New Navan Road, Blanchardstown, Blanchardstown, Dublin 15",1800, Dublin 15
"779. 169 171 James's street, Dublin 8",1850, Dublin 8
"780. Kellys row, Dublin 1",1950, Dublin 1
"781. Custom house square, IFSC, Dublin 1",2200, Dublin 1
"782. 87 Old Kilmainham Village, Kilmainham, Dublin 8",1600, Dublin 8
"783. Lymewood Mews, Northwood, Santry, Dublin 9",1650, Dublin 9
"784. Dunlin, Redcourt Oaks, Seafield Road, Clontarf, Dublin 3",1850, Dublin 3
"785. Merchamp, Seafield Road, Clontarf, Dublin 3",1427, Dublin 3
"786. Elmfield Court, Ninth Lock Road, Clondalkin, Dublin 22",1950, Dublin 22
"787. 202 Premier Square, Finglas, Dublin 11",1800, Dublin 11
"788. Bayview Ave, North Strand, Dublin 3",1700, Dublin 3
"789. Applewood Village, Swords, Co. Dublin",1240, Co. Dublin
"790. The square , haddington rd, Ballsbridge, Dublin 4",2400, Dublin 4
"791. Mongomery Court, Foley Street, Dublin 1",2250, Dublin 1
"792. Rockwell Cove, Blackrock, Co. Dublin",2100, Co. Dublin
"793. 29 Dorset street lower, Dublin 1",2000, Dublin 1
"794. Inchicore, Dublin 8",1800, Dublin 8
"795. 33 Frankfort Court, Rathgar, Dublin 6",1500, Dublin 6
"796. 77 Alen Hall, Belgard Square, Tallaght, Dublin 24",2350, Dublin 24
"797. The Oak, Parkview, Srepaside, Stepaside, Dublin 18",1800, Dublin 18
"798. 112 pembroke road dublin 4, Ballsbridge, Dublin 4",1500, Dublin 4
"799. Spencer dock, Dublin 1",2300, Dublin 1
"800. Brennanstown Avenue, Cabinteely, Dublin 18",1940, Dublin 18
"801. 9 Watermill Court, Raheny, Dublin 5",1600, Dublin 5
"802. Bissett's Loft, Strand Street, Malahide, Co. Dublin",2700, Co. Dublin
"803. Chapelgate, St Alphonsus Road, Drumcondra, Dublin 9",2200, Dublin 9
"804. Ma Tuire, Mount Merrion, Mount Merrion, Co. Dublin",2250, Co. Dublin
"805. Galtrim Grange, Malahide, Co. Dublin",1875, Co. Dublin
"806. Cresent House, The Cresent, Clontarf, Dublin 3",1600, Dublin 3
"807. Clifton Court, Dun Laoghaire, Co. Dublin",1850, Co. Dublin
"808. Seville Place, IFSC, Dublin 1",2200, Dublin 1
"809. 2 Old Connaught House, Ferndale Road, Rathmichael, Co. Dublin",1650, Co. Dublin
"810. Castledawson, Sion Hill, Blackrock, Co. Dublin",2890, Co. Dublin
"811. Charlotte Apartments, Dun Laoghaire, Co. Dublin",1975, Co. Dublin
"812. Charlotte Apartments, Dun Laoghaire, Co. Dublin",1800, Co. Dublin
"813. El Greco, St James Court, Ballsbridge, Dublin 4",1750, Dublin 4
"814. IFSC, custom house harbour, Dublin 1",1795, Dublin 1
"815. Bachelors Walk, Dublin 1",1500, Dublin 1
"816. 60 south Great Georges Street, Dublin 2",1250, Dublin 2
"817. 28A Bettyglen, Watermill Road, Raheny, Dublin 5",1300, Dublin 5
"818. Parsons Court, Newcastle, Co. Dublin",1400, Co. Dublin
"819. Parnell Street, Dublin 1",1600, Dublin 1
"820. Castleland Court, Balbriggan, Co. Dublin",1200, Co. Dublin
"821. Hanbury Mews, Hanbury Lane, Dublin 8",1700, Dublin 8
"822. Kilmainham Square, Kilmainham, Dublin 8",2000, Dublin 8
"823. Elgin House, Ballsbridge Court, Serpentine Avenue, Ballsbridge, Dublin 4",2100, Dublin 4
"824. 106 Botanic Road, Glasnevin, Dublin 9",1680, Dublin 9
"825. New Bancroft, Greenhills Road, Tallaght, Dublin 24",1500, Dublin 24
"826. Madison Court, Grattan Street, Dublin 2",2600, Dublin 2
"827. Gleann Ribh, Lusk, Co. Dublin",1550, Co. Dublin
"828. Cowper Road, Rathmines, Dublin 6",1250, Dublin 6
"829. 109 Parnell St, Dublin 1",2000, Dublin 1
"830. 231 Wyckham Point, Wyckham Way, Dundrum, Dublin 16",2150, Dublin 16
"831. Main Street, Ballymun, Dublin 9",1750, Dublin 9
"832. Ranelagh Court, Ranelagh Road, Ranelagh, Dublin 6., Ranelagh, Dublin 6",1500, Dublin 6
"833. Grand Central Apartments, Sandyford, Dublin 18",1700, Dublin 18
"834. Kilmainham Square, Kilmainham, Dublin 8",1415, Dublin 8
"835. Alexandra Walk, Dublin 2",3300, Dublin 2
"836. Alexandra Walk, Dublin 2",3400, Dublin 2
"837. Alexandra Walk, Dublin 2",3400, Dublin 2
"838. Adelaide Square Penthouse, Dublin 2",4800, Dublin 2
"839. Apt 201 The Hermitage Apartments, Balgriffin, Dublin 13",2100, Dublin 13
"840. Adelaide Square, Dublin 2",3000, Dublin 2
"841. Adelaide Square, Dublin 2",4200, Dublin 2
"842. Alexandra Walk, Dublin 2",3300, Dublin 2
"843. Adelaide Square, Dublin 2",3240, Dublin 2
"844. Adelaide Square, Dublin 2",3996, Dublin 2
"845. 150 Howth Road, Clontarf, Dublin 3",1600, Dublin 3
"846. 6 South Strand House, Skerries, Co. Dublin",1650, Co. Dublin
"847. Apt 65 St Gabriels, Johnstown Road, Cabinteely, Dublin 18",2450, Dublin 18
"848. Penthouse Residence, Intercontinental Hotel, Ballsbridge, Dublin 4",7000, Dublin 4
"849. Galloping Green, Stillorgan, Co. Dublin",2200, Co. Dublin
"850. The Hibernian, The Gasworks, Ringsend, Dublin 4",3900, Dublin 4
"851. Spencer Dock Apartments, Dublin 1",4500, Dublin 1
"852. Shrewsbury Square Penthouse, Ballsbridge, Dublin 4",4950, Dublin 4
"853. Neptune Apartments, Dun Laoghaire, Co. Dublin",2064, Co. Dublin
"854. Tara Street, Dublin 2",1950, Dublin 2
"855. Adelaide Square, Dublin 2",3000, Dublin 2
"856. Alexandra Walk, Dublin 2",3400, Dublin 2
"857. Adelaide Square, Dublin 2",3200, Dublin 2
"858. Adelaide Square, Dublin 2",3240, Dublin 2
"859. Adelaide Square, Dublin 2",3000, Dublin 2
"860. Mayor Street Lower, Dublin 2, Dublin 2",2400, Dublin 2
"861. allendale court, Clonsilla, Dublin 15",1800, Dublin 15
"862. 155 hunters green hunterswood, Ballycullen, Dublin 16",1610, Dublin 16
"863. Merrion Village, Ballsbridge, Dublin 4",2400, Dublin 4
"864. The Pines, Herbert Park Lane, Ballsbridge, Dublin 4",3800, Dublin 4
"865. Hanover Dock, Grand Canal Dock, Dublin 2",3700, Dublin 2
"866. Alexandra Walk, Dublin 2",3300, Dublin 2
"867. Adelaide Square, Dublin 2",3400, Dublin 2
"868. 47 Woodbrook Crescent, Castleknock, Dublin 15",1700, Dublin 15
"869. Alexandra Walk, Dublin 2",3320, Dublin 2
"870. Mobhi Court, Glasnevin, Dublin 9",2200, Dublin 9
"871. Manor House, St. Augustine's Park, Carysfort Avenu, Blackrock, Co. Dublin",1800, Co. Dublin
"872. Parnell Road, Harold's Cross, Dublin 6",1950, Dublin 6
"873. 32 Marlay View, Rathfarnham, Dublin 16",1800, Dublin 16
"874. 16 Grenville,110 Rathgar Road, Rathgar, Dublin 6",1795, Dublin 6
"875. 83 The Oaks, Rockfield, Dundrum, Dublin 16",1950, Dublin 16
"876. Linden, 31-33 Merrion Road, Ballsbridge, Dublin 4",2794, Dublin 4
"877. Grattan Hall, Lower Mount Street, Dublin 2",2400, Dublin 2
"878. Wellington, Riverpark, Islandbridge, Dublin 8",1900, Dublin 8
"879. 44 Millrace Road, Castleknock, Dublin 15",1825, Dublin 15
"880. Fishermans Wharf, Ringsend, Dublin 4",2040, Dublin 4
"881. Crescent building, Park West Pointe, Park West, Dublin 12",1800, Dublin 12
"882. 40 Main Street, Chapelizod, Chapelizod, Dublin 20",1350, Dublin 20
"883. 27 Bushy Park House Templeogue, Templeogue, Dublin 6w",2200, Dublin 6w
"884. Holywell lane, Swords, Co. Dublin",1475, Co. Dublin
"885. 121 The Forum, Ballymoss Road, Sandyford, Dublin 1, Sandyford, Dublin 18",1900, Dublin 18
"886. Hunters Green, Ballycullen Road, Ballycullen, Dublin 24",1600, Dublin 24
"887. St Raphaela\\\\\\\'s Road, Off Upper Kilmacud Road, Stillorgan, Co. Dublin",2100, Co. Dublin
"888. Slade Saggart, Saggart, Co. Dublin",900, Co. Dublin
"889. Manor Hall Mount Brown, Dublin 8",1800, Dublin 8
"890. Ring Commons, Balbriggan, Co. Dublin",1100, Co. Dublin
"891. 24 holywell dene, Swords, Dublin 13",1650, Dublin 13
"892. 28 Collis Court, Jugback Lane, Swords., Swords, Co. Dublin",1650, Co. Dublin
"893. 13 Spangers Yard, Crow Street, Temple Bar, Dublin 2",2750, Dublin 2
"894. Wyckham point, Dundrum, Dublin 14",1800, Dublin 14
"895. Leona Apartments, Dun Laoghaire, Co. Dublin",2432, Co. Dublin
"896. clarion quay bl 5, Dublin 1",2300, Dublin 1
"897. Green Isle Court, Clondalkin, Dublin 22",1400, Dublin 22
"898. 12 Orchard Hall, Castleknock, Dublin 15",1850, Dublin 15
"899. Castleforbes Square, Dublin 1",2200, Dublin 1
"900. Holywell, Swords, Co. Dublin",1600, Co. Dublin
"901. Harold's Cross Road, Harold's Cross, Dublin 6w",1600, Dublin 6w
"902. Mountjoy Square, Dublin 1",1900, Dublin 1
"903. Neptune Apartments, Dun Laoghaire, Co. Dublin",2564, Co. Dublin
"904. Marianella, Rathgar, Dublin 6",2850, Dublin 6
"1. Apartment 2, Garrison, Co. Fermanagh, BT93 4AE",400456, BT93 4AE
"1. Altenagh House, Nun's Island, Nun's Island, Co. Galway",1400, Co. Galway
"2. Nun's Island, Galway City Centre, Galway City, Co. Galway",1300, Co. Galway
"3. 5 Dun na Coiribe, Headford Road, Co. Galway",1400, Co. Galway
"4. 212 Bluebell Woods, Oranmore, Co. Galway",750, Co. Galway
"5. Radharc Na Locha, Bealdangan, Co. Galway",650, Co. Galway
"6. Lisheenoran, Annaghdown, Co. Galway",650, Co. Galway
"7. Arus Grattan, Grattan Road, Upper Salthill, galwa, Galway City, Co. Galway",1200, Co. Galway
"8. Sheerwater House, Galway City, Co. Galway",2000, Co. Galway
"9. Lydican, Carnmore, Co. Galway",750, Co. Galway
"10. 16 Killderry House, Galway City, Co. Galway",1895, Co. Galway
"11. Maree Oranmore, Oranmore, Co. Galway",1150, Co. Galway
"12. Shannon Oaks St Joesphs Road, Portumna, Co. Galway",700, Co. Galway
"13. churchfield, Salthill, Co. Galway",1600, Co. Galway
"14. 28 boireann Beag, Roscam, Co. Galway",1200, Co. Galway
"15. Rahoon, Drum East, Co. Galway",1300, Co. Galway
"16. Durabhan, Roscam, Co. Galway",1000, Co. Galway
"17. Drum East, Drum East, Co. Galway",1300, Co. Galway
"18. Dominick Street, Galway City, Co. Galway",2350, Co. Galway
"19. 29 St. Brendans Avenue, Woodquay, Co. Galway",1300, Co. Galway
"20. Ce Na Mara, The Docks, Galway City, Co. Galway",1560, Co. Galway
"21. 47 Aengus House, Dock Street - 5 month lease only, Galway City, Co. Galway",1800, Co. Galway
"22. Rosscahill Co Galway, Rosscahill, Co. Galway",600, Co. Galway
"23. Upper Salthill, Salthill, Co. Galway",1300, Co. Galway
"24. H91 DXR5, Annaghdown, Co. Galway",700, Co. Galway
"25. Glean na Ri, Renmore, Co. Galway",1000, Co. Galway
"26. Killaguile, Rosscahill, Co. Galway",500, Co. Galway
"27. Cuirt Seoige, Bohermore, Co. Galway",1500, Co. Galway
"28. Bishop O\'Donnell Road, Rahoon, Co. Galway",560, Co. Galway
"29. Costa Na Mara, Oranmore, Co. Galway",1175, Co. Galway
"30. The Cobblestones, Eyre Street, Galway City, Co. Galway",1400, Co. Galway
"31. 4 Arus Bun Caise, Rahoon, Co. Galway",1350, Co. Galway
"32. An Creagan, Barna, Co. Galway",975, Co. Galway
"33. Cois na hAbhainn, Ballygaddy Road, Tuam, Co. Galway",800, Co. Galway
"34. Vicar Street, Tuam, Co. Galway",600, Co. Galway
"35. cross street Galway, Galway City, Co. Galway",1600, Co. Galway
"36. Area, Athenry, Co. Galway",800, Co. Galway
"37. Seabury, Barna House & Demesne, Barna Road, Ga, Barna, Co. Galway",1450, Co. Galway
"38. Bowling Green, Galway City, Co. Galway",1675, Co. Galway
"39. Masonbrook, Loughrea, Co. Galway",600, Co. Galway
"40. Dun Oran, Oranhill, Oranmore, Co. Galway",1250, Co. Galway
"41. Rockbarton Court, Salthill, Co. Galway",1800, Co. Galway
"42. Annaghdown, Corrandulla, Co.Galway, Annaghdown, Co. Galway",900, Co. Galway
"43. Granary Suites, 58 Dominick Street Lower, Galway C, Galway City, Co. Galway",2250, Co. Galway
"44. Shannon Oaks Apartments, Portumna, Co. Galway",700, Co. Galway
"45. 24 Glenview Drive, Riverside, Tuam Road, Co. Galway",770, Co. Galway
"46. The Plaza, Headford Road, Co. Galway",1455, Co. Galway
"47. Abbey Court, Mary Street, Galway City, Co. Galway",1395, Co. Galway
"48. 136 fionnuisce, Doughiska, Co. Galway",1200, Co. Galway
"49. The Cresent ,Taylors Hill, Galway City, Co. Galway",900, Co. Galway
"50. Balrobuck, Corrandulla, Co. Galway",1100, Co. Galway
"51. City Centre Cill Ard Galway, Bohermore, Co. Galway",1400, Co. Galway
"52. 29b St. Brendans Ave, Woodquay, Co. Galway",1850, Co. Galway
"53. Ocean Towers, Blackrock, Salthill, Co. Galway",1600, Co. Galway
"54. The Connacht Hotel, Dublin Road, Renmore, Co. Galway",1820, Co. Galway
"55. Apt 1, The Vineyard Apartments, Lombard Street, Galway City, Co. Galway",1450, Co. Galway
"56. bridge street, Ballinasloe, Co. Galway",750, Co. Galway
"57. Mountain View, Clonbur, Co. Galway",550, Co. Galway
"58. Lough Atalia Road, Galway City, Co. Galway",1200, Co. Galway
"59. Bride Street, Loughrea, Co. Galway",800, Co. Galway
"1. The Anchorage, Tralee, Co. Kerry",800, Co. Kerry
"2. The Marina Apartments, Tralee, Co. Kerry",775, Co. Kerry
"3. 33 Upper Castle Street, Tralee, Co. Kerry",575, Co. Kerry
"4. E Block, Edward Court, Edward Street, Tralee, Co. Kerry",775, Co. Kerry
"5. William Street, Listowel, Co. Kerry",480, Co. Kerry
"6. Fairway Heights, The Kerries, Tralee, Co. Kerry",750, Co. Kerry
"7. An Sean Mhuileann, Tralee, Co. Kerry",795, Co. Kerry
"8. Fairway Heights, Tralee, Co. Kerry",800, Co. Kerry
"9. OFF ROCK STREET, Tralee, Co. Kerry",650, Co. Kerry
"10. Apt. 4 Mountain View, Muckross Road, Killarney, Co. Kerry",740, Co. Kerry
"11. Upper Castle Street Tralee, Tralee, Co. Kerry",650, Co. Kerry
"12. Sunhill Road, Killorglin, Co. Kerry",650, Co. Kerry
"13. The Paddocks, Killorglin, Co. Kerry",750, Co. Kerry
"14. Apartment 4 Town Centre, Killorglin, Co. Kerry",600, Co. Kerry
"15. New Street Killarney, Killarney, Co. Kerry",1000, Co. Kerry
"16. Rockwell Close, Tralee, Co. Kerry",650, Co. Kerry
"17. Oakdale park road, Killarney, Co. Kerry",1100, Co. Kerry
"18. Park Road, Killarney, Co. Kerry",980, Co. Kerry
"19. Ref 777 - Apartment, New Street, Cahersiveen, Co. Kerry",600, Co. Kerry
"20. 10 The Square, Tralee, Co. Kerry",580, Co. Kerry
"21. Ardfert village, Tralee, Co. Kerry",1000, Co. Kerry
"22. SEASIDE CARAVAN PARK CAMP TRALEE, Camp, Co. Kerry",520, Co. Kerry
"1. Stradbrook Luxury Appartment, Portlaoise, Co. Laois",875, Co. Laois
"2. The Maples, Forest Park, Portlaoise, Co. Laois",850, Co. Laois
"3. Lalor Way, Fairgreen, Portlaoise, Co. Laois",900, Co. Laois
"4. the strand road, Ballickmoyler, Co. Laois",600, Co. Laois
"5. woodbrook mountrath, Mountrath, Co. Laois",400, Co. Laois
"6. Block One Fieldbrook Dublin Road Portlaoise, Portlaoise, Co. Laois",750, Co. Laois
"7. Ring Colt Ballyroan, Ballyroan, Co. Laois",800, Co. Laois
"8. Lalor Way Fairgreen Portlaoise, Portlaoise, Co. Laois",900, Co. Laois
"9. Stradbrook, Portlaoise, Co. Laois",900, Co. Laois
"10. De Vesci Court, Fairgreen, Portlaoise, Co. Laois",900, Co. Laois
"11. Church Street, Portlaoise, Co. Laois",850, Co. Laois
"12. New Row, Mountmellick Road, Portlaoise, Co. Laois",800, Co. Laois
"13. Kilnacourt Woods, Portarlington, Co. Laois",650, Co. Laois
"14. Apt 1 Shamrock Lodge, Borris Rd., Portlaoise, Co. Laois",480, Co. Laois
"15. De Vesci Court, Portlaoise, Co. Laois",800, Co. Laois
"1. Leitrim Village, Leitrim, Co. Leitrim",700, Co. Leitrim
"2. Key Street, Carrick-on-Shannon, Co. Leitrim",500, Co. Leitrim
"3. Quay Road, Carrick-on-Shannon, Co. Leitrim",550, Co. Leitrim
"4. Bridge Street, Carrick-on-Shannon, Co. Leitrim",450, Co. Leitrim
"5. Riverview, Carrick-on-Shannon, Co. Leitrim",600, Co. Leitrim
"6. The Pavillion, Carrick-on-Shannon, Co. Leitrim",650, Co. Leitrim
"7. 4 Library Corner, Manorhamilton, Co. Leitrim",500, Co. Leitrim
"8. Ayrefield Manor, Carrick-on-Shannon, Co. Leitrim",550, Co. Leitrim
"9. Marymount, Carrick-on-Shannon, Co. Leitrim",550, Co. Leitrim
"10. The Waterfront, Leitrim, Co. Leitrim",700, Co. Leitrim
"1. 20 Fishermans Quay, Grove Island, Corbally, Co. Limerick",1100, Co. Limerick
"2. Pery Square, Limerick City, Co. Limerick",700, Co. Limerick
"3. 50 Thomas Street, Limerick City, Co. Limerick",1050, Co. Limerick
"4. 81 Bru Na Gruadan, Castletroy, Co. Limerick",1100, Co. Limerick
"5. An Dun, Church road, Raheen, Co. Limerick",1200, Co. Limerick
"6. Log na gCapall, South Circular Road, Co. Limerick",1400, Co. Limerick
"7. Ballantyne Place, Steamboat Quay, Limerick City, Co. Limerick",1100, Co. Limerick
"8. Lelia House, Lelia Street, Limerick City, Co. Limerick",950, Co. Limerick
"9. Knockhill, Ennis Road, Co. Limerick",1100, Co. Limerick
"10. The Strand, O'Callaghan strand, Limerick City, Co. Limerick",1250, Co. Limerick
"11. Harveys Quay, Limerick City, Co. Limerick",1300, Co. Limerick
"12. Coolbane, Castleconnell, Co. Limerick",950, Co. Limerick
"13. Cloisters, Nr.O'Connell Monument, O'Connell Street, Limerick City, Co. Limerick",960, Co. Limerick
"14. Main Street, Adare, Co. Limerick",1100, Co. Limerick
"15. An Dun, Church Road, Raheen, Co. Limerick",950, Co. Limerick
"16. Main Street, Kilfinane, Co. Limerick",500, Co. Limerick
"17. Drominbeg, Rhebogue, Co. Limerick",1350, Co. Limerick
"18. Glendara, Dooradoyle, Co. Limerick",1100, Co. Limerick
"19. No 9 Ard Dara Court, Ennis Road, Co. Limerick",1150, Co. Limerick
"20. Thornfield, South Circular Road, Co. Limerick",1300, Co. Limerick
"21. 20/21 Lower Gerald Griffin St, Limerick, Limerick City, Co. Limerick",1250, Co. Limerick
"22. 31, Henry streets, Limerick City., Limerick City, Co. Limerick",750, Co. Limerick
"23. The Strand Complex, Ennis Road, Co. Limerick",1600, Co. Limerick
"24. Landsdowne Hall, O'Callaghan Strand, Limerick City, Co. Limerick",1300, Co. Limerick
"25. Main Street, Ballylanders, Co. Limerick",550, Co. Limerick
"26. Black abby coutr, Adare, Co. Limerick",1100, Co. Limerick
"27. 701 Riverpoint, Limerick City, Co. Limerick",1200, Co. Limerick
"28. 31 Pery Court, Limerick City, Co. Limerick",1050, Co. Limerick
"29. 10 The Steeples Mulgrave Street, Limerick City, Co. Limerick",950, Co. Limerick
"30. Glenlara House, Mount Kenneth, Limerick City, Co. Limerick",850, Co. Limerick
"1. Hollybrook, Abbeyshrule, Co. Longford",300, Co. Longford
"2. Main St., Ballymahon, Co. Longford",600, Co. Longford
"3. Cornmill House, Great Water Street, Longford Town, Co. Longford",450, Co. Longford
"4. French Hall,Prospect Wood, Longford Town, Co. Longford",650, Co. Longford
"5. Main Street, Granard, Co. Longford",400, Co. Longford
"6. 14 Richmond Street, Longford Town, Co. Longford",650, Co. Longford
"7. 13 Harbour Point, Longford Town, Co. Longford",650, Co. Longford
"8. 7 The Granary, Ballymahon, Co. Longford",650, Co. Longford
"9. Main Street, Granard, Co. Longford",400, Co. Longford
"10. Drumlish Road. Longford Town, Longford Town, Co. Longford",600, Co. Longford
"11. Rath Bheg, Abbeylara, Co. Longford",550, Co. Longford
"12. Moy Court, Ballymahon, Co. Longford",650, Co. Longford
"13. 3b Kilashee Street, Longford Town, Co. Longford",580, Co. Longford
"1. Shop Street, Drogheda, Co. Louth",1200, Co. Louth
"2. Shop Street, Drogheda, Co. Louth",1000, Co. Louth
"3. Park Wood, Grange Rath, Drogheda, Co. Louth",1250, Co. Louth
"4. 27north strand, Drogheda, Co. Louth",900, Co. Louth
"5. Euston Street, Greenore, Co. Louth",725, Co. Louth
"6. Main Street, Greenore, Carlingford, Co. Louth",695, Co. Louth
"7. Main Street, Greenore, Carlingford, Co. Louth",695, Co. Louth
"8. Martello Dublin Road, Drogheda, Co. Louth",1250, Co. Louth
"9. Stapleton place, Dundalk, Co. Louth",1050, Co. Louth
"10. 40 bryanstown manor, Drogheda, Co. Louth",1200, Co. Louth
"11. plaster, Kilkerley, Co. Louth",550, Co. Louth
"12. Jocelyn Street, Dundalk, Co. Louth",950, Co. Louth
"13. Greenhills, Drogheda, Co. Louth",800, Co. Louth
"14. North Road, Drogheda, Co. Louth",1000, Co. Louth
"15. 3 The Malthouse, Drogheda, Dromiskin, Co. Louth",1100, Co. Louth
"16. Apartment, Adelphi Boulevard, Park Avenue, Dundalk, Co. Louth",1250, Co. Louth
"17. Anneville House, Windmill Road, Drogheda, Co. Louth",1100, Co. Louth
"18. Mourne View Hall, Dundalk, Co. Louth",360, Co. Louth
"19. Main Street Blackrock, Blackrock, Co. Louth",1400, Co. Louth
"20. Bridge Street, Dundalk, Co. Louth",800, Co. Louth
"21. 35 Park Ridge Grange Rath, Drogheda, Co. Louth",1000, Co. Louth
"22. Fair Street House, Drogheda, Co. Louth",1083, Co. Louth
"23. 8 and 15 Stella Maris, Castle Hill Carlingford, Carlingford, Co. Louth",900, Co. Louth
"24. Clanbrassil Street, Dundalk, Co. Louth",900, Co. Louth
"25. Greenpark Student Accommodation, Greenpark, Dundalk, Co. Louth",400, Co. Louth
"26. Smarmore Ardee, Ardee, Co. Louth",750, Co. Louth
"27. Bryanstown, Drogheda, Co. Louth",1250, Co. Louth
"1. American Street, Belmullet, Co. Mayo",450, Co. Mayo
"2. tara court, Castlebar, Co. Mayo",500, Co. Mayo
"3. Craobh Ban, Newport, Co Mayo, Newport, Co. Mayo",650, Co. Mayo
"4. Craobh Ban, Newport, Co. Mayo",650, Co. Mayo
"5. Spencer Manor, Castlebar, Co. Mayo",900, Co. Mayo
"6. Mount Street, Claremorris, Co. Mayo",750, Co. Mayo
"7. Clogher, Claremorris, Co. Mayo",440, Co. Mayo
"8. Chamber Court, Cavendsh Lane, Castlebar, Co. Mayo",700, Co. Mayo
"9. Esker Meadows, Knock, Co. Mayo",480, Co. Mayo
"10. 22 Silverbridge, Claremorris, Co. Mayo",750, Co. Mayo
"11. Apt 31 Hawthorn Village, Saleen, Castlebar, Co. Mayo",650, Co. Mayo
"12. 46 Ashwood Avenue, Balinrobe Road, Westport, Westport, Co. Mayo",900, Co. Mayo
"13. Abbey park, Abbey Street, Ballina, Co. Mayo",600, Co. Mayo
"14. Apt 3A Erris Gardens, Crossmolina, Co. Mayo",500, Co. Mayo
"15. Apartment 2, Teach Ciaran, Bangor Erris, Co. Mayo",550, Co. Mayo
"16. 1 chapel walk, church street, Crossmolina, Co. Mayo",500, Co. Mayo
"17. Main Street, Balla, Co Mayo, Balla, Co. Mayo",600, Co. Mayo
"18. 23 Silverbridge, Claremorris, Co. Mayo",800, Co. Mayo
"19. Breaffy Woods, Castlebar, Co. Mayo",650, Co. Mayo
"20. Turlough Village, Castlebar, Co. Mayo",700, Co. Mayo
"21. Nephin Halls, Castlebar, Co. Mayo",700, Co. Mayo
"22. The Residences, Breaffy, Castlebar, Co. Mayo",750, Co. Mayo
"23. The Lodges ,Breaffy House Resort, Castlebar, Co. Mayo",675, Co. Mayo
"24. Mount Street, Claremorris, Co. Mayo",600, Co. Mayo
"25. Newline, Castlebar, Co. Mayo",800, Co. Mayo
"26. Westport, Westport Quay, Co. Mayo",700, Co. Mayo
"27. Town centre, Westport, Co. Mayo",760, Co. Mayo
"28. Cuslough, Castlebar, Co. Mayo",800, Co. Mayo
"29. Milebush Road, Castlebar, Co. Mayo",900, Co. Mayo
"30. Milebush Road, Castlebar, Co. Mayo",650, Co. Mayo
"31. Cushlough, Saleen, Castlebar, Co. Mayo",850, Co. Mayo
"32. Newline, Castlebar, Co.Mayo, Castlebar, Co. Mayo",800, Co. Mayo
"33. High Street, Westport, Co. Mayo",740, Co. Mayo
"34. Ashwood, Ballinrobe Road, Westport, Co. Mayo",780, Co. Mayo
"35. Knock road, Claremorris, Co. Mayo",750, Co. Mayo
"36. Westport Harbour, Westport, Co. Mayo",800, Co. Mayo
"37. 17 hopkins road castlebar, Castlebar, Co. Mayo",720, Co. Mayo
"38. Chapel st., Castlebar, Co. Mayo",620, Co. Mayo
"39. Riverwalk, Crossmolina, Co. Mayo",480, Co. Mayo
"40. Bruach na hAbhainn, Altamount Street, Westport, Co. Mayo",800, Co. Mayo
"41. 5 The Moorings American street, Belmullet, Co. Mayo",520, Co. Mayo
"42. 3 Brewery Buildings Market Lane, Bridge St., Westport, Co. Mayo",900, Co. Mayo
"43. Carramore, Knock, Co. Mayo",520, Co. Mayo
"44. 14 The Arches Newport, Newport, Co. Mayo",700, Co. Mayo
"45. The Residences, Breaffy, Co. Mayo",650, Co. Mayo
"46. Westport, Westport Quay, Co. Mayo",850, Co. Mayo
"47. 19 Altbawn Crescent, Kiltimagh, Co Mayo, Kiltimagh, Co. Mayo",600, Co. Mayo
"48. 103 The Docklands, Belmullet, Co. Mayo",500, Co. Mayo
"1. killegland house, Ashbourne, Co. Meath",1475, Co. Meath
"2. Whitelands, Dunboyne, Co. Meath",1000, Co. Meath
"3. Victorine Abbey, Dublin Road, Trim, Co. Meath",1200, Co. Meath
"4. 3 Effernock mews Trim, Trim, Co. Meath",1575, Co. Meath
"5. Garden Apartment, Cullenore, Kilcloon, Co. Meath",1250, Co. Meath
"6. The Courtyard, Dunshaughlin, Co. Meath",1300, Co. Meath
"7. Corballis Demesne, Ratoath, Co. Meath",1250, Co. Meath
"8. Knightsbrook Square, Trim, Co. Meath",1200, Co. Meath
"9. Bective Square, Kells, Co. Meath",750, Co. Meath
"10. Academy Square, Academy Street, Navan, Co. Meath",1400, Co. Meath
"11. Ledwidge Hall, Slane, Co. Meath",1300, Co. Meath
"12. Neptune Beach Apartments, Bettystown, Co. Meath",1800, Co. Meath
"13. Poolboy Quay, Navan, Co. Meath",1400, Co. Meath
"14. moyvalley Hotel And Golf Resort, Enfield, Co. Meath",1200, Co. Meath
"15. Moyvalley Hotel and Golf Resort, Enfield, Co. Meath",1400, Co. Meath
"16. Beaufort Abbey, Navan, Co. Meath",1200, Co. Meath
"17. Main Street Enfield, Enfield, Co. Meath",950, Co. Meath
"18. Athlumney, Navan, Co. Meath",1175, Co. Meath
"19. The Steeples, Timmons Hill, Navan., Navan, Co. Meath",1050, Co. Meath
"20. Chestnut hall, johnstown, Navan, Co. Meath",1200, Co. Meath
"21. Eastham Court, Bettystown, Co. Meath",1400, Co. Meath
"22. Castlemartin, Bettystown, Co. Meath",1250, Co. Meath
"23. Hickey's Lane, Baltrasna, Co. Meath, Ashbourne, Co. Meath",1150, Co. Meath
"24. 5 The steeples, Navan, Co. Meath",1050, Co. Meath
"25. Parsonstowm, Batterstown, Co. Meath",1200, Co. Meath
"26. Tankardstown, Donaghpatrick, Co. Meath",900, Co. Meath
"27. Ludlow Street, Navan, Co. Meath",1300, Co. Meath
"28. The Square, Innwood, Enfield, Co. Meath",1600, Co. Meath
"29. Branstown, Dunshaughlin, Co. Meath",1450, Co. Meath
"30. Rural Ashbourne, 2km From Town Centre, Ashbourne, Co. Meath",1500, Co. Meath
"31. 6A Navan Gate, Trim, Co. Meath",900, Co. Meath
"32. 4 Abbey Row, Kildalkey, Co. Meath",950, Co. Meath
"33. Summerhill Village, Summerhill, Co. Meath",800, Co. Meath
"1. Farney Street, Carrickmacross, Co. Monaghan",750, Co. Monaghan
"2. Apt. 3, 59 Main Street, Carrickmacross, Co. Monaghan",750, Co. Monaghan
"3. Apt. 2, 29 Main Street, Carrickmacross, Co. Monaghan",750, Co. Monaghan
"4. Monaghan Rd., Castleblayney, Co. Monaghan",440, Co. Monaghan
"5. Ardee Road, Carrickmacross, Co. Monaghan",750, Co. Monaghan
"1. R401, Edenderry, Co. Offaly",900, Co. Offaly
"2. Library Hall, Tullamore, Co. Offaly",775, Co. Offaly
"3. Bridge Lane, Tullamore, Co. Offaly",650, Co. Offaly
"4. Main Street, Banagher, Co. Offaly",450, Co. Offaly
"5. Upper Main Street, Banagher, Co. Offaly",550, Co. Offaly
"6. Birr Town Centre, Birr, Co. Offaly",600, Co. Offaly
"7. Sharavogue Birr, Sharavogue, Co. Offaly",480, Co. Offaly
"8. Riverside, Portarlington, Co. Offaly",850, Co. Offaly
"9. Leabeg, Blueball, Tullamore, Blue Ball, Co. Offaly",480, Co. Offaly
"10. Altmore House, Tara Street, Tullamore, Co. Offaly",975, Co. Offaly
"11. Market Square, Tullamore, Co. Offaly",850, Co. Offaly
"1. Apartment No 1, Marian Court, Dublin Rd, Ballaghaderreen, Co. Roscommon",475, Co. Roscommon
"2. Hodson Bay, Athlone, Co. Roscommon",1500, Co. Roscommon
"3. Inver Geal, Carrick-on-Shannon, Co. Roscommon",650, Co. Roscommon
"4. The Oaks, Frenchpark, Co. Roscommon",450, Co. Roscommon
"5. Hawthorn Crescent, Carrick-on-Shannon, Co. Roscommon",650, Co. Roscommon
"6. Church Street, Strokestown, Co. Roscommon",650, Co. Roscommon
"7. riverwalk, Castlerea, Co. Roscommon",550, Co. Roscommon
"1. Waterlane, Sligo, Co. Sligo",750, Co. Sligo
"2. The Buttermarket, Lower Quay Street, Sligo, Co. Sligo",750, Co. Sligo
"3. Millbrook Apts, JFK Parade, Riverside, Sligo, Co. Sligo",800, Co. Sligo
"4. Sea Front, Rosses Point, Co. Sligo",750, Co. Sligo
"5. HIGH STREET, Sligo, Co. Sligo",550, Co. Sligo
"6. High Street, Sligo, Co. Sligo",650, Co. Sligo
"7. Humbert St, Tubbercurry, Co. Sligo",500, Co. Sligo
"8. carragubada, Carraroe, Co. Sligo",440, Co. Sligo
"9. sligo town, Sligo, Co. Sligo",750, Co. Sligo
"10. Abbeykiln House, Abbey Street, Sligo, Co. Sligo",650, Co. Sligo
"11. Milbrook Apartments, Riverside, Sligo, Co. Sligo",850, Co. Sligo
"12. Milbrook, Riverside, Sligo, Co. Sligo",750, Co. Sligo
"13. 21 MILL FALLS, Collooney, Co. Sligo",820, Co. Sligo
"14. Mill Falls, Collooney, Co. Sligo",780, Co. Sligo
"15. Edenmount Hall,Brooklawns, First Sea Road, Sligo, Co. Sligo",715, Co. Sligo
"16. Ballincourt, Ballintogher, Co. Sligo",450, Co. Sligo
"17. Church Street, Sligo, Co. Sligo",600, Co. Sligo
"18. 12 Rockwood Crescent, Tobergal Lane, Sligo, Co. Sligo",790, Co. Sligo
"19. A12, City Gate, Mail Coach Road, Sligo, Co. Sligo",600, Co. Sligo
"20. Ballisodare, Ballisodare, Co. Sligo",600, Co. Sligo
"21. Lisnarawer, Beltra, Co. Sligo",500, Co. Sligo
"22. 49 the mall, Sligo, Co. Sligo",700, Co. Sligo
"23. Loughanelteen, Calry, Co. Sligo",400, Co. Sligo
"24. Rosses Point, Sligo, Co. Sligo",500, Co. Sligo
"25. Farrellmacfarrell Dromore West, Dromore West, Co. Sligo",360, Co. Sligo
"26. Tonaphubble, Sligo, Co. Sligo",555, Co. Sligo
"27. blackthorn riverstown cosligo, Sligo, Co. Sligo",650, Co. Sligo
"1. 34 Ballina Quay, Ballina, Co. Tipperary",900, Co. Tipperary
"2. Abbey Street clonmel, Clonmel, Co. Tipperary",550, Co. Tipperary
"3. Marlfield House, Clonmel, Co. Tipperary",550, Co. Tipperary
"4. Westcourt, The Quays, Clonmel, Co. Tipperary",800, Co. Tipperary
"5. Quarry Mews Mitchel Street, Thurles, Co. Tipperary",500, Co. Tipperary
"6. Ballytohill Mullinahone Co.tippeary, Ninemilehouse, Co. Tipperary",560, Co. Tipperary
"7. 1A Silver Street, Slver Mews, Nenagh, Co. Tipperary",600, Co. Tipperary
"8. Knocknagow, North Quay, Carrick-on-Suir, Co. Tipperary",700, Co. Tipperary
"9. 24 summerhill nenagh, Nenagh, Co. Tipperary",450, Co. Tipperary
"10. Old Waterford Road, Carrick Beg, Carrrick on Suir, Carrick-on-Suir, Co. Tipperary",700, Co. Tipperary
"11. Apartment, Woodlawn, Cashel, Co. Tipperary",500, Co. Tipperary
"12. Dolla, Dolla, Co. Tipperary",500, Co. Tipperary
"13. Riverside Shopping Centre, Borrisokane, Co. Tipperary",850, Co. Tipperary
"14. Riverside Shopping Centre, Borrisokane, Co. Tipperary",700, Co. Tipperary
"15. Bank Street, Templemore, Co. Tipperary",500, Co. Tipperary
"16. half mile from templemore, Templemore, Co. Tipperary",600, Co. Tipperary
"17. 42 The Chase, Knockbrit, Co. Tipperary",1000, Co. Tipperary
"18. Ladyswell st, Cashel, Co. Tipperary",750, Co. Tipperary
"19. apartment 5, wellington house, wellington street, Clonmel, Co. Tipperary",600, Co. Tipperary
"20. Pearse st, Nenagh, Co. Tipperary",480, Co. Tipperary
"21. Dominics Court, Cashel, Co. Tipperary",750, Co. Tipperary
"22. Carrig Rua, Gortandroe, Nenagh, Co. Tipperary",700, Co. Tipperary
"1. Watersgate, Billberry, Waterford, Waterford City, Co. Waterford",1100, Co. Waterford
"2. Railway Square, Castle Place, Waterford City, Co. Waterford",1100, Co. Waterford
"3. 20 Olympia Court Apartments, Parnell Street, Waterford City, Co. Waterford",750, Co. Waterford
"4. High Street, Waterford City, Co. Waterford",850, Co. Waterford
"5. O\\\'Connell Street, Waterford City, Co. Waterford",650, Co. Waterford
"6. Bridgeview Court, Bridge Street, Waterford City, Co. Waterford",850, Co. Waterford
"7. The Glen, Gracedieu, Co. Waterford",850, Co. Waterford
"8. The Quay, Waterford City, Co. Waterford",825, Co. Waterford
"9. Castle Place, Railway Square, Waterford City, Co. Waterford",850, Co. Waterford
"10. Apt 3, 12 Parnell Street, Waterford City, Co. Waterford",750, Co. Waterford
"11. Circular Road, Dunmore East, Co. Waterford",650, Co. Waterford
"12. Glencove - Penthouse Apartment, Dunmore Road, Waterford City, Co. Waterford",1250, Co. Waterford
"13. Apartment 4 Congreve House Scotch Quay, Waterford City, Co. Waterford",850, Co. Waterford
"14. Mount Suir, Gracedieu, Co. Waterford",950, Co. Waterford
"15. Glencove, Dunmore Road, Waterford City, Co. Waterford",1250, Co. Waterford
"16. Apartment 3 21/22 Board Street, Waterford City, Co. Waterford",2000, Co. Waterford
"17. Apartment 1 21/22 Broad Street, Waterford City, Co. Waterford",2000, Co. Waterford
"18. Atlantic Coast Apartment, Tramore, Co. Waterford",900, Co. Waterford
"19. Aylesbury Manor, Waterford City, Co. Waterford",350, Co. Waterford
"20. De Bruin Court, Waterford City, Co. Waterford",365, Co. Waterford
"21. The Old Infirmary, Johns Hill, Waterford City, Co. Waterford",850, Co. Waterford
"22. Collins Avenue, Dunmore Road, Waterford City, Co. Waterford",1200, Co. Waterford
"23. 9 The Bridge, Bridge Street, Dungarvan, Co. Waterford",700, Co. Waterford
"24. Church street, Ballyduff, Co. Waterford",600, Co. Waterford
"25. 7A Mahon Mills, Kilmacthomas, Co. Waterford",700, Co. Waterford
"26. The Boathouse, Scotch Quay, Waterford City, Co. Waterford",800, Co. Waterford
"27. Harbour View, Canada Street, Waterford City, Co. Waterford",800, Co. Waterford
"28. Ballybrussa, Grange, Dungarvan, Co. Waterford",550, Co. Waterford
"1. Esker Glenn, Bonavalley, Dublin Rd., Athlone, Co. Westmeath",1200, Co. Westmeath
"2. Goldsmith Close, Athlone, Co. Westmeath",900, Co. Westmeath
"3. 22 Strandcourt Penthouse, Athlone, Co. Westmeath",1400, Co. Westmeath
"4. Apt 3 Mildstone House, Golden Island, Athlone, Co. Westmeath",950, Co. Westmeath
"5. 19 Radharc An Chuain, Mullingar, Co. Westmeath",950, Co. Westmeath
"6. Gorteen, Mullingar, Co. Westmeath",700, Co. Westmeath
"7. 22 Bastion Quay, Athlone, Co. Westmeath",1400, Co. Westmeath
"8. Jollymarnier, Athlone, Co. Westmeath",1400, Co. Westmeath
"9. Ushnagh Court, Mullingar, Co. Westmeath",675, Co. Westmeath
"10. 73 Silverquay, Northgate Street, Athlone, Co. Westmeath",1250, Co. Westmeath
"11. 49 Irishtown Central, Athlone, Co. Westmeath",1100, Co. Westmeath
"12. Ard Ri, Athlone, Co. Westmeath",1000, Co. Westmeath
"13. Shannon Weir - 2 bed, Athlone, Co. Westmeath",950, Co. Westmeath
"14. Nort Gate ST Sliver Quay, Athlone, Co. Westmeath",900, Co. Westmeath
"15. Grove Street, Mullingar, Co. Westmeath",1000, Co. Westmeath
"16. Bellville Apartments, Mullingar, Co. Westmeath",825, Co. Westmeath
"17. Jolly Mariner, Coosan, Athlone, Co. Westmeath",1600, Co. Westmeath
"18. 10 Whitcroft Court, Moate, Co. Westmeath",850, Co. Westmeath
"19. 3 Galey House, Ard Ri, Athlone, Co. Westmeath",880, Co. Westmeath
"20. Rockbrook, Athlone, Co. Westmeath",800, Co. Westmeath
"21. Beechdrive, Mullingar, Co. Westmeath",600, Co. Westmeath
"22. 3A Oakcrest, Mullingar, Co. Westmeath",500, Co. Westmeath
"23. 29 Marlinstown Park, Mullingar, Co. Westmeath",895, Co. Westmeath
"24. Wellmount Student Village, Athlone, Co. Westmeath",360, Co. Westmeath
"25. ballinahowen court, Athlone, Co. Westmeath",400, Co. Westmeath
"26. Annagh, Ballykeeran, Athlone, Co. Westmeath",750, Co. Westmeath
"1. Trinity Street, Wexford Town, Co. Wexford",600, Co. Wexford
"2. R741, Ballyedmond, Co. Wexford",540, Co. Wexford
"3. Keywest, The Quay, Wexford Town, Co. Wexford",750, Co. Wexford
"4. Keywest, The Quay, Wexford Town, Co. Wexford",850, Co. Wexford
"5. Priory Court, Spawell Road, Wexford Town, Co. Wexford",775, Co. Wexford
"6. Lr. Bride St, Wexford Town, Co. Wexford",650, Co. Wexford
"7. Pinewood, Wexford Town, Co. Wexford",700, Co. Wexford
"8. The Moorings, Rosbercon, New Ross, Co. Wexford",650, Co. Wexford
"9. Barrow Hall Mountgarrett New Ross, New Ross, Co. Wexford",1200, Co. Wexford
"10. 3 Doyles Barn, New Ross, New Ross, Co. Wexford",625, Co. Wexford
"11. The Cottage , Salville House, Enniscorthy, Co. Wexford",650, Co. Wexford
"12. The Green, Clonard Village, Wexford Town, Co. Wexford",825, Co. Wexford
"13. Millers Rest, Castlebridge, Co. Wexford",552, Co. Wexford
"14. 12 Waterloo road Wexford, Wexford Town, Co. Wexford",600, Co. Wexford
"15. Hollyville Heights, Wexford Town, Co. Wexford",800, Co. Wexford
"16. Station Court, Gorey, Co. Wexford",950, Co. Wexford
"17. Tuskar House, John's Gate Sreet, Wexford Town, Co. Wexford",750, Co. Wexford
"18. The Old Schoolyard, Riverchapel, Gorey, Co. Wexford",750, Co. Wexford
"19. Alder Court, Ferns, Co. Wexford",850, Co. Wexford
"20. 38 Riverchapel View, Riverchapel, Co. Wexford",850, Co. Wexford
"21. Waterside, New Ross, Co. Wexford",700, Co. Wexford
"22. Hilltown, Killinick, Co. Wexford",750, Co. Wexford
"23. Melrose Court, Upper George's Street, Wexford Town, Co. Wexford",700, Co. Wexford
"24. Station Court The Avenue Gorey, Gorey, Co. Wexford",1000, Co. Wexford
"25. Ballyhine Lane, Barntown, Co. Wexford",800, Co. Wexford
"26. Stonebridge, Paul Quay, Wexford Town, Co. Wexford",1750, Co. Wexford
"27. Castlegardens, St Helens Village, Kilrane, Co. Wexford",750, Co. Wexford
"28. Glebe, Meelnagh, Castletalbot, Blackwater, Co. Wexford",600, Co. Wexford
"29. Quay Street, New Ross, Co. Wexford",700, Co. Wexford
"30. Quay Street, New Ross, Co. Wexford",600, Co. Wexford
"31. Quay Street, New Ross, Co. Wexford",600, Co. Wexford
"32. Quay Street, New Ross, Co. Wexford",720, Co. Wexford
"33. Quay Street, New Ross, Co. Wexford",700, Co. Wexford
"34. Quay Street, New Ross, Co. Wexford",720, Co. Wexford
"35. Avenue Grove, Gorey, Co. Wexford",1000, Co. Wexford
"36. Apt. No. 6, The Pillar, King Street, Wexford Town, Co. Wexford",780, Co. Wexford
"37. Lower George Street, Wexford Town, Co. Wexford",600, Co. Wexford
"38. Lower George's Street, Wexford Town, Co. Wexford",650, Co. Wexford
"39. 19 Castle Gardens, Kilrane, Co. Wexford",700, Co. Wexford
"40. New Ross Town, New Ross, New Ross, Co. Wexford",600, Co. Wexford
"41. 1 Portsmouth House, Templeshannon, Enniscorthy, Co. Wexford",650, Co. Wexford
"1. Cloncallow, Kilmartin, Newcastle, Ashford, Co. Wicklow",950, Co. Wicklow
"2. Ballylusk, Ashford, Co. Wicklow",900, Co. Wicklow
"3. Roundwood Village, Roundwood, Co. Wicklow",1100, Co. Wicklow
"4. The Mews, Enniskerry, Co. Wicklow",1100, Co. Wicklow
"5. Quinsboro Road, Bray, Co. Wicklow",1700, Co. Wicklow
"6. Priory Court, Eden Gate, Delgany, Co. Wicklow",1200, Co. Wicklow
"7. Duncairn Terrace D, Bray, Co. Wicklow",1250, Co. Wicklow
"8. Sidbury Court, Bray, Co. Wicklow",1360, Co. Wicklow
"9. Charlesland Court, Greystones, Co. Wicklow",1650, Co. Wicklow
"10. Kilmurray South, Kilmacanogue, Co. Wicklow",1400, Co. Wicklow
"11. Charlesland Park, Greystones, Co. Wicklow",1820, Co. Wicklow
"12. Ash Mews, Sidmonton Road, Bray, Co. Wicklow",1400, Co. Wicklow
"13. Slaney Park, Baltinglass, Co. Wicklow",1000, Co. Wicklow
"14. The Mews, Roseair, Eden road, Greystones, Co. Wi, Greystones, Co. Wicklow",1750, Co. Wicklow
"15. 14 The Lodges, Rocky Valley Crescent, Kilmacanogue, Co. Wicklow",1300, Co. Wicklow
"16. Roseville Court, Bray, Co. Wicklow",1050, Co. Wicklow
"17. Mizen Court, Arklow Marina, Arklow, Co. Wicklow",1150, Co. Wicklow
"18. Rockview Park, Arklow, Co. Wicklow",1250, Co. Wicklow
"19. 15 The oakes Diamond Valley Bray, Bray, Co. Wicklow",1550, Co. Wicklow
"20. main street, Carnew, Co. Wicklow",700, Co. Wicklow
"21. 15 minute walk to dart, Greystones, Co. Wicklow",1200, Co. Wicklow
