House,Price,County
"1. Apartment 12-09, The Arc, 2K Queens Road, Belfast, Belfast City Centre, Belfast, Co. Antrim",850970, Co. Antrim
"1. Glynn, St. Mullins, Co. Carlow",700, Co. Carlow
"2. Potato Market, Carlow Town, Co. Carlow",700, Co. Carlow
"3. 7 Chaff Street, Graiguecullen, Carlow Town, Co. Carlow",900, Co. Carlow
"4. Barrow Mews, Carlow Town, Co. Carlow",750, Co. Carlow
"5. Riverdell, Haymarket, Carlow Town, Co. Carlow",900, Co. Carlow
"1. 13 Headford Grove, Virginia, Co. Cavan",800, Co. Cavan
"2. Church Street, Cavan, Co. Cavan",750, Co. Cavan
"3. Catherdal Road, Cavan, Cavan, Co. Cavan",600, Co. Cavan
"4. Cluain Aoibhinn Court, Swellan, Cavan, Co. Cavan",600, Co. Cavan
"5. 2 Annalee Drive, Ballyhaise Cavan, Ballyhaise, Co. Cavan",600, Co. Cavan
"6. Russell Quay, Ballyconnell, Co. Cavan, Ballyconnell, Co. Cavan",685, Co. Cavan
"7. Apartment 25 Canal Bank Walk, Castleforde Ballycon, Ballyconnell, Co. Cavan",600, Co. Cavan
"8. Co Cavan, Lough Gowna, Co. Cavan",500, Co. Cavan
"9. Stramatt, Lisduff, Virginia, Co. Cavan",900, Co. Cavan
"10. The Plaza College Street, Cavan, Co. Cavan",700, Co. Cavan
"11. Apartment NO 3, Gortoolan Ballyconnell Co Cavan, Ballyconnell, Co. Cavan",400, Co. Cavan
"12. Arasain Pheadair Bawnboy, Ballyconnell, Co. Cavan",500, Co. Cavan
"13. Apt 5, The Elms, Woodford Meadows, Ballyconnell, Co. Cavan",550, Co. Cavan
"1. Boheroan, Newmarket on Fergus, Co. Clare",800, Co. Clare
"2. Inis Chlair, Clarecastle, Co. Clare",850, Co. Clare
"3. Merchants Quay, Kilrush, Co. Clare",700, Co. Clare
"4. Cuirt Na HEaglaise, Newmarket on Fergus, Co. Clare",800, Co. Clare
"5. Boheraroan, Newmarket on Fergus, Co. Clare",800, Co. Clare
"6. Bruagh Na Habhann, Quinn road, Ennis, Co. Clare",825, Co. Clare
"7. Town court, Shannon, Co. Clare",600, Co. Clare
"8. 156 Bru na Sionna, Shannon, Co. Clare",1000, Co. Clare
"9. Salthouse Lane, Ennis, Co. Clare",800, Co. Clare
"10. Riverwood Retirement village, Kilrush, Co. Clare",650, Co. Clare
"11. Moore Street, Kilrush, Co. Clare",400, Co. Clare
"12. Apartment 1, Garna House Retail Centre, Sixmilebridge, Co. Clare",800, Co. Clare
"13. CUIRT an FHILE, ROSLEVAN, Ennis, Co. Clare",750, Co. Clare
"14. Lahinch Road, Ennistymon, Ennistymon, Co. Clare",600, Co. Clare
"15. 3 Merchant\'s Quay, Kilrush, Co. Clare",360, Co. Clare
"1. Lee Road, Cork City, Co. Cork",1300, Co. Cork
"2. 22 Granary Hall, Mount Oval Village, Rochestown, Co. Cork",1300, Co. Cork
"3. 25 mill race, mill road, Midleton, Co. Cork",1050, Co. Cork
"4. The Elysian, Eglinton Street, Cork City, Co. Cork",3500, Co. Cork
"5. The Elysian, Eglinton Street, Cork City, Co. Cork",3170, Co. Cork
"6. Orchard Court, Orchard Road, Victoria Cross, Co. Cork",1400, Co. Cork
"7. Church St Dromcollogher, Charleville, Co. Cork",240, Co. Cork
"8. Pembroke Grove, Passage West, Co. Cork",1400, Co. Cork
"9. The Oaks, Wentworth Gardens, Bishopstown, Co. Cork",1252, Co. Cork
"10. Liosbourne, Carrigaline, Co. Cork",775, Co. Cork
"11. 37 Downview, Faranlea Road, Cork City, Victoria Cross, Co. Cork",2600, Co. Cork
"12. Glanmire Village, Glanmire, Co. Cork",1200, Co. Cork
"13. Rutland Place, South Terrace, Cork City, Co. Cork",1400, Co. Cork
"14. Fernwood Court, Glanmire, Co. Cork",1250, Co. Cork
"15. River Wharf, Mill Road, Midleton, Co. Cork",1250, Co. Cork
"16. Roxboro Close, The Rock, Midleton, Co. Cork",1150, Co. Cork
"17. Kilnaglory, Ballincollig, Co. Cork",950, Co. Cork
"18. Ballyleary Rd, Newtown, Cobh, Co. Cork",900, Co. Cork
"19. Patrick's Hill, Cork City, Co. Cork",1352, Co. Cork
"20. Corrin Court, Cork Road, Fermoy, Co. Cork",795, Co. Cork
"21. No. 3 Egmont Court, Earl Street, Kanturk, Co. Cork, Kanturk, Co. Cork",700, Co. Cork
"22. Kilominogue Innishannon, Kinsale, Co. Cork",650, Co. Cork
"23. 67A Main St, Kinsale, Co. Cork",1900, Co. Cork
"24. 3 Manhattan Apartments Lower O Connell St, Kinsale, Co. Cork",1200, Co. Cork
"25. Quartertown,Mallow,Co.Cork, Mallow, Co. Cork",550, Co. Cork
"26. Quay, Main st, Skibbereen, Co. Cork",775, Co. Cork
"27. North St, Skibbereen, Co. Cork",650, Co. Cork
"28. Alfred Street, Cork City, Co. Cork",1456, Co. Cork
"29. Farranlea road, Cork City, Co. Cork",2800, Co. Cork
"30. Maryborough Ridge, Douglas, Co. Cork",1620, Co. Cork
"31. Cork City Centre, Cork City, Co. Cork",1230, Co. Cork
"32. Washington Street, Cork City, Co. Cork",864, Co. Cork
"33. Main St, Watergrasshill, Co. Cork",2500, Co. Cork
"34. The Cloisters, Douglas, Co. Cork",1500, Co. Cork
"35. The Cloisters, Douglas, Co. Cork",1100, Co. Cork
"36. Cork City Centre, Cork City, Co. Cork",1903, Co. Cork
"37. Appartment 1 , Harolds Court, Enniskeane, Co. Cork",680, Co. Cork
"38. Old Quarry, Ballincollig, Co. Cork",1350, Co. Cork
"39. The Grand, Crosshaven, Co. Cork",1450, Co. Cork
"40. The Kingfisher, Jacob\'s Island, Ballinure, Co. Cork",1395, Co. Cork
"41. Lisin, Sunday's Well, Co. Cork",1735, Co. Cork
"42. 5 The Arches, Halfway Village, Ballinhassig, Co. Cork",1100, Co. Cork
"43. Ivy Court, Broomfield Village, Midleton, Co. Cork",1100, Co. Cork
"44. Cloghroe House, Ballincollig, Co. Cork",825, Co. Cork
"45. East End, Drimoleague, Co. Cork",400, Co. Cork
"46. City Square, Watercourse Road, Blackpool, Co. Cork",1600, Co. Cork
"47. Ballyvorisheen West, Carrignavar, Co. Cork",900, Co. Cork
"48. 3 Westside, Fairgreen, New Road, Mallow, Co. Cork",850, Co. Cork
"49. 49 Shearwater, Kinsale, Co. Cork",1750, Co. Cork
"50. Navillus, Togher (Cork City), Co. Cork",1200, Co. Cork
"51. Hollybrook, Orchard Road, Victoria Cross, Co. Cork",2000, Co. Cork
"52. Cois Na hAbhann, Bailick Road, Midleton, Co. Cork",1250, Co. Cork
"53. Apt, 7, West Beach, Cobh, Co. Cork",775, Co. Cork
"54. 9 Summerstown Avenue, Glasheen, Co. Cork",1400, Co. Cork
"55. An Radharc, Maryborough Ridge, Maryborough Hill, Douglas, Co. Cork",1575, Co. Cork
"56. Hazel House, Garrane Dara, Sarsfield Road, Wilton, Co. Cork",1180, Co. Cork
"57. Crawford View, Emmet Place, Cork City, Co. Cork",1800, Co. Cork
"58. Desmond Court, Cork Street, Kinsale, Co. Cork",850, Co. Cork
"59. Silverpoint, Silversprings, Co. Cork",1450, Co. Cork
"60. Summerhill South, Cork City, Co. Cork",1200, Co. Cork
"61. ., Ballinascarty, Co. Cork",750, Co. Cork
"62. 13 Ownahincha Apartments, Ownahincha, Co. Cork",650, Co. Cork
"63. Tullyland, Bandon, Co. Cork",750, Co. Cork
"64. Apartment 3, 8 Ballymoden Place, Bandon, Co. Cork",900, Co. Cork
"65. Apartment B, 20 Cuil na Carraige, Ballymakeera, Co. Cork",600, Co. Cork
"66. Pier Road, Kinsale, Co. Cork",1100, Co. Cork
"67. 309 Brideholm, Commons Road, Blackpool, Co. Cork",1500, Co. Cork
"68. Barrack Street Ballyclough, Mallow, Co. Cork",650, Co. Cork
"69. First Floor, 19 Military Road, St. Lukes, Co. Cork",1500, Co. Cork
"70. Watergold, Douglas, Co. Cork",1750, Co. Cork
"71. New Market Square, Mitchelstown, Co. Cork",600, Co. Cork
"72. 14 The Lodge, The Oaks, Classes Lake, Ballincollig, Co. Cork",1200, Co. Cork
"73. The Haven, Jacobs island Cork, Mahon, Co. Cork",1600, Co. Cork
"74. 5 Newmills, Brownsmills, Kinsale, Co. Cork",1400, Co. Cork
"75. Newmills Brownsmills Kinsale, Kinsale, Co. Cork",1200, Co. Cork
"76. 2 Heron Court, Skibbereen, Co. Cork",750, Co. Cork
"77. Harbour Heights, Passage West, Co. Cork",1450, Co. Cork
"78. 2 The Belfry, John O\'Connell Street, Cobh, Co. Co, Cobh, Co. Cork",1150, Co. Cork
"79. Woodhill, Tivoli, Co. Cork",1300, Co. Cork
"80. Baldwin Street, Mitchelstown, Co. Cork",925, Co. Cork
"81. main street ballineen, Ballineen, Co. Cork",540, Co. Cork
"82. 3 The Malthouse, Kinsale, Co. Cork",1200, Co. Cork
"83. 59 MacCurtain Street, Cork City, Co. Cork",3400, Co. Cork
"84. 3A college court Clonakilty, Clonakilty, Co. Cork",600, Co. Cork
"85. Flat, spy hill, Cobh, Co. Cork",1100, Co. Cork
"86. No. 21 Beechwood mews, Cluain ard, Cobh, Co. Cork",1200, Co. Cork
"87. Apartment 4 Bishops Island, Watergrasshill, Co. Cork",1000, Co. Cork
"88. North St., Skibbereen, Co. Cork",700, Co. Cork
"89. Mayfield Business Park, Mayfield, Co. Cork",2000, Co. Cork
"90. Midleton, Dungourney, Co. Cork",700, Co. Cork
"91. Brigown, Mitchelstown, Co. Cork",625, Co. Cork
"92. caheragh, Caheragh, , Co. Cork",650, Co. Cork
"93. Black Quay, Hollyhill, Kinsale, Co. Cork",1165, Co. Cork
"94. North St., Skibbereen, Co. Cork",425, Co. Cork
"95. Cappyaughna, Glengarriff, Co. Cork",700, Co. Cork
"1. Main Street, Ballyshannon, Co. Donegal",520, Co. Donegal
"2. Tir Chonaill Street, Ballyshannon, Co. Donegal",500, Co. Donegal
"3. Apt 24 Glenveagh Court, Letterkenny, Co. Donegal",800, Co. Donegal
"4. 32 Burnside Park, Letterkenny, Co. Donegal",560, Co. Donegal
"5. 8 Court Apartment, Banks Lane, Letterkenny, Co. Donegal",900, Co. Donegal
"6. 2 Railway Court, Pearse Road, Letterkenny, Co. Donegal",650, Co. Donegal
"7. 21 Quayside Apartments, Ramelton, Co. Donegal",850, Co. Donegal
"8. 18 The Fort, Greencastle, Co. Donegal",750, Co. Donegal
"9. 53 Riverside View Apartments, Pearse Road, Letterkenny, Co. Donegal",400, Co. Donegal
"10. Riverside View, Letterkenny, Co. Donegal",440, Co. Donegal
"11. Westside Apartments, Letterkenny, Co. Donegal",520, Co. Donegal
"12. Loughnagin Ramelton Road, Letterkenny, Co. Donegal",600, Co. Donegal
"13. Lifford Court Apartments, Lifford, Co. Donegal",440, Co. Donegal
"14. Apt 1 86 Upper Main street, Letterkenny, Co. Donegal",600, Co. Donegal
"15. 31 Cill Greine, Letterkenny, Co. Donegal",650, Co. Donegal
"16. 49 Grand Central Apartments, Letterkenny, Co. Donegal",650, Co. Donegal
"17. Trentaboy, Drumkeen, Co. Donegal",600, Co. Donegal
"18. 89a The Green Thornberry, Kilmacrennan Rd, Letterkenny, Co. Donegal",650, Co. Donegal
"19. The Maples, Lismonaghan, Letterkenny, Co. Donegal",565, Co. Donegal
"20. Apt 3 William Street, Raphoe, Co. Donegal",320, Co. Donegal
"21. Mill Park Apartments, Donegal Town, Co. Donegal",700, Co. Donegal
"22. riverside, Letterkenny, Co. Donegal",520, Co. Donegal
"23. Ardmore Court, Upper Main Street, Ballyshannon, Co. Donegal",550, Co. Donegal
"24. 1 Bakers Court, Ballyshannon, Co. Donegal",550, Co. Donegal
"25. Riverfront House, Letterkenny, Co. Donegal",620, Co. Donegal
"26. 8 Grand central Apartments, Canal Road, Letterkenny, Co. Donegal",700, Co. Donegal
"27. Apt 1, Slieve League View, Carrick, Co. Donegal",450, Co. Donegal
"28. Magheraclogher, Bunbeg, Co. Donegal",460, Co. Donegal
"1. 7 Carlinn's Cove, Rostrevor, Co. Down",700799, Co. Down
"1. De Vesci Court, Monkstown, Co. Dublin",2600, Co. Dublin
"2. The Grange, Brewery Road, Stillorgan, Co. Dublin",1950, Co. Dublin
"3. Northbank, Castleforbes Road, Dublin 1",1950, Dublin 1
"4. Sir John Rogerson's Quay, Grand Canal Dock, Dublin 2",3300, Dublin 2
"5. Vantage by Kennedy Wilson, Central Park, Leopardstown, Dublin 18",2939, Dublin 18
"6. Northbank Apartments, Castleforbes Road, Dublin 1",2350, Dublin 1
"7. Vantage by Kennedy Wilson, Central Park, Leopardst, Leopardstown, Dublin 18",2500, Dublin 18
"8. Northbank Apartment, Castleforbes Road, Dublin 1",2800, Dublin 1
"9. Sweepstakes, Ballsbridge, Dublin 4",3000, Dublin 4
"10. Adelaide Square, Dublin 2",3400, Dublin 2
"11. Number 1 Ballsbridge Shelbourne Road, Ballsbridge, Dublin 4",19000, Dublin 4
"12. Number 1 Ballsbridge Shelbourne Road, Ballsbridge, Dublin 4",6000, Dublin 4
"13. Number 1 Ballsbridge Shelbourne Road, Ballsbridge, Dublin 4",5000, Dublin 4
"14. Number 1 Ballsbridge Shelbourne Road, Ballsbridge, Dublin 4",3850, Dublin 4
"15. 83 St Mary's Lane, Ballsbridge, Dublin 4",2600, Dublin 4
"16. Adelaide Square, Dublin 2",3400, Dublin 2
"17. Smithfield Market - 16E, Smithfield, Dublin 7",2700, Dublin 7
"18. 145 147 Waterfall Court, Apt 15, Waterfall Avenue, Drumcondra, Dublin 3",1911, Dublin 3
"19. OCallaghan Court, Grand Canal Dock, Dublin 2",2250, Dublin 2
"20. Cathedral Court, Dublin 2",3750, Dublin 2
"21. Cathedral Court, Dublin 2",2800, Dublin 2
"22. Cathedral Court, Dublin 2",2250, Dublin 2
"23. Number 1 Ballsbridge Shelbourne Road, Ballsbridge, Dublin 4",5500, Dublin 4
"24. Merrion Street, Dublin 2",8850, Dublin 2
"25. 532 The Maple,Beacon South Quarter, Sandyford, Dublin 18",2300, Dublin 18
"26. Longford House Spencer Dock, Dublin 1",2700, Dublin 1
"27. 13 Adelaide Road, Dublin 2",3200, Dublin 2
"28. Shelbourne Road Apartments, Ballsbridge, Dublin 4",3600, Dublin 4
"29. 24-25 Pearse Square, Grand Canal Dock, Dublin 2",2600, Dublin 2
"30. Templeogue rd, Dublin 4",2200, Dublin 4
"31. Burgh House, Patrick Street, Dublin 8, Christchurch, Dublin 8",1800, Dublin 8
"32. The Weir, 59 Orwell Park, Rathgar, Dublin 6",2950, Dublin 6
"33. 63 Eaglewood, Rochestown Avenue, Dun Laoghaire, Co. Dublin",1850, Co. Dublin
"34. 28 Leinster Square, Rathmines, Dublin 6",1800, Dublin 6
"35. 53 Millrace Road, Castleknock, Dublin 15",3000, Dublin 15
"36. 23 Bellevue, Block B, Islandbridge, Dublin 8",1950, Dublin 8
"37. Millrace Court, Vergemount Road, Clonskeagh, Ranelagh, Dublin 6",3600, Dublin 6
"38. Ailesbury Road, Merrion, Dublin 4",10000, Dublin 4
"39. 124 Capel st, Dublin 1",2500, Dublin 1
"40. Windmilll Lane, Dublin 2",2400, Dublin 2
"41. Kinsella Hall, Collegewood, Castleknock, Dublin 15",1800, Dublin 15
"42. Greenlea Place, Terenure, Dublin 6w",1900, Dublin 6w
"43. Hollybrook, Foxrock, Dublin 18",3500, Dublin 18
"44. 149 Rathgar road, Rathmines Dublin 6, Rathmines, Dublin 6",1585, Dublin 6
"45. Herbert Park Lane, Ballsbridge, Dublin 4",2500, Dublin 4
"46. Adelaide Square, Dublin 2",2820, Dublin 2
"47. Apt. 2, 191 Clonliffe Road, Drumcondra, Dublin 3",1500, Dublin 3
"48. The Meadow, Robswall, Malahide, Co. Dublin",2750, Co. Dublin
"49. Alexandra Walk, Dublin 2",2920, Dublin 2
"50. Warrington Place, Dublin 2",3950, Dublin 2
"51. Quartiere Bloom, Lower Ormond Quay, Dublin 1",2400, Dublin 1
"52. Apt 22 Belarmine Square, Stepaside, Dublin 18",1800, Dublin 18
"53. 9 Brennanstown Ave, Cabinteely, Dublin 18",1950, Dublin 18
"54. The Cubes 3, Beacon South Quarter, Sandyford, Dublin 18",2300, Dublin 18
"55. West Court Yard, Cabinteely, Dublin 18",2500, Dublin 18
"56. dorset street, Dublin 1",2400, Dublin 1
"57. gardiner place, Dublin 1",1600, Dublin 1
"58. Inglenook Wood, Carrickmines, Dublin 18",2350, Dublin 18
"59. Baggoth Rath, Newbridge Avenue, Ballsbridge, Dublin 4",4200, Dublin 4
"60. Alexandra Walk, Dublin 2",3600, Dublin 2
"61. Greeg Court Parnell Street, Dublin 1",3000, Dublin 1
"62. Acorn House, Seven Oaks, Rathmines, Dublin 6",1400, Dublin 6
"63. Apartment 13 ,Pavilion II, Marine Road, Dun Laoghaire, Co. Dublin",2695, Co. Dublin
"64. Apartment 134 Seamount, Blackrock, Co. Dublin",1950, Co. Dublin
"65. Westfield, Sion Hill, Blackrock, Co. Dublin",1895, Co. Dublin
"66. Thomastown House, Spencer Dock, Dublin 1",2200, Dublin 1
"67. Newtownsmith, Sandycove, Co. Dublin",2600, Co. Dublin
"68. 82 Trimbleston, Goatstown Rd, Dublin 14, Goatstown, Dublin 14",2200, Dublin 14
"69. Booterstown Wood, Booterstown Avenue, Booterstown, Co. Dublin",2541, Co. Dublin
"70. The Newman, The Court, Killiney, Killiney, Co. Dublin",3000, Co. Dublin
"71. Roebuck Hill, Clonskeagh, Dublin 14",2000, Dublin 14
"72. Grosvenor Square, Rathmines, Dublin 6",1900, Dublin 6
"73. Richmond Hall, Mount St Annes, Milltown, Dublin 6",2500, Dublin 6
"74. Millrace Court, Phoenix Park Racecourse, Castleknock, Dublin 15",1768, Dublin 15
"75. Saint Augustine Court, Christchurch, Dublin 8",1900, Dublin 8
"76. Baggot Court Apartments, Baggot Court, Dublin 2",3200, Dublin 2
"77. East Courtyard, Tullyvale, Cabinteely, Dublin 18",3000, Dublin 18
"78. Shrewsbury Park, Ballsbridge, Dublin 4",2600, Dublin 4
"79. 1 The Friary Cecilia's Street, Temple Bar, Dublin 2",4000, Dublin 2
"80. Aungier St, Dublin 2",1920, Dublin 2
"81. 218 south circular road, South Circular Road, Dublin 8",1500, Dublin 8
"82. 37 St Anns, Ailesbury Road, Donnybrook, Dublin 4",4500, Dublin 4
"83. 211 The Gates, Beacon South Quarter, Sandyford, Dublin 18",1978, Dublin 18
"84. 24 Milltown Hall, Mt St Annes, Milltown, Dublin 6",2500, Dublin 6
"85. Bowbridge Place, Kilmainham, Dublin 8",2600, Dublin 8
"86. Patrick Street Street, Christchurch, Dublin 8",2600, Dublin 8
"87. Castlepark Road Dalkey, Co. Dublin, Dalkey, Co. Dublin",5250, Co. Dublin
"88. 170 Beechwood Court, Stillorgan, Co. Dublin",3500, Co. Dublin
"89. 82 Lower Beechwood Avenue, Ranelagh, Dublin 6",2000, Dublin 6
"90. Beechwood Avenue Lower, Ranelagh, Dublin 6",2500, Dublin 6
"91. St James Court, Mount Brown, St James Street, Kilmainham, Dublin 8",1400, Dublin 8
"92. Jervis Place Apartments, Dublin 1",2400, Dublin 1
"93. Effra Road, Ranelagh, Dublin 6",3000, Dublin 6
"94. Howth Road, Killester, Dublin 3",1500, Dublin 3
"95. Charlotte Apartments, Dun Laoghaire, Co. Dublin",2700, Co. Dublin
"96. 15 Tandy Court Spittenfield Francis Street, Dublin 8",2300, Dublin 8
"97. Coolamber Park, Knocklyon, Dublin 16",1080, Dublin 16
"98. Apartment, Donnybrook Castle, Donnybrook, Dublin 4",3000, Dublin 4
"99. Ivy Exchange, Parnell Sq, Dublin 1",2500, Dublin 1
"100. 45 Parnell Sq West Dublin, Dublin 1",2760, Dublin 1
"101. Killiney Hill Park Apartments, Killiney, Co. Dublin",1500, Co. Dublin
"102. 48 The waxworks, Ashtown, Dublin 15",1400, Dublin 15
"103. Alexandra Walk, Dublin 2",3200, Dublin 2
"104. Barrow Street, Ballsbridge, Dublin 4",2200, Dublin 4
"105. Mobhi Court, Corporate Letting, Short term, Drumcondra, Dublin 9",2200, Dublin 9
"106. Apartment 1, 1 Smithfield Terrace, Smithfield Squa, Smithfield, Dublin 7",2500, Dublin 7
"107. Parkview, Stepaside, Dublin 18",1700, Dublin 18
"108. 27 Bushy Park House Templeogue, Templeogue, Dublin 6w",2200, Dublin 6w
"109. Alexandra College, Milltown, Dublin 6",750, Dublin 6
"110. St Raphaela's Road, Off Upper Kilmacud Road, Stillorgan, Co. Dublin",2100, Co. Dublin
"111. Olcovar, Shankill, Dublin 18",1500, Dublin 18
"112. Waterville Terrace, Blanchardstown, Dublin 15",1650, Dublin 15
"113. Ballsbridge Gardens, Ballsbridge, Dublin 4",2295, Dublin 4
"114. 27 Cedarhurst Road, Phoenix Park Racecourse, Castleknock, Dublin 15",1800, Dublin 15
"115. Silverbanks, Baldoyle, Dublin 13",1400, Dublin 13
"116. Clontarf Road, Clontarf, Dublin 3",4600, Dublin 3
"117. Hanover Quarter, Hanover Quay, off Asgard Road, Grand Canal Dock, Dublin 2",3500, Dublin 2
"118. 109 Townsend Street, Dublin 2",2000, Dublin 2
"119. Apartment 3, 540 North Circular Road, North Circular Road, Dublin 1",1850, Dublin 1
"120. Galtrim Grange, Malahide, Malahide, Co. Dublin",1900, Co. Dublin
"121. Proby Square, Blackrock, Co. Dublin",2000, Co. Dublin
"122. Mount Saint Annes, Milltown, Dublin 6",2600, Dublin 6
"123. Milltown Hall, Milltown, Dublin 6",2392, Dublin 6
"124. Joyce Hall, Carrickmines Wood, Foxrock, Dublin 18",2800, Dublin 18
"125. Mount Saint Annes, Milltown, Dublin 6",2600, Dublin 6
"126. Milltown Hall, Milltown, Dublin 6",2600, Dublin 6
"127. Joyce Hall, Foxrock, Dublin 18",2800, Dublin 18
"128. Richmond Hall, Mount Saint Anne\'s, Milltown, Milltown, Dublin 6",1872, Dublin 6
"129. Convent Hall, Milltown, Dublin 6",1975, Dublin 6
"130. Temple Hall, Mount Saint Anne\'s, Milltown, Dublin 6",2600, Dublin 6
"131. Dargle Wood, Knocklyon, Dublin 16",1350, Dublin 16
"132. Saddlers Place, Ardee Road, Rathmines, Dublin 6",1700, Dublin 6
"133. Rathmines Road Upper, Rathmines, Dublin 6",1900, Dublin 6
"134. The Amber The Grange Brewery Road, Blackrock, Co. Dublin",3780, Co. Dublin
"135. Grande Central, Sandyford, Dublin 18",3220, Dublin 18
"136. Baggot Rath Penthouse Apartment, Newbridge Avenue, Ballsbridge, Dublin 4",4508, Dublin 4
"137. Baggot Rath 2BS4, Newbridge Avenue, Dublin 4",4200, Dublin 4
"138. The Forum, Sandyford, Dublin 18",3220, Dublin 18
"139. Baggot Rath 3BS5, Newbridge Avenue, Ballsbridge, Dublin 4",4620, Dublin 4
"140. Greenacre, Westmanstown, Lucan, Co. Dublin",1800, Co. Dublin
"141. Adelphi House, Dun Laoghaire, Co. Dublin",3600, Co. Dublin
"142. The Cubes 3 Floor 4 Beacon South Quarter, Sandyford, Dublin 18",3920, Dublin 18
"143. Greenacre, Westmanstown, Lucan, Co. Dublin",1800, Co. Dublin
"144. The Amber The Grange Brewery Road, Blackrock, Co. Dublin",3780, Co. Dublin
"145. Ridge Hall Ballybrack, Glenageary, Co. Dublin",5600, Co. Dublin
"146. Aikens Village, Sandyford, Dublin 18",2800, Dublin 18
"147. Meath St, Dublin 8",1500, Dublin 8
"148. Merrion court ,Ailesbury Road Ballsbridge, Ballsbridge, Dublin 4",2350, Dublin 4
"149. Rathmines Road Upper, Rathmines, Dublin 6",1700, Dublin 6
"150. Shrewsbury Wood, Cabinteely, Dublin 18",1166, Dublin 18
"151. Belfield Court, Donnybrook, Dublin 4",1975, Dublin 4
"152. kenilworth road, Rathmines, Dublin 6",1900, Dublin 6
"153. Apt 3 Bellsfield Court, Balbriggan, Co. Dublin K32, Balbriggan, Co. Dublin",1000, Co. Dublin
"154. Pavillion, Dun Laoghaire, Co. Dublin",4200, Co. Dublin
"155. Clancy Quay Phase Two by Kennedy Wilson, Dublin 8",2200, Dublin 8
"156. The Grange, Brewery Road, Stillorgan, Co. Dublin",2400, Co. Dublin
"157. Clancy Quay, Phase Two by Kennedy Wilson, Islandbridge, Dublin 8",2650, Dublin 8
"158. Clancy Quay Phase Two by Kennedy Wilson, Dublin 8",2000, Dublin 8
"159. Clancy Quay by Kennedy Wilson, Dublin 8",1900, Dublin 8
"160. Clancy Quay by Kennedy Wilson, Dublin 8",1700, Dublin 8
"161. Clancy Quay, Phase Two by Kennedy WIlson, Islandbridge, Dublin 8",2200, Dublin 8
"162. The Grange, Brewery Road, Stillorgan, Co. Dublin",2100, Co. Dublin
"163. Clancy Quay by Kennedy Wilson, Islandbridge, Dublin 8",2800, Dublin 8
"164. Sandford Lodge by Kennedy Wilson, Ranelagh, Dublin 6",2650, Dublin 6
"165. 24 Gleann Ribh, Lusk, Co. Dublin",2000, Co. Dublin
"166. Elm Court Merrion Road Ballsbridge, Dublin 4",1950, Dublin 4
"167. The Northumberlands, Love Lane, Lower Mount Street, Dublin 2",2200, Dublin 2
"168. Merrion Court, Sydney Parade Avenue, Ballsbridge, Sandymount, Dublin 4",2288, Dublin 4
"169. Sorrento Road Dalkey, Dalkey, Co. Dublin",1595, Co. Dublin
"170. The Sweepstakes, Ballsbridge Park, Merrion Road, Ballsbridge, Dublin 4",1985, Dublin 4
"171. Emmet Road, Kilmainham, Dublin 8",1800, Dublin 8
"172. Malahide Marina Village, Malahide, Co. Dublin",1800, Co. Dublin
"173. Brewers Gate, Newport Street, Dublin 8",1900, Dublin 8
"174. The Penthouses at Custom House Square, Dublin 1",3950, Dublin 1
"175. Rathdown road, Phibsborough, Dublin 7",1300, Dublin 7
"176. Stewart Hall,Ryders Row, Parnell Street, Dublin 1",1800, Dublin 1
"177. The Edges 1, Beacon South Quater, Sandyford, Dublin 18",2200, Dublin 18
"178. Cremorne, Greenmount Road Terenure, Terenure, Dublin 6",1365, Dublin 6
"179. martins row chapelizod, Chapelizod, Dublin 20",1450, Dublin 20
"180. Charles Street Great, North Circular Road, Dublin 1",1500, Dublin 1
"181. 32 Charles Street Great, North Circular Road, Dublin 1",1550, Dublin 1
"182. Gardiner Street Upper, North Circular Road, Dublin 1",1500, Dublin 1
"183. Gardiner Street Upper, North Circular Road, Dublin 1",1550, Dublin 1
"184. cork street, spences terrace, The Coombe, Dublin 8",1590, Dublin 8
"185. Orwell Hall, Marianella, Rathgar, Dublin 6",2350, Dublin 6
"186. Stanford, Harlech Grove, Clonskeagh, Dublin 14",2700, Dublin 14
"187. Rathgar, Rathgar, Dublin 6",1650, Dublin 6
"188. Greenfield Manor, beside RTE & UCD, Donnybrook, Dublin 4",2995, Dublin 4
"189. Riverbank, Churchtown, Dublin 14",2000, Dublin 14
"190. Braemor Road, Churchtown, Dublin 14",2000, Dublin 14
"191. Sandyford view - beside parade of local shops, Sandyford, Dublin 18",2000, Dublin 18
"192. Eastmoreland Court, Ballsbridge, Dublin 4",2500, Dublin 4
"193. The Pines, Herbert Park Lane, Ballsbridge, Dublin 4",2700, Dublin 4
"194. The Pines, Herbert Park Lane, Ballsbridge, Dublin 4",3500, Dublin 4
"195. The Pines, Herbert Park Lane, Ballsbridge, Dublin 4",4000, Dublin 4
"196. 1 Rockview, Sandyford, Dublin 18",1700, Dublin 18
"197. Mayor Street, Dublin 1",960, Dublin 1
"198. Mayor Street, Dublin 1",1080, Dublin 1
"199. Richmond Avenue, Fairview, Dublin 3",1600, Dublin 3
"200. Blackhall Square, Smithfield, Dublin 7",2000, Dublin 7
"201. Prussia Street, Stoneybatter, Dublin 7",1500, Dublin 7
"202. Drummartin Road, Goatstown, Dublin 14",1750, Dublin 14
"203. New Priory. Hole In The Wall rd, Donaghmede, Dublin 13",1664, Dublin 13
"204. No.20 Bremore Pastures Way, Balbriggan, Co. Dublin, Balbriggan, Co. Dublin",1400, Co. Dublin
"205. Ely Woods,Ballyboden Road, Rathfarnham, Dublin 16, Rathfarnham, Dublin 16",2100, Dublin 16
"206. Irwin Street, Kilmainham, Dublin 8",1580, Dublin 8
"207. Neptune House, Bellevue, Islandbridge, Dublin 8",1508, Dublin 8
"208. Bellevue, Islandbridge, Dublin 8",1400, Dublin 8
"209. The View, Carrickmines Manor, Carrickmines, Dublin 18",2000, Dublin 18
"210. IFSC, The Steelworks, Foley Street, Dublin 1",2500, Dublin 1
"211. Liffey View, Dublin 2",3000, Dublin 2
"212. The Holly Rockfield Apartments, Dundrum, Dublin 14",3000, Dublin 14
"213. The Oaks Rockfield Apartments, Dundrum, Dublin 14",3500, Dublin 14
"214. The Rectory, Stepaside, Dublin 18",1800, Dublin 18
"215. Hendrick Street, Smithfield, Dublin 1",1400, Dublin 1
"216. Olivemount house, Olivemount road, Dundrum, Dublin 14",1200, Dublin 14
"217. Bedford Court Lwr Kimmagh road, Kimmage, Dublin 6w",1500, Dublin 6w
"218. Cherrywood road, Cherrywood, Co. Dublin",1500, Co. Dublin
"219. Cherrywood road, Loughlinstown, Co. Dublin",1500, Co. Dublin
"220. Malahide Marina Village, Malahide, Co. Dublin",1500, Co. Dublin
"221. Christchurch View, Christchurch, Dublin 8",2200, Dublin 8
"222. 15 Upper Mount Pleasant Avenue, Rathmines, Dublin 6",1600, Dublin 6
"223. Bracken Hill, Blackglen Road, Simon's Ridge, Sandyford, Dublin 18",1595, Dublin 18
"224. The Innings, Observatory Lane, Rathmines, Dublin 6",1950, Dublin 6
"225. Meadow Grove, Churchtown, Dublin 14",1400, Dublin 14
"226. Orwell Place, Marianella, Rathgar, Dublin 6",2200, Dublin 6
"227. Marlborough Court, Marlborough Street, Dublin 1",1600, Dublin 1
"228. Malin Hall, Waterville, Blanchardstown, Dublin 15",1352, Dublin 15
"229. Wyckham Place, Dundrum Dublin 14, Dundrum, Dublin 14",2400, Dublin 14
"230. Clanwilliam court, Grand Canal Dock, Dublin 2",2400, Dublin 2
"231. Sorrento Court, Dalkey, Co. Dublin",1935, Co. Dublin
"232. Gracepark Manor, Drumcondra, Dublin 9",1800, Dublin 9
"233. Seabury, Sandymount, Dublin 4",2400, Dublin 4
"234. The Lansdowne Block, Pembroke Square, Grand Canal Dock, Dublin 4",2000, Dublin 4
"235. Courtney House Appian Way, Dublin 4",1700, Dublin 4
"236. Frederick Street North, Dublin 1",1400, Dublin 1
"237. Frederick Street North, Dublin 1",2400, Dublin 1
"238. Brackenwood, Balbriggan, Co. Dublin",1500, Co. Dublin
"239. Apartment 6 26 st james walk Herberton Rialto dubl, Rialto, Dublin 8",1700, Dublin 8
"240. Gandon Close, Harold's Cross, Dublin 6",1385, Dublin 6
"241. Smithfield market, Smithfield, Dublin 7",2600, Dublin 7
"242. Smithfield Market, Smithfield, Dublin 7",2400, Dublin 7
"243. Pembroke Square, Grand Canal Street Upper, Grand C, Ballsbridge, Dublin 4",3300, Dublin 4
"244. Sallymount Avenue, Ranelagh, Dublin 6",1800, Dublin 6
"245. Chelmsford Lane, Ranelagh, Dublin 6",2200, Dublin 6
"246. Adj Terenure, Kimmage, Dublin 6w",2600, Dublin 6w
"247. Carrickmines, Carrickmines, Dublin 18",1850, Dublin 18
"248. 25 Saddlers Court, Rathmines, Dublin 6",1400, Dublin 6
"249. Pearse Street 107, Hanover Quay, Dublin 2",2200, Dublin 2
"250. Adelaide Square, Dublin 2",2760, Dublin 2
"251. Adelaide Square Penthouse, Dublin 2",4100, Dublin 2
"252. Alexandra Walk, Dublin 2",3740, Dublin 2
"253. Alexandra Walk, Dublin 2",3740, Dublin 2
"254. Adelaide Square, Dublin 2",3080, Dublin 2
"255. Alexandra Walk, Dublin 2",3600, Dublin 2
"256. Adelaide Square, Dublin 2",3380, Dublin 2
"257. Grand Central, Rockbrook, Sandyford, Dublin 18",1455, Dublin 18
"258. The Oval, Tullyvale, Cabinteely, Dublin 18",1400, Dublin 18
"259. Greenville Court, Stradbrook Road, Blackrock, Co. Dublin",1850, Co. Dublin
"260. The Edges 1, Beacon South Quarter, Sandyford, Dublin 18",2200, Dublin 18
"261. Rathborne Court, Ashtown, Dublin 15",2950, Dublin 15
"262. Stationcourt View, Coolmine, Coolmine, Dublin 15",1800, Dublin 15
"263. The Crescent Building, Park West, Dublin 12",1437, Dublin 12
"264. Aras Na Cluaine, Clondalkin, Dublin 22",1800, Dublin 22
"265. Dunstaffnage, Stillorgan, Co. Dublin",1664, Co. Dublin
"266. 89 Milltown Hall, Mount Saint Annes, Milltown, Dublin 6",1875, Dublin 6
"267. 29 howth rd, Clontarf, Dublin 3",2800, Dublin 3
"268. St Andrews Court, Lucan, Co. Dublin",1300, Co. Dublin
"269. Cedarbrook Walk, Cherry Orchard, Dublin 10",1400, Dublin 10
"270. 2 Carnegie Court, Swords, Co. Dublin",1081, Co. Dublin
"271. Old Quay Terrace, Strand Road, Sutton, Dublin 13",1853, Dublin 13
"272. 18 Old Connaught House, Rathmichael, Co. Dublin",1600, Co. Dublin
"273. 25 Upper Pembroke Street, Dublin 2",3500, Dublin 2
"274. 25 Upper Pembroke Street, Dublin 2",3400, Dublin 2
"275. Robin Hill Sandyford Road, Sandyford, Dublin 18",2200, Dublin 18
"276. Bushy Park House, Terenure, Dublin 6w",1995, Dublin 6w
"277. Herbert Park Lane, Ballsbridge, Dublin 4",2700, Dublin 4
"278. Farmhill Road, Clonskeagh, Dublin 14",1800, Dublin 14
"279. Brighton Rd, Rathgar, Dublin 6",1510, Dublin 6
"280. Windmill Lane Apartments, Dublin 2",2200, Dublin 2
"281. Robin Hill Sandyford Road, Dundrum, Dublin 16",2200, Dublin 16
"282. 208 The links, Elm Park, Merrion, Dublin 4",2300, Dublin 4
"283. Esker Manor, Lucan, Co. Dublin",1460, Co. Dublin
"284. The Northumberlands, Love Lane, Mount Street Lower, Dublin 2",1565, Dublin 2
"285. Rockview, Simonsridge, Sandyford, Dublin 18",1800, Dublin 18
"286. Iveagh Court, Dublin 2",4200, Dublin 2
"287. Leeson Street, Dublin 2",4250, Dublin 2
"288. Grand Canal Square, Grand Canal Dock, Dublin 2",4250, Dublin 2
"289. Grand Canal Square, Dublin 2",3450, Dublin 2
"290. Grand Canal Quay, Grand Canal Dock, Dublin 2",4200, Dublin 2
"291. Grand Canal Dock, Dublin 2",4250, Dublin 2
"292. Iveagh Court, Dublin 2",4050, Dublin 2
"293. Grand Canal Square, Grand Canal Dock, Dublin 2",3400, Dublin 2
"294. Millennium Tower, Grand Canal Dock, Dublin 2",4000, Dublin 2
"295. Leeson Street, Dublin 2",3450, Dublin 2
"296. Grand Canal Square, Dublin 2",4250, Dublin 2
"297. Leeson Street, Dublin 2",3900, Dublin 2
"298. Leeson Street, Dublin 2",3450, Dublin 2
"299. Bridge Street, Grand Canal Dock, Dublin 4",3900, Dublin 4
"300. The Gasworks, Dublin 4",4250, Dublin 4
"301. Grand Canal Quay, Grand Canal Dock, Dublin 2",4200, Dublin 2
"302. Leeson Street, Dublin 4",3450, Dublin 4
"303. Gasworks, Grand Canal Dock, Dublin 2",3900, Dublin 2
"304. Grand Canal Square, Dublin 2",4200, Dublin 2
"305. Grand Canal Square, Grand Canal Dock, Dublin 2",4000, Dublin 2
"306. Grand Canal Dock, Dublin 2",4250, Dublin 2
"307. Bridge Street, Grand Canal Dock, Dublin 4",4350, Dublin 4
"308. Grand Canal Square, Grand Canal Dock, Dublin 2",4250, Dublin 2
"309. Iveagh Court, Dublin 2",4050, Dublin 2
"310. Grand Canal Square, Grand Canal Dock, Dublin 2",3450, Dublin 2
"311. Grand Canal Square, Dublin 2",4350, Dublin 2
"312. Grand Canal Square, Dublin 2",4250, Dublin 2
"313. Grand Canal Square, Dublin 2",3450, Dublin 2
"314. Leeson Street, Dublin 2",3450, Dublin 2
"315. Grand Canal Square, Dublin 2",4000, Dublin 2
"316. Hanover Quay, Grand Canal Dock, Dublin 2",4250, Dublin 2
"317. Leeson Street, Dublin 2",3750, Dublin 2
"318. Bridge Street, Grand Canal Dock, Dublin 4",3900, Dublin 4
"319. Grand Canal Square, Grand Canal Dock, Dublin 2",3400, Dublin 2
"320. Leeson Street, Dublin 2",4250, Dublin 2
"321. Lower Baggot Street, Dublin 2",4200, Dublin 2
"322. Lad Lane, Baggot Street, Dublin 2",4200, Dublin 2
"323. Grand Canal Square, Grand Canal Dock, Dublin 2",3450, Dublin 2
"324. Grand Canal Square, Grand Canal Dock, Dublin 2",4250, Dublin 2
"325. Leeson Street, Dublin 2",3450, Dublin 2
"326. Burton House, Custom House Square, Mayor St. Lower, IFSC, Dublin 1",3150, Dublin 1
"327. Grand Canal Square, Grand Canal Dock, Dublin 2",4200, Dublin 2
"328. Leeson Street, Dublin 2",3450, Dublin 2
"329. Leeson Street, Dublin 2",4500, Dublin 2
"330. Leeson Street, Dublin 2",4250, Dublin 2
"331. Hanover Quay, Grand Canal Dock, Dublin 2",4350, Dublin 2
"332. Grand Canal Square, Dublin 2",4350, Dublin 2
"333. Iveagh Court, Dublin 2",4050, Dublin 2
"334. Bridge Street, Grand Canal Dock, Dublin 4",4350, Dublin 4
"335. Leeson Street, Dublin 2",4250, Dublin 2
"336. Grand Canal Square, Dublin 2",4250, Dublin 2
"337. Grand Canal Square, Grand Canal Dock, Dublin 2",4000, Dublin 2
"338. Grand Canal Square, Dublin 2",4000, Dublin 2
"339. Grand Canal Square, Grand Canal Dock, Dublin 2",4250, Dublin 2
"340. Leeson Street, Dublin 2",3900, Dublin 2
"341. Leeson Court, Dublin 4",3600, Dublin 4
"342. Grand Canal Square, Grand Canal Dock, Dublin 2",4250, Dublin 2
"343. Leeson Street, Dublin 2",3450, Dublin 2
"344. Lad Lane, Dublin 2",4200, Dublin 2
"345. Gasworks, Grand Canal Dock, Dublin 2",3900, Dublin 2
"346. Ballsbridge Woods, Shelbourne Road, Ballsbridge, Dublin 4",3900, Dublin 4
"347. Belgrove Park, Clontarf, Dublin 3",1800, Dublin 3
"348. The Chandler, Rathborne Village, Ashtown, Dublin 15",1400, Dublin 15
"349. 136 Temple Gardens, Santry, Dublin 9",3000, Dublin 9
"350. Santry Cross, Ballymun, Ballymun, Dublin 11",2250, Dublin 11
"351. 30 Dorset Street, Dublin 1",2400, Dublin 1
"352. 176 South Circular Road, Dublin 8",1600, Dublin 8
"353. Shelbourne Plaza, Ringsend Road, Dublin 4",2280, Dublin 4
"354. Apt 27 The Ramparts, Cabinteely, Dublin 18",1900, Dublin 18
"355. Adelaide Square, Dublin 2",2600, Dublin 2
"356. Highfield Road, Rathgar, Dublin 6",1425, Dublin 6
"357. Bushy Park House, Terenure, Dublin 6w",2050, Dublin 6w
"358. Bushy Park House, Templeogue Road, Terenure, Dublin 6w",2600, Dublin 6w
"359. Pembroke Row, Dublin 2",3080, Dublin 2
"360. Bloomfield Avenue (Ref:1003), Portobello, Dublin 8",1400, Dublin 8
"361. Hawthorn, Bird Avenue, Clonskeagh, Dublin 14",2750, Dublin 14
"362. Pembroke Row, Dublin 2",3600, Dublin 2
"363. Pembroke Row, Dublin 2",3600, Dublin 2
"364. Crannagh Hall, Landscape Road, Churchtown, Dublin 14",1750, Dublin 14
"365. The Wood, Clon Brugh, Aiken\'s Village, Sandyford, Dublin 18",1600, Dublin 18
"366. 29 St Laurences Glen, St Laurences Road, Chapelizo, Chapelizod, Dublin 20",1768, Dublin 20
"367. Beacon South Quarter, Sandyford, Dublin 18",2500, Dublin 18
"368. Gratton Wood, Clongriffin, Dublin 13",1200, Dublin 13
"369. Greenlea Place, Terenure Road West, Terenure, Dublin 6w",1450, Dublin 6w
"370. South Circular Road, Dublin 8",1900, Dublin 8
"371. Stocking Wood Hall, Rathfarnham, Dublin 16",1716, Dublin 16
"372. Mountbrook, Booterstown, Co. Dublin",2300, Co. Dublin
"373. Belgrove Park, Clontarf, Dublin 3",1750, Dublin 3
"374. Esker manor, Lucan, Co. Dublin",1800, Co. Dublin
"375. Castleland Court, Balbriggan, Balbriggan, Co. Dublin",1200, Co. Dublin
"376. Phoenix Apartments, Riverpark, Islandbridge, Dublin 8",1710, Dublin 8
"377. Ardoyne House, Pembroke Park, Ballsbridge, Dublin 4",3100, Dublin 4
"378. The Hibernian,The Gasworks, Barrow Street, Grand Canal Dock, Dublin 4",3810, Dublin 4
"379. Longboat Quay, Sir Rogeron\'s Quay, Grand Canal Dock, Dublin 2",4200, Dublin 2
"380. The Cedars, Herbert Park Lane, Ballsbridge, Dublin 4",3600, Dublin 4
"381. The Cedars, Herbert Park Lane, Ballsbridge, Dublin 4",3600, Dublin 4
"382. Warrington Place, Dublin 2, Ballsbridge, Dublin 4",3600, Dublin 4
"383. The Argyle, Custom House Quay, IFSC, Dublin 1",3600, Dublin 1
"384. William Bligh, The Gasworks, Barrow Street, Grand Canal Dock, Dublin 4",3400, Dublin 4
"385. The Sweepstakes, Ballsbridge, Ballsbridge, Dublin 4",3640, Dublin 4
"386. William Bligh, The Gasworks, Barrow Street, Grand Canal Dock, Dublin 4",3600, Dublin 4
"387. The Hibernian,The Gasworks, Barrow Street, Ringsend, Dublin 4",3390, Dublin 4
"388. The Pines, Herbert Park Lane, Ballsbridge, Dublin 4",2700, Dublin 4
"389. Hanover Riverside, Sir Rogerson's Quay, Dublin 2, Grand Canal Dock, Dublin 2",3810, Dublin 2
"390. Longboat Quay, Sir Rogeron\'s Quay, Grand Canal Dock, Dublin 2",4200, Dublin 2
"391. The Hibernian,The Gasworks, Barrow Street, Grand Canal Dock, Dublin 4",3600, Dublin 4
"392. The Hibernian,The Gasworks, Barrow Street, Grand Canal Dock, Dublin 4",3810, Dublin 4
"393. Upper Leeson Street, Dublin 4",3800, Dublin 4
"394. Gallery Quay, Grand Canal Quay, Grand Canal Dock, Dublin 2",4500, Dublin 2
"395. The Cedars, Herbert Park Lane, Ballsbridge, Dublin 4",3600, Dublin 4
"396. William Bligh, The Gasworks, Barrow Street, Grand Canal Dock, Dublin 4",3400, Dublin 4
"397. The Hibernian,The Gasworks, Barrow Street, Grand Canal Dock, Dublin 4",3390, Dublin 4
"398. The Alliance, The Gasworks, South Lotts Road, Ballsbridge, Dublin 4",4500, Dublin 4
"399. The Poolbeg, The Gasworks, Barrow Street, Grand Canal Dock, Dublin 4",3810, Dublin 4
"400. The Clayton, The Gasworks, Barrow Street, Ballsbridge, Dublin 4",3390, Dublin 4
"401. The Hibernian,The Gasworks, Barrow Street, Grand Canal Dock, Dublin 4",3390, Dublin 4
"402. Osborne Court, Seapoint Avenue, Blackrock, Blackrock, Co. Dublin",2206, Co. Dublin
"403. The Cedars, Herbert Park Lane, Ballsbridge, Dublin 4",3600, Dublin 4
"404. The Cedars, Herbert Park Lane, Ballsbridge, Dublin 4",3600, Dublin 4
"405. Herbert Park Lane, The Pines, Ballsbridge, Dublin 4",3600, Dublin 4
"406. Apt. 28 Hanover Riverside, Sir John Rogerson\'s Qu, Dublin 2",3250, Dublin 2
"407. 340 Castleforbes Square, Dublin 1",2300, Dublin 1
"408. Goatstown Road, Clonskeagh, Dublin 14",1800, Dublin 14
"409. Fitzwilliam Place, Dublin 2",3000, Dublin 2
"410. Francis Street, Dublin 8",2500, Dublin 8
"411. Dunluce, Anglesea Road, Ballsbridge, Dublin 4",3500, Dublin 4
"412. Hazelwood Court, Artane, Dublin 5",2100, Dublin 5
"413. Robin Hill Sandyford Road Sandyford, Sandyford, Dublin 18",2800, Dublin 18
"414. Apt. 99 Hampton Square, Navan Road (D7), Dublin 7",1400, Dublin 7
"415. Cedar Hall Milltown Road, Milltown, Dublin 6",2250, Dublin 6
"416. Finglas Road, Finglas, Dublin 11",1304, Dublin 11
"417. The Willow, Rockfield, Dundrum, Dublin 14",1700, Dublin 14
"418. Palace Gardens, Exchange Court, Dame St, Dublin 2",2000, Dublin 2
"419. Rathmines Town Centre, Rathmines, Dublin 6",1520, Dublin 6
"420. Alen Hall, Belgard square west, tallaght, Tallaght, Dublin 24",1226, Dublin 24
"421. Cowper Downs, Rathmines, Dublin 6",1475, Dublin 6
"422. The Island, Chapelizod, Dublin 20",1768, Dublin 20
"423. Alexandra Walk, Off South Great George's Street, Dublin 2",2600, Dublin 2
"424. The Aston Building, Aston Quay, Dublin 2",3360, Dublin 2
"425. Alto Vetro, Grand Canal Square, Dublin 2",3560, Dublin 2
"426. Grand Canal Dock, Grand Canal Square, Dublin 2",3560, Dublin 2
"427. Beacon South Quarter, Sandyford, Dublin 18",3196, Dublin 18
"428. Beacon South Quarter, Sandyford, Dublin 18",2796, Dublin 18
"429. Grand Canal Dock, Grand Canal Square, Dublin 2",3560, Dublin 2
"430. Alexandra Walk, Off South Great Georges Street, Dublin 2",3360, Dublin 2
"431. The Aston Building, Aston Quay, Dublin 2",3600, Dublin 2
"432. Alto Vetro, Grand Canal Square, Dublin 2",3560, Dublin 2
"433. Hanover Dock, Grand Canal Square, Dublin 2",4400, Dublin 2
"434. Hanover Dock, Hanover Quay, Dublin 2",3800, Dublin 2
"435. Alexandra Walk, Whitefriar Street, Dublin 8",3360, Dublin 8
"436. Shelbourne Road, Ballsbridge, Dublin 4",3880, Dublin 4
"437. Hanover Dock, Hanover Quay, Dublin 2",4400, Dublin 2
"438. Hanover Dock, Grand Canal Square, Dublin 2",3800, Dublin 2
"439. Shelbourne Road, Ballsbridge, Dublin 4",4800, Dublin 4
"440. Castleway, Off South Great George's Street, Dublin 2",3680, Dublin 2
"441. Castleway, Golden Lane, Dublin 8",3680, Dublin 8
"442. The Aston Building, Aston Quay, Dublin 2",3360, Dublin 2
"443. The Aston Building, Aston Quay, Dublin 2",3600, Dublin 2
"444. Castleway, Off South Great George's Street, Dublin 2",3360, Dublin 2
"445. Castleway, Golden Lane, Dublin 8",3360, Dublin 8
"446. Alexandra Walk, Whitefriar Street, Dublin 8",2600, Dublin 8
"447. Baggotrath House, Newbridge Ave, Ballsbridge, Dublin 4",3360, Dublin 4
"448. Baggot Rath House, Newbridge Ave, Ballsbridge, Dublin 4",5460, Dublin 4
"449. Blackthorn Drive, Sandyford, Dublin 18",4760, Dublin 18
"450. Mayor Street Lower, IFSC, Dublin 1",3500, Dublin 1
"451. Clarion Quay, IFSC, Dublin 1",3360, Dublin 1
"452. Cabra Park, Dublin 7",2380, Dublin 7
"453. Benson Street, Grand Canal Dock, Dublin 2",3150, Dublin 2
"454. Parnell Street, Dublin 1",3900, Dublin 1
"455. Tara Street, Dublin 2",3080, Dublin 2
"456. Grand Canal Waterside Apartments, Grand Canal Dock, Dublin 2",5180, Dublin 2
"457. Charlotte Quay, Grand Canal Dock, Dublin 2",3100, Dublin 2
"458. Hanover Quay, Grand Canal Dock, Dublin 2",3560, Dublin 2
"459. Northumberland, Ballsbridge, Dublin 4",2940, Dublin 4
"460. Windmill Lane, Dublin 2",3150, Dublin 2
"461. Charlotte Quay, Grand Canal Dock, Dublin 2",3100, Dublin 2
"462. Grand Canal Waterside Apartments, Grand Canal Dock, Dublin 2",5180, Dublin 2
"463. Benson Street, Grand Canal Dock, Dublin 2",3150, Dublin 2
"464. Hanover Quay, Grand Canal Dock, Dublin 2",3560, Dublin 2
"465. Burlington Road, Ballsbridge, Dublin 4",3000, Dublin 4
"466. Tara Street, Dublin 2",3080, Dublin 2
"467. Northumberland, Ballsbridge, Dublin 4",2940, Dublin 4
"468. Adelaide Square, Dublin 2",2720, Dublin 2
"469. Highfield Court, Highfield Road, Rathgar, Dublin 6",2200, Dublin 6
"470. Spencer House, IFSC, Dublin 1",2200, Dublin 1
"471. 51 Leeson Street Upper - 1, Dublin 4",2700, Dublin 4
"472. 51 Leeson Street Upper - 1, Dublin 4",2000, Dublin 4
"473. Apt. 508 South Dock Quarter, Ringsend Road, Grand Canal Dock, Dublin 4",2635, Dublin 4
"474. Sorrento Heights, Sorrento Rd, Dalkey, Co. Dublin",3450, Co. Dublin
"475. Adelaide Square Penthouse, Dublin 2",4280, Dublin 2
"476. The Courtyard, Beechpark, Clonsilla, Dublin 15",1750, Dublin 15
"477. Hazelgrove Court, Tallaght, Dublin 24",1664, Dublin 24
"478. Belmayne Park North, Balgriffin, Dublin 13",1365, Dublin 13
"479. 249 Kilmainham Square, Kilmainham, Dublin 8",2200, Dublin 8
"480. 44 The Oaks, Rockfield, Dundrum, Dublin 14",1900, Dublin 14
"481. 44 The Oaks, Rockfield, Dundrum, Dublin 14",1900, Dublin 14
"482. Apartment 7 14-15 ranelagh road Ranelagh, Ranelagh, Dublin 6",1500, Dublin 6
"483. Charles Street Great, Dublin 1",1500, Dublin 1
"484. Adelaide Road, Dublin 2",2800, Dublin 2
"485. North Circular Road, Phibsborough, Dublin 7",1750, Dublin 7
"486. Adelaide Road, Dublin 2",2200, Dublin 2
"487. Annesley Bridge Road, North Strand, Fairview, Dublin 3",1400, Dublin 3
"488. Baltray House, Ridgewood Oaks, Swords, Co. Dublin",1850, Co. Dublin
"489. Smithfield Gate, Smithfield, Dublin 7",1500, Dublin 7
"490. Forest Lawn, Kingswood, Dublin 24",1300, Dublin 24
"491. (1) Tallaght Cross East, Tallaght, Dublin 24",1350, Dublin 24
"492. Brookville Park, Coolock, Dublin 5",1600, Dublin 5
"493. Brookville Park, Artane, Dublin 5",1600, Dublin 5
"494. The Ramparts, Victoria Road, Rathgar, Dublin 6",1800, Dublin 6
"495. Apt 19, Booterstown Hall, Booterstown Avenue, Booterstown, Co. Dublin",1900, Co. Dublin
"496. Wellington Court, Whitehall Road West, Perrystown, Dublin 12",1300, Dublin 12
"497. The Ash, Parkview, Stepaside, Dublin 18",1550, Dublin 18
"498. Holywell avenue, Swords, Co. Dublin",1250, Co. Dublin
"499. Kiltipper Gate, Tallaght, Dublin 24",1800, Dublin 24
"500. Melville Court, Finglas, Dublin 11",1800, Dublin 11
"501. Stocking Wood Copse, Stocking Wood, Rathfarnham, Dublin 16",1700, Dublin 16
"502. Stewart Hall, Parnell Street, Dublin 1",2000, Dublin 1
"503. Lanesborough Square, Finglas, Dublin 11",1550, Dublin 11
"504. Penthouse,Rivervale, Ashtown, Dublin 15",3100, Dublin 15
"505. Frascati Hall, Sweetmans Avenue, Blackrock, Co. Dublin",1950, Co. Dublin
"506. Jervis Street, Dublin 1",2300, Dublin 1
"507. Lansdowne Hall, Naas Road, Bluebell, Dublin 12",1850, Dublin 12
"508. College House, Taylors Hill, Rathfarnham, Dublin 16",1700, Dublin 16
"509. Lanesborough Mews, Finglas, Dublin 11",1300, Dublin 11
"510. Kilmainham Square, Kilmainham, Dublin 8",1950, Dublin 8
"511. Raleigh Square, Crumlin, Dublin 12",1400, Dublin 12
"512. Rivervale, Ashtown, Dublin 15",1700, Dublin 15
"513. Cedarbrook Avenue, Park West, Dublin 12",1875, Dublin 12
"514. Whatley Hall, Archers Wood, Clonee, Dublin 15",1600, Dublin 15
"515. Lanesborough Square, Finglas, Dublin 11",1800, Dublin 11
"516. Bantry Square, Waterville, Blanchardstown, Dublin 15",1700, Dublin 15
"517. Kilmore house, Spencer Dock, Dublin 1",2600, Dublin 1
"518. Kilmore house, Spencer Dock, Dublin 1",2500, Dublin 1
"519. Woodbrook, Castleknock, Dublin 15",1700, Dublin 15
"520. Hunters Run, Clonee, Dublin 15",1000, Dublin 15
"521. The Hardwicke, Smithfield, Dublin 7",1500, Dublin 7
"522. Hansted, Lucan, Co. Dublin",1850, Co. Dublin
"523. Townsend Street, Dublin 2",2100, Dublin 2
"524. Cedarbrook Avenue, Cherry Orchard, Dublin 10",1650, Dublin 10
"525. The Chandler, Arran Quay, Dublin 7",1500, Dublin 7
"526. Kings Court, Parnell Street, Dublin 1",1500, Dublin 1
"527. Crookshane, Rathcoole, Co. Dublin",950, Co. Dublin
"528. Greenbank House, Upper Glengeary Road, Dun Laoghaire, Co. Dublin",1800, Co. Dublin
"529. Gandon Hall, Gardiner Street, Dublin 1",1650, Dublin 1
"530. Saunders House, Spencer Dock, Dublin 1",3000, Dublin 1
"531. Custom Hall, Gardiner Street, Dublin 1",2000, Dublin 1
"532. Carmanhall Court, Burton Hall Road, Sandyford, Dublin 18",2100, Dublin 18
"533. Wyckham Point, Wyckham Point, Dundrum, Dublin 14",2150, Dublin 14
"534. Customs House Harbour, Dublin 1",2500, Dublin 1
"535. The Oaks, Rockfield, Dundrum, Dublin 16",1900, Dublin 16
"536. 59 Long Meadows, Conygham road, Islandbridge, Islandbridge, Dublin 8",2000, Dublin 8
"537. 214 The Distillery, Distillery Road, Fairview, Dublin 3",1950, Dublin 3
"538. 8 Lynton Court, Ballsbridge, Dublin 4",3640, Dublin 4
"539. 28 Crane Yard, Crane Lane, Temple Bar, Dublin 2",1850, Dublin 2
"540. The Richmond, North Richmond Street, Dublin 7",1716, Dublin 7
"541. Corn Exchange, Poolbeg Street, Dublin 2",2000, Dublin 2
"542. Smithfield Village, Smithfield, Dublin 7",1700, Dublin 7
"543. Fernleigh Grange, Castleknock, Dublin 15",1400, Dublin 15
"544. 235 Marina Village Malahide, Malahide, Co. Dublin",1450, Co. Dublin
"545. 8 Northcliffe, Chapelizod, Dublin 20",1550, Dublin 20
"546. Leinster Road, Rathmines, Dublin 6",1100, Dublin 6
"547. Sherrard Street Lower, Dublin 1",1500, Dublin 1
"548. Garville Avenue, Rathgar, Dublin 6",2000, Dublin 6
"549. The Cresent, Robswall, Malahide, Co. Dublin",1700, Co. Dublin
"550. Gleneagle House, Ridgewood, Swords, Co. Dublin",1600, Co. Dublin
"551. Brook House, Corrig Avenue, Dun Laoghaire, Co. Dublin",2700, Co. Dublin
"552. Frankfort Avenue, Rathgar, Dublin 6",1995, Dublin 6
"553. Cubes 6, Beacon South Quarter, Sandyford, Sandyford, Dublin 18",2000, Dublin 18
"554. Castlepark Residence, Dalkey, Co. Dublin",1700, Co. Dublin
"555. Cubes 2, Beacon South Quarter, Sandyford, Dublin 18",1650, Dublin 18
"556. Rowan Hall, Millbrook Court, Milltown, Dublin 6",2900, Dublin 6
"557. Skyview, Sorrento Road, Dalkey, Co. Dublin",3000, Co. Dublin
"558. The Elms, Abberley, Shanganagh Road, Killiney, Co. Dublin",2000, Co. Dublin
"559. The Rectory, Stepaside, Dublin 18",1850, Dublin 18
"560. Bushy Park House, Terenure, Dublin 6",1900, Dublin 6
"561. Raglan Hall, Clyde Road, Ballsbridge, Dublin 4",3600, Dublin 4
"562. 5 Dunville Court, Rathmines, Dublin 6",1600, Dublin 6
"563. Highfield Park, Dundrum, Dublin 14",4500, Dublin 14
"564. The Distillery, Distillery Road, Drumcondra, Dublin 3",1750, Dublin 3
"565. Achill House, Custom House Square, IFSC, Dublin 1",1850, Dublin 1
"566. Riverbank Hall, Addison Park, Glasnevin, Dublin 11",1700, Dublin 11
"567. Riverstown House, Spencer Dock, IFSC, Dublin 1",2200, Dublin 1
"568. Kings Court, Parnell Street, Dublin 1",1950, Dublin 1
"569. Shelbourne Road Apartments, Ballsbridge, Dublin 4",2500, Dublin 4
"570. Shelbourne Court, Ballsbridge, Dublin 4",3200, Dublin 4
"571. Shelbourne Road Apartments, Shelbourne Road, Ballsbridge, Dublin 4",4450, Dublin 4
"572. Shelbourne Hall, Ballsbridge, Dublin 4",2300, Dublin 4
"573. Shelbourne Hall, Shelbourne Road, Ballsbridge, Dublin 4",3450, Dublin 4
"574. 34 The Sycamores, Stradbrook Hill, Blackrock, Co. Dublin",1500, Co. Dublin
"575. Hamilton Court, (Rear of 77 Ailesbury Road), Nutle, Dublin 4",1650, Dublin 4
"576. 75 Duplex Shieling Square, Raheny, Dublin 5",3200, Dublin 5
"577. Laurel, Hazeldene, Ballsbridge, Dublin 4",2500, Dublin 4
"578. Shieling Square, Raheny, Dublin 5",2450, Dublin 5
"579. The Links, Elm Park, Merrion Road, Dublin 4",2250, Dublin 4
"580. Ros Mor View, Knocklyon, Dublin 16",1800, Dublin 16
"581. Apt 43 Manor Hall, Mount Brown, Kilmainham, Dublin 8",1750, Dublin 8
"582. Bachelors Walk, Dublin 2",1500, Dublin 2
"583. Adelaide Square, Dublin 8",2300, Dublin 8
"584. Chancery Lane, Dublin 8",2450, Dublin 8
"585. Landscape Court, Landscape Road, Churchtown, Dublin 14",1750, Dublin 14
"586. Castle Lawn, Kilgobbin Wood, Leopardstown, Dublin 18",2290, Dublin 18
"587. Corn Exchange, Burgh Quay, Dublin 2",3000, Dublin 2
"588. 2 Kilininny Court, Firhouse, Dublin 24",1650, Dublin 24
"589. Landscape Court, Landscape Road, Churchtown, Dublin 14",1750, Dublin 14
"590. 17 Castle Lawns Kilgobbin Wood, Sandyford, Dublin 18",2290, Dublin 18
"591. Elgin Road, Ballsbridge, Dublin 4",3200, Dublin 4
"592. The Watermill, Raheny, Dublin 5",2000, Dublin 5
"593. 41 Pembroke Road, Ballsbridge, Dublin 4",2100, Dublin 4
"594. 5 The Willows, Rock Road, Blackrock, Co. Dublin",2000, Co. Dublin
"595. 87 The Willow, Charleville Square, Rathfarnham, Dublin 14",2000, Dublin 14
"596. Baileys court, Baileys Row, Dublin 1",2000, Dublin 1
"597. Woodlawn Avenue, Santry, Santry, Dublin 9",1400, Dublin 9
"598. Granitfield Manor, Rochestown Avenue, Dun Laoghaire, Co. Dublin",1800, Co. Dublin
"599. Woodlawn, Santry, Dublin 9",1700, Dublin 9
"600. School House Court, Santry, Dublin 9",675, Dublin 9
"601. Northwood, Santry, Dublin 9",900, Dublin 9
"602. 30 boyd house myrtle avenue baldoyle, Baldoyle, Dublin 13",2250, Dublin 13
"603. Eustace Court, Cualanor, Dun Laoghaire, Co. Dublin",2050, Co. Dublin
"604. Jervis Park Apartments, Jervis Street, Dublin 1",2259, Dublin 1
"605. (1) Elmfield, Ballyogan Road, Leopardstown, Dublin 18",1742, Dublin 18
"606. River Gardens Glasnevin, Glasnevin, Dublin 9",1500, Dublin 9
"607. Ranelagh Village, Ranelagh, Dublin 6",3250, Dublin 6
"608. Cubes 6, Beacon South Quarter, Sandyford, Dublin 18",2400, Dublin 18
"609. Cubes 6, Beacon South Quarter, Sandyford, Dublin 18",2000, Dublin 18
"610. One Beacon, Beacon Hotel, Sandyford, Dublin 18",2500, Dublin 18
"611. One Beacon, Beacon Hotel, Sandyford, Dublin 18",2500, Dublin 18
"612. Roebuck Hill, Clonskeagh, Dublin 14",2500, Dublin 14
"613. Batchelors Walk Apartments, Dublin 2",2500, Dublin 2
"614. Killiney Court Apartments, Killiney, Co. Dublin",3500, Co. Dublin
"615. Milltown Hall, Mount Saint Annes, Milltown, Dublin 6",1800, Dublin 6
"616. Shandon Hall, Blackrock, Co. Dublin",2000, Co. Dublin
"617. Killiney Court Apartments, Station Road, Killiney, Co. Dublin",3500, Co. Dublin
"618. Shandon Hall, Monkstown, Co. Dublin",2000, Co. Dublin
"619. Cairnbrook Manor, Carrickmines, Dublin 18",2500, Dublin 18
"620. Killiney Court, Killiney Bay, Killiney, Co. Dublin",3500, Co. Dublin
"621. Alexandra Place, East Road, Dublin 1",2600, Dublin 1
"622. Portland Street North, Dublin 1",1400, Dublin 1
"623. Alexandra Place, East Road, East Wall, Dublin 3",2600, Dublin 3
"624. Millrace Drive Saggart, Saggart, Co. Dublin",1700, Co. Dublin
"625. Fortfield Court, Fortfield Road, Terenure, Dublin 6w",1432, Dublin 6w
"626. Woodleigh Ash, Rathgar, Dublin 6",1850, Dublin 6
"627. Tara Street, Dublin 2",1500, Dublin 2
"628. Pembroke Road, Dublin 2",2500, Dublin 2
"629. The Elms, Mount Merrion Avenue, Mount Merrion, Co. Dublin",1550, Co. Dublin
"630. Achill Square, Waterville, Blanchardstown, Dublin 15",1700, Dublin 15
"631. Premier Square, Finglas Road, Finglas, Dublin 11",1475, Dublin 11
"632. Francis Street, Christchurch, Dublin 8",2200, Dublin 8
"633. Clifden Court, Ellis Quay, Smithfield, Dublin 7",1498, Dublin 7
"634. Apartment 4, 88 Sandymount road, Sandymount, Dublin 4",3000, Dublin 4
"635. 64 Corr Castle, Howth Road, Howth, Dublin 13",2000, Dublin 13
"636. Collins Square, Benburb Street, Dublin 7",2100, Dublin 7
"637. Brooklands, Nutley Lane, Dublin 4",2250, Dublin 4
"638. Leeson Street Upper, Dublin 4",2400, Dublin 4
"639. Clarinda Court, Dun Laoghaire, Co. Dublin",1700, Co. Dublin
"640. (3) Elmfield, Ballyogan Road, Leopardstown, Dublin 18",2375, Dublin 18
"641. Swords Road, Malahide, Co Dublin, Malahide, Co. Dublin",1800, Co. Dublin
"642. Fishermans Green, Malahide, Co. Dublin",1985, Co. Dublin
"643. Hatch place, Dublin 2",1800, Dublin 2
"644. Pembroke Road, Ballsbridge, Dublin 4",2500, Dublin 4
"645. Boyne House, Custom House Square, IFSC, Dublin 1",1950, Dublin 1
"646. The Innings, Rathmines, Dublin 6",1850, Dublin 6
"647. Belfield Court, Stillorgan Road, Donnybrook, Dubli, Dublin 4",2000, Dublin 4
"648. Phibblestown House, Clonee, Dublin 15",1800, Dublin 15
"649. Windmill Lane, Dublin 2",2400, Dublin 2
"650. The Schooner, Arran Quay, Dublin 7",1850, Dublin 7
"651. Canon Hall, Dublin 1",2200, Dublin 1
"652. Willbrook House, Northbrook Ave, Ranelagh, Dublin 6",1800, Dublin 6
"653. The Distillery, Drumcondra, Dublin 3",1450, Dublin 3
"654. Apt 170 Rockview, Blackglen Road, Sandyford, Dublin 18",1800, Dublin 18
"655. Carrigmore Crescent, Citywest, Co. Dublin",1250, Co. Dublin
"656. Highfield Road, Rathgar, Rathgar, Dublin 6",2000, Dublin 6
"657. The Links, Portmarnock, Co. Dublin",1300, Co. Dublin
"658. Knocknagow, greenville road, Blackrock, Co. Dublin",1800, Co. Dublin
"659. Mount Merrion Avenue, Blackrock, Blackrock, Co. Dublin",1900, Co. Dublin
"660. Charlestown Place, Finglas, Dublin 11",1540, Dublin 11
"661. Westend Village, Blanchardstown, Dublin 15",1500, Dublin 15
"662. rathfarnham castle, Rathfarnham, Dublin 14",1800, Dublin 14
"663. Blackhall Square, Smithfield, Smithfield, Dublin 7",1850, Dublin 7
"664. Roebuck Lawn, Clonskeagh, Dublin 14",1575, Dublin 14
"665. Stocking Wood Copse, Stocking Wood, Rathfarnham, Dublin 16",1437, Dublin 16
"666. Ashwood house, mount street, Dublin 2, Grand Canal Dock, Dublin 2",2600, Dublin 2
"667. 20, The Hibernian, Barrow Street, Dublin 4",2700, Dublin 4
"668. Barnwall Court, Balbriggan, Co. Dublin",1450, Co. Dublin
"669. The Waxworks, Ashtown, Dublin 7",1700, Dublin 7
"670. Richmond Street South, Portobello, Dublin 8",1600, Dublin 8
"671. Clanwilliam Court, Grand Canal Dock, Dublin 2",2200, Dublin 2
"672. The Crescent Building, Park West, Dublin 12",1800, Dublin 12
"673. Castle Street, Dublin 2",1950, Dublin 2
"674. Beacon Cubes 8, Sandyford, Dublin 18",2100, Dublin 18
"675. Castledawson, Sion Hill, Rock Road, Blackrock, Co. Dublin",1750, Co. Dublin
"676. Gleann Na Ri, Cabinteely, Dublin 18",1650, Dublin 18
"677. Northbrook Avenue, Ranelagh, Dublin 6",2000, Dublin 6
"678. 36 Thornwood Booterstown, Blackrock, Co. Dublin",2500, Co. Dublin
"679. Nerano Road, Dalkey, Co. Dublin",1750, Co. Dublin
"680. 2 Grove House, Grove Road, Rathmines, Dublin 6",2300, Dublin 6
"681. St Annes, Ailesbury Road, Donnybrook, Dublin 4",2020, Dublin 4
"682. 25 wolfetone street dublin 1, Dublin 1",1650, Dublin 1
"683. The Hampton's, Santry Cross, Santry, Dublin 9",1664, Dublin 9
"684. Smithfield Towers, Smithfield Market, Smithfield, Dublin 7",3900, Dublin 7
"685. Mayeston Court, St Margarets Road, Finglas, Dublin 11",1950, Dublin 11
"686. 28 Mountfield Park, Malahide, Co. Dublin",2000, Co. Dublin
"687. Castlecourt Apartments, Kilgobbin Woods, Sandyford, Sandyford, Dublin 18",1755, Dublin 18
"688. Cardy Rock View, Balbriggan, Co. Dublin",1400, Co. Dublin
"689. 27 Kingram Place, Dublin 2",1700, Dublin 2
"690. Eustace Court, Dun Laoghaire, Co Dublin, Dun Laoghaire, Co. Dublin",2500, Co. Dublin
"691. Serviced Apartments in Malahide, Malahide, Co. Dublin",3360, Co. Dublin
"692. Milners Square, Santry, Dublin 9",1700, Dublin 9
"693. Venetian Hall, Killester, Dublin 5",1750, Dublin 5
"694. Belgrave Square East, Ranelagh, Dublin 6",2500, Dublin 6
"695. Philipsburg Avenue, Fairview, Dublin 3",1650, Dublin 3
"696. Distillery Row, Drumcondra, Dublin 3",1700, Dublin 3
"697. Castlegrange Court, Clonsilla, Dublin 15",2200, Dublin 15
"698. 20 Castlegrange Court, Clonsilla, Dublin 15",1800, Dublin 15
"699. Merrion Street, Dublin 2",5750, Dublin 2
"700. 12 Joyce Hall, Carrickmines Avenue, Carrickmines W, Foxrock, Dublin 18",3900, Dublin 18
"701. 20 Belfield Park, Stillorgan, Co. Dublin",2100, Co. Dublin
"702. GEORGES QUAY, Dublin 2",2200, Dublin 2
"703. 58 Serpentine Avenue, Ballsbridge, Dublin 4",2350, Dublin 4
"704. 86 Grand Canal Square, Grand Canal, Dublin 2",3045, Dublin 2
"705. Hansfield Wood, Clonsilla, Clonsilla, Dublin 15",1800, Dublin 15
"706. 30 The Marker residence, Grand Canal Dock, Dublin 2",3535, Dublin 2
"707. bakers yard, North portland street, Dublin 1",2000, Dublin 1
"708. Lansdowne Gate, Drimnagh, Dublin 12",1525, Dublin 12
"709. 71 the marker residence, Grand Canal Dock, Dublin 2",3055, Dublin 2
"710. Church Road, Ballybrack, Killiney, Co. Dublin",1250, Co. Dublin
"711. Christchurch, Christchurch, Dublin 8",2000, Dublin 8
"712. Christchurch Place, Christchurch, Dublin 8",1700, Dublin 8
"713. Apartment 102, College View, Ballymun, Dublin 9",1750, Dublin 9
"714. Unit 8, 238 North Circular Road, Phibsboro, Phibsborough, Dublin 7",1275, Dublin 7
"715. Milner Square, Santry, Dublin 9",1722, Dublin 9
"716. Coopers Yard, Smithfield, Dublin 7",2250, Dublin 7
"717. Clarion Quay Penthouse, IFSC, Dublin 1",4500, Dublin 1
"718. The Concert Building, Parkwest Pointe, Park West, Dublin 12",1750, Dublin 12
"719. Temple Park, Dartry, Dublin 6",1600, Dublin 6
"720. Cranmer Place, Ballsbridge, Dublin 4",1950, Dublin 4
"721. Bloomfield park, Donnybrook, Dublin 4",2600, Dublin 4
"722. Rosedale Tyrconnel St Inchicore, Inchicore, Dublin 8",1395, Dublin 8
"723. Fitzwilliam Quay, Ringsend, Dublin 4",2000, Dublin 4
"724. 83 Rathborne Avenue, Ashtown, Dublin 15",1575, Dublin 15
"725. 8 Clareville House, Harolds Cross Road, Harold's Cross, Dublin 6w",1600, Dublin 6w
"726. Oak House, Seven Oaks, Sarsfield Road, Ballyfermot, Dublin 10",3200, Dublin 10
"727. Ha\'Penny Bridge House, Ormond Quay, Dublin 1, Dublin 1",2200, Dublin 1
"728. Ranelagh, Ranelagh, Dublin 6",1166, Dublin 6
"729. The courtyard clonsilla, Clonsilla, Dublin 15",1650, Dublin 15
"730. Alexandra Walk, Dublin 2",3740, Dublin 2
"731. Merton Hall, Mount Saint Annes, Milltown, Dublin 6",2400, Dublin 6
"732. Alexandra Walk, Dublin 2",3740, Dublin 2
"733. Adelaide Square, Dublin 2",2880, Dublin 2
"734. Blackhall Square, Smithfield, Dublin 1",1750, Dublin 1
"735. Shonvalley, Newcastle Road, The Grange, Lucan, Co. Dublin",1050, Co. Dublin
"736. The Pines, Herbert Park Lane Apartments, Ballsbridge, Dublin 4",2800, Dublin 4
"737. Bushy Park Apartments, Terenure, Terenure, Dublin 6w",2000, Dublin 6w
"738. Shrewsbury Park, Ballsbridge, Dublin 4",4100, Dublin 4
"739. Penthouse The Pines, Herbert Park Lane, Ballsbridge, Dublin 4",3900, Dublin 4
"740. Penthouse The Pines, Herbert Park Lane, Ballsbridge, Dublin 4",3500, Dublin 4
"741. Herbert Park Lane Apts, Ballsbridge, Dublin 4",3200, Dublin 4
"742. North Great George Street, Dublin 1",3000, Dublin 1
"743. Bloomfield Park, Morehampton Road, Donnybrook, Dublin 4",2800, Dublin 4
"744. Mount Sandford Apts, Milltown Road, Milltown, Dublin 6",2700, Dublin 6
"745. Oak House, Red Arches Drive, The Coast, Baldoyle, Dublin 13",1600, Dublin 13
"746. Carmanhall Court, Burton Hall Road, Sandyford, Dublin 18",1950, Dublin 18
"747. 6 Mountjoy Square, Dublin 1",2000, Dublin 1
"748. 82 lower camden street, Dublin 2",2000, Dublin 2
"749. Beacon South Quarter, Sandyford, Dublin 18",1790, Dublin 18
"750. Old County Road, Crumlin, Dublin 12",1800, Dublin 12
"751. 52 Terenure road east, Rathgar, Dublin 6",2400, Dublin 6
"752. dame street, Dublin 2",2300, Dublin 2
"753. Forbes Quay, Lazer Lane, Grand Canal Dock, Dublin 2",3000, Dublin 2
"754. Gallery Quay, Block 3, Grand Canal Dock, Dublin 2",3800, Dublin 2
"755. The Westmoreland, Charlotte Quay Dock, Grand Canal Dock, Dublin 4",2100, Dublin 4
"756. Gallery Quay, Block 2, Grand Canal Dock, Dublin 2",3600, Dublin 2
"757. 18-21 Mount Street, Lower Mount St., Dublin 2",4500, Dublin 2
"758. Millennium Tower, Grand Canal Dock, Dublin 4",8000, Dublin 4
"759. The Waterfront, Grand Canal Dock, Dublin 2",4400, Dublin 2
"760. Ardoyne House, Off Pembroke Park, Ballsbridge, Dublin 4",2500, Dublin 4
"761. Montgomery Court Foley Street, Dublin 1",2500, Dublin 1
"762. Gallery Quay, Block 8, Grand Canal Dock, Dublin 2",3000, Dublin 2
"763. Park House, Benson Street, Grand Canal Dock, Dublin 2",3800, Dublin 2
"764. Longboat Quay South, Grand Canal Dock, Dublin 2",1800, Dublin 2
"765. rathgar road, Rathgar, Dublin 6",2000, Dublin 6
"766. Block 5, Portland Lock, Portland Place, Dublin 1",2100, Dublin 1
"767. 15 Sheas Court, Manor St, Dublin 7, Stoneybatter, Dublin 7",1400, Dublin 7
"768. Gracepark Manor, Drumcondra, Dublin 3",3180, Dublin 3
"769. Falcon's View, New Navan Road, Blanchardstown, Blanchardstown, Dublin 15",1800, Dublin 15
"770. 169 171 James's street, Dublin 8",1850, Dublin 8
"771. Terenure road east, Rathgar, Dublin 6",2000, Dublin 6
"772. leeson street lower, Dublin 2",2300, Dublin 2
"773. Kellys row, Dublin 1",1950, Dublin 1
"774. Custom house square, IFSC, Dublin 1",2200, Dublin 1
"775. 87 Old Kilmainham Village, Kilmainham, Dublin 8",1600, Dublin 8
"776. Lymewood Mews, Northwood, Santry, Dublin 9",1650, Dublin 9
"777. Merchamp, Seafield Road, Clontarf, Dublin 3",1427, Dublin 3
"778. Dunlin, Redcourt Oaks, Seafield Road, Clontarf, Dublin 3",1850, Dublin 3
"779. Elmfield Court, Ninth Lock Road, Clondalkin, Dublin 22",1950, Dublin 22
"780. 202 Premier Square, Finglas, Dublin 11",1800, Dublin 11
"781. Bayview Ave, North Strand, Dublin 3",1700, Dublin 3
"782. Applewood Village, Swords, Co. Dublin",1240, Co. Dublin
"783. The square , haddington rd, Ballsbridge, Dublin 4",2400, Dublin 4
"784. Mongomery Court, Foley Street, Dublin 1",2250, Dublin 1
"785. Rockwell Cove, Blackrock, Co. Dublin",2100, Co. Dublin
"786. 29 Dorset street lower, Dublin 1",2000, Dublin 1
"787. Inchicore, Dublin 8",1800, Dublin 8
"788. 121 Westland Square, Pearse Street, Dublin 2",2250, Dublin 2
"789. 33 Frankfort Court, Rathgar, Dublin 6",1500, Dublin 6
"790. 77 Alen Hall, Belgard Square, Tallaght, Dublin 24",2450, Dublin 24
"791. The Oak, Parkview, Srepaside, Stepaside, Dublin 18",1800, Dublin 18
"792. 112 pembroke road dublin 4, Ballsbridge, Dublin 4",1500, Dublin 4
"793. Spencer dock, Dublin 1",2300, Dublin 1
"794. Brennanstown Avenue, Cabinteely, Dublin 18",1940, Dublin 18
"795. 9 Watermill Court, Raheny, Dublin 5",1600, Dublin 5
"796. Bissett's Loft, Strand Street, Malahide, Co. Dublin",2700, Co. Dublin
"797. Chapelgate, St Alphonsus Road, Drumcondra, Dublin 9",2200, Dublin 9
"798. Ma Tuire, Mount Merrion, Mount Merrion, Co. Dublin",2250, Co. Dublin
"799. Galtrim Grange, Malahide, Co. Dublin",1875, Co. Dublin
"800. Cresent House, The Cresent, Clontarf, Dublin 3",1600, Dublin 3
"801. Clifton Court, Dun Laoghaire, Co. Dublin",1850, Co. Dublin
"802. Seville Place, IFSC, Dublin 1",2200, Dublin 1
"803. 2 Old Connaught House, Ferndale Road, Rathmichael, Co. Dublin",1650, Co. Dublin
"804. Castledawson, Sion Hill, Blackrock, Co. Dublin",2890, Co. Dublin
"805. Charlotte Apartments, Dun Laoghaire, Co. Dublin",1975, Co. Dublin
"806. Charlotte Apartments, Dun Laoghaire, Co. Dublin",1800, Co. Dublin
"807. El Greco, St James Court, Ballsbridge, Dublin 4",1750, Dublin 4
"808. IFSC, custom house harbour, Dublin 1",1795, Dublin 1
"809. Bachelors Walk, Dublin 1",1500, Dublin 1
"810. 60 south Great Georges Street, Dublin 2",1250, Dublin 2
"811. 28A Bettyglen, Watermill Road, Raheny, Dublin 5",1300, Dublin 5
"812. Parsons Court, Newcastle, Co. Dublin",1400, Co. Dublin
"813. Parnell Street, Dublin 1",1600, Dublin 1
"814. Castleland Court, Balbriggan, Co. Dublin",1200, Co. Dublin
"815. Hanbury Mews, Hanbury Lane, Dublin 8",1700, Dublin 8
"816. Kilmainham Square, Kilmainham, Dublin 8",2000, Dublin 8
"817. Elgin House, Ballsbridge Court, Serpentine Avenue, Ballsbridge, Dublin 4",2100, Dublin 4
"818. 106 Botanic Road, Glasnevin, Dublin 9",1680, Dublin 9
"819. New Bancroft, Greenhills Road, Tallaght, Dublin 24",1500, Dublin 24
"820. Madison Court, Grattan Street, Dublin 2",2600, Dublin 2
"821. BALBUTCHER LANE FINGLAS, Finglas, Dublin 11",1300, Dublin 11
"822. Gleann Ribh, Lusk, Co. Dublin",1550, Co. Dublin
"823. Cowper Road, Rathmines, Dublin 6",1250, Dublin 6
"824. 109 Parnell St, Dublin 1",2000, Dublin 1
"825. Spencer dock, Dublin 1",1800, Dublin 1
"826. 231 Wyckham Point, Wyckham Way, Dundrum, Dublin 16",2150, Dublin 16
"827. Main Street, Ballymun, Dublin 9",1750, Dublin 9
"828. Ranelagh Court, Ranelagh Road, Ranelagh, Dublin 6., Ranelagh, Dublin 6",1500, Dublin 6
"829. Grand Central Apartments, Sandyford, Dublin 18",1700, Dublin 18
"830. Kilmainham Square, Kilmainham, Dublin 8",1415, Dublin 8
"831. Alexandra Walk, Dublin 2",3300, Dublin 2
"832. Alexandra Walk, Dublin 2",3400, Dublin 2
"833. Alexandra Walk, Dublin 2",3400, Dublin 2
"834. Adelaide Square Penthouse, Dublin 2",4800, Dublin 2
"835. Apt 201 The Hermitage Apartments, Balgriffin, Dublin 13",2100, Dublin 13
"836. Adelaide Square, Dublin 2",3000, Dublin 2
"837. Adelaide Square, Dublin 2",4200, Dublin 2
"838. Alexandra Walk, Dublin 2",3300, Dublin 2
"839. Adelaide Square, Dublin 2",3240, Dublin 2
"840. Adelaide Square, Dublin 2",3996, Dublin 2
"841. 150 Howth Road, Clontarf, Dublin 3",1600, Dublin 3
"842. 6 South Strand House, Skerries, Co. Dublin",1650, Co. Dublin
"843. Apt 65 St Gabriels, Johnstown Road, Cabinteely, Dublin 18",2450, Dublin 18
"844. Galloping Green, Stillorgan, Co. Dublin",2200, Co. Dublin
"845. Penthouse Residence, Intercontinental Hotel, Ballsbridge, Dublin 4",7000, Dublin 4
"846. The Hibernian, The Gasworks, Ringsend, Dublin 4",3900, Dublin 4
"847. Spencer Dock Apartments, Dublin 1",4500, Dublin 1
"848. Shrewsbury Square Penthouse, Ballsbridge, Dublin 4",4950, Dublin 4
"849. Neptune Apartments, Dun Laoghaire, Co. Dublin",2064, Co. Dublin
"850. Benburb Street, Smithfield, Dublin 7",2100, Dublin 7
"851. Tara Street, Dublin 2",1950, Dublin 2
"852. Adelaide Square, Dublin 2",3000, Dublin 2
"853. Alexandra Walk, Dublin 2",3400, Dublin 2
"854. Adelaide Square, Dublin 2",3200, Dublin 2
"855. Adelaide Square, Dublin 2",3240, Dublin 2
"856. Adelaide Square, Dublin 2",3000, Dublin 2
"857. Mayor Street Lower, Dublin 2, Dublin 2",2400, Dublin 2
"858. allendale court, Clonsilla, Dublin 15",1800, Dublin 15
"859. 155 hunters green hunterswood, Ballycullen, Dublin 16",1610, Dublin 16
"860. Merrion Village, Ballsbridge, Dublin 4",2400, Dublin 4
"861. The Pines, Herbert Park Lane, Ballsbridge, Dublin 4",3800, Dublin 4
"862. Hanover Dock, Grand Canal Dock, Dublin 2",3700, Dublin 2
"863. Alexandra Walk, Dublin 2",3300, Dublin 2
"864. Adelaide Square, Dublin 2",3400, Dublin 2
"865. 47 Woodbrook Crescent, Castleknock, Dublin 15",1700, Dublin 15
"866. Alexandra Walk, Dublin 2",3320, Dublin 2
"867. Mobhi Court, Glasnevin, Dublin 9",2200, Dublin 9
"868. Manor House, St. Augustine's Park, Carysfort Avenu, Blackrock, Co. Dublin",1800, Co. Dublin
"869. Parnell Road, Harold's Cross, Dublin 6",1950, Dublin 6
"870. 32 Marlay View, Rathfarnham, Dublin 16",1800, Dublin 16
"871. 16 Grenville,110 Rathgar Road, Rathgar, Dublin 6",1795, Dublin 6
"872. 83 The Oaks, Rockfield, Dundrum, Dublin 16",1950, Dublin 16
"873. Grattan Hall, Lower Mount Street, Dublin 2",2400, Dublin 2
"874. Linden, 31-33 Merrion Road, Ballsbridge, Dublin 4",2794, Dublin 4
"875. Wellington, Riverpark, Islandbridge, Dublin 8",1900, Dublin 8
"876. 44 Millrace Road, Castleknock, Dublin 15",1825, Dublin 15
"877. Fishermans Wharf, Ringsend, Dublin 4",2040, Dublin 4
"878. Crescent building, Park West Pointe, Park West, Dublin 12",1800, Dublin 12
"879. 40 Main Street, Chapelizod, Chapelizod, Dublin 20",1350, Dublin 20
"880. 13 Portland St North, Dublin 1",1100, Dublin 1
"881. Holywell lane, Swords, Co. Dublin",1475, Co. Dublin
"882. 121 The Forum, Ballymoss Road, Sandyford, Dublin 1, Sandyford, Dublin 18",1900, Dublin 18
"883. Hunters Green, Ballycullen Road, Ballycullen, Dublin 24",1600, Dublin 24
"884. St Raphaela\\\\\\\'s Road, Off Upper Kilmacud Road, Stillorgan, Co. Dublin",2100, Co. Dublin
"885. corr castle, Sutton, Dublin 13",1900, Dublin 13
"886. Burnel Square, Northern Cross, Malahide, Clarehall, Dublin 17",1800, Dublin 17
"887. 21 Synod Place Lusk Village, Lusk, Co. Dublin",1350, Co. Dublin
"888. Morrow House, Myrtle Drive, Baldoyle, Dublin 13",1220, Dublin 13
"889. Slade Saggart, Saggart, Co. Dublin",900, Co. Dublin
"890. Manor Hall Mount Brown, Dublin 8",1800, Dublin 8
"891. Ring Commons, Balbriggan, Co. Dublin",1100, Co. Dublin
"892. 24 holywell dene, Swords, Dublin 13",1650, Dublin 13
"893. 28 Collis Court, Jugback Lane, Swords., Swords, Co. Dublin",1650, Co. Dublin
"894. 13 Spangers Yard, Crow Street, Temple Bar, Dublin 2",2750, Dublin 2
"895. Wyckham point, Dundrum, Dublin 14",1800, Dublin 14
"896. Leona Apartments, Dun Laoghaire, Co. Dublin",2432, Co. Dublin
"897. clarion quay bl 5, Dublin 1",2300, Dublin 1
"898. Green Isle Court, Clondalkin, Dublin 22",1400, Dublin 22
"899. 12 Orchard Hall, Castleknock, Dublin 15",1850, Dublin 15
"900. Castleforbes Square, Dublin 1",2200, Dublin 1
"901. Holywell, Swords, Co. Dublin",1600, Co. Dublin
"902. Harold's Cross Road, Harold's Cross, Dublin 6w",1600, Dublin 6w
"903. Mountjoy Square, Dublin 1",1900, Dublin 1
"904. Neptune Apartments, Dun Laoghaire, Co. Dublin",2564, Co. Dublin
"905. Hanover Quay, Grand Canal Dock, Dublin 2",3000, Dublin 2
"906. Marianella, Rathgar, Dublin 6",2850, Dublin 6
"1. Apartment 2, Garrison, Co. Fermanagh, BT93 4AE",400456, BT93 4AE
"1. Altenagh House, Nun's Island, Nun's Island, Co. Galway",1400, Co. Galway
"2. Nun's Island, Galway City Centre, Galway City, Co. Galway",1300, Co. Galway
"3. 5 Dun na Coiribe, Headford Road, Co. Galway",1400, Co. Galway
"4. Durabhan, Roscam, Co. Galway",1000, Co. Galway
"5. Drum East, Drum East, Co. Galway",1300, Co. Galway
"6. Dominick Street, Galway City, Co. Galway",2350, Co. Galway
"7. 29 St. Brendans Avenue, Woodquay, Co. Galway",1300, Co. Galway
"8. Sheerwater House, Galway City, Co. Galway",2000, Co. Galway
"9. 16 Killderry House, Galway City, Co. Galway",1895, Co. Galway
"10. Ce Na Mara, The Docks, Galway City, Co. Galway",1560, Co. Galway
"11. 47 Aengus House, Dock Street - 5 month lease only, Galway City, Co. Galway",1800, Co. Galway
"12. Rosscahill Co Galway, Rosscahill, Co. Galway",600, Co. Galway
"13. Shannon Oaks St Joesphs Road, Portumna, Co. Galway",700, Co. Galway
"14. Upper Salthill, Salthill, Co. Galway",1300, Co. Galway
"15. H91 DXR5, Annaghdown, Co. Galway",700, Co. Galway
"16. Glean na Ri, Renmore, Co. Galway",1000, Co. Galway
"17. 212 Bluebell Woods, Oranmore, Co. Galway",750, Co. Galway
"18. Killaguile, Rosscahill, Co. Galway",500, Co. Galway
"19. Cuirt Seoige, Bohermore, Co. Galway",1500, Co. Galway
"20. Bishop O\'Donnell Road, Rahoon, Co. Galway",560, Co. Galway
"21. Costa Na Mara, Oranmore, Co. Galway",1175, Co. Galway
"22. The Cobblestones, Eyre Street, Galway City, Co. Galway",1400, Co. Galway
"23. Altan, Western Distributor Road, Knocknacarra, Co. Galway",1100, Co. Galway
"24. 4 Arus Bun Caise, Rahoon, Co. Galway",1350, Co. Galway
"25. An Creagan, Barna, Co. Galway",975, Co. Galway
"26. Coolough, Briarhill, Co. Galway",1200, Co. Galway
"27. Cois na hAbhainn, Ballygaddy Road, Tuam, Co. Galway",800, Co. Galway
"28. Vicar Street, Tuam, Co. Galway",600, Co. Galway
"29. cross street Galway, Galway City, Co. Galway",1600, Co. Galway
"30. Area, Athenry, Co. Galway",800, Co. Galway
"31. Oranbeg, Oranmore, Co. Galway",775, Co. Galway
"32. Seabury, Barna House & Demesne, Barna Road, Ga, Barna, Co. Galway",1450, Co. Galway
"33. Arus Grattan, Grattan Road, Upper Salthill, galwa, Galway City, Co. Galway",1200, Co. Galway
"34. Bowling Green, Galway City, Co. Galway",1675, Co. Galway
"35. Rahoon, Drum East, Co. Galway",1300, Co. Galway
"36. Masonbrook, Loughrea, Co. Galway",600, Co. Galway
"37. Dun Oran, Oranhill, Oranmore, Co. Galway",1250, Co. Galway
"38. Rockbarton Court, Salthill, Co. Galway",1800, Co. Galway
"39. Annaghdown, Corrandulla, Co.Galway, Annaghdown, Co. Galway",900, Co. Galway
"40. Granary Suites, 58 Dominick Street Lower, Galway C, Galway City, Co. Galway",2250, Co. Galway
"41. Shannon Oaks Apartments, Portumna, Co. Galway",700, Co. Galway
"42. 24 Glenview Drive, Riverside, Tuam Road, Co. Galway",770, Co. Galway
"43. The Plaza, Headford Road, Co. Galway",1455, Co. Galway
"44. Abbey Court, Mary Street, Galway City, Co. Galway",1395, Co. Galway
"45. 136 fionnuisce, Doughiska, Co. Galway",1200, Co. Galway
"46. The Cresent ,Taylors Hill, Galway City, Co. Galway",900, Co. Galway
"47. churchfield, Salthill, Co. Galway",1700, Co. Galway
"48. Balrobuck, Corrandulla, Co. Galway",1100, Co. Galway
"49. City Centre Cill Ard Galway, Bohermore, Co. Galway",1400, Co. Galway
"50. 29b St. Brendans Ave, Woodquay, Co. Galway",1850, Co. Galway
"51. Ocean Towers, Blackrock, Salthill, Co. Galway",1600, Co. Galway
"52. The Connacht Hotel, Dublin Road, Renmore, Co. Galway",1820, Co. Galway
"53. Maree Oranmore, Oranmore, Co. Galway",1150, Co. Galway
"54. Apt 1, The Vineyard Apartments, Lombard Street, Galway City, Co. Galway",1450, Co. Galway
"55. bridge street, Ballinasloe, Co. Galway",750, Co. Galway
"56. Mountain View, Clonbur, Co. Galway",550, Co. Galway
"57. Lough Atalia Road, Galway City, Co. Galway",1200, Co. Galway
"58. Bride Street, Loughrea, Co. Galway",800, Co. Galway
"1. The Anchorage, Tralee, Co. Kerry",850, Co. Kerry
"2. The Marina Apartments, Tralee, Co. Kerry",775, Co. Kerry
"3. 33 Upper Castle Street, Tralee, Co. Kerry",575, Co. Kerry
"4. E Block, Edward Court, Edward Street, Tralee, Co. Kerry",775, Co. Kerry
"5. William Street, Listowel, Co. Kerry",480, Co. Kerry
"6. Fairway Heights, The Kerries, Tralee, Co. Kerry",750, Co. Kerry
"7. An Sean Mhuileann, Tralee, Co. Kerry",795, Co. Kerry
"8. Fairway Heights, Tralee, Co. Kerry",800, Co. Kerry
"9. OFF ROCK STREET, Tralee, Co. Kerry",650, Co. Kerry
"10. Apt. 4 Mountain View, Muckross Road, Killarney, Co. Kerry",740, Co. Kerry
"11. Upper Castle Street Tralee, Tralee, Co. Kerry",650, Co. Kerry
"12. Sunhill Road, Killorglin, Co. Kerry",650, Co. Kerry
"13. The Paddocks, Killorglin, Co. Kerry",750, Co. Kerry
"14. Apartment 4 Town Centre, Killorglin, Co. Kerry",600, Co. Kerry
"15. New Street Killarney, Killarney, Co. Kerry",1000, Co. Kerry
"16. Rockwell Close, Tralee, Co. Kerry",650, Co. Kerry
"17. Oakdale park road, Killarney, Co. Kerry",1100, Co. Kerry
"18. Park Road, Killarney, Co. Kerry",980, Co. Kerry
"19. Ref 777 - Apartment, New Street, Cahersiveen, Co. Kerry",600, Co. Kerry
"20. 10 The Square, Tralee, Co. Kerry",580, Co. Kerry
"21. Ardfert village, Tralee, Co. Kerry",1000, Co. Kerry
"22. SEASIDE CARAVAN PARK CAMP TRALEE, Camp, Co. Kerry",520, Co. Kerry
"1. Stradbrook Luxury Appartment, Portlaoise, Co. Laois",875, Co. Laois
"2. The Maples, Forest Park, Portlaoise, Co. Laois",850, Co. Laois
"3. Lalor Way, Fairgreen, Portlaoise, Co. Laois",900, Co. Laois
"4. the strand road, Ballickmoyler, Co. Laois",600, Co. Laois
"5. woodbrook mountrath, Mountrath, Co. Laois",400, Co. Laois
"6. Block One Fieldbrook Dublin Road Portlaoise, Portlaoise, Co. Laois",750, Co. Laois
"7. Ring Colt Ballyroan, Ballyroan, Co. Laois",800, Co. Laois
"8. Lalor Way Fairgreen Portlaoise, Portlaoise, Co. Laois",900, Co. Laois
"9. Stradbrook, Portlaoise, Co. Laois",900, Co. Laois
"10. De Vesci Court, Fairgreen, Portlaoise, Co. Laois",900, Co. Laois
"11. Church Street, Portlaoise, Co. Laois",850, Co. Laois
"12. New Row, Mountmellick Road, Portlaoise, Co. Laois",800, Co. Laois
"13. Kilnacourt Woods, Portarlington, Co. Laois",650, Co. Laois
"14. Apt 1 Shamrock Lodge, Borris Rd., Portlaoise, Co. Laois",480, Co. Laois
"15. De Vesci Court, Portlaoise, Co. Laois",800, Co. Laois
"16. Crann Nua, Portarlington, Co. Laois",800, Co. Laois
"1. Leitrim Village, Leitrim, Co. Leitrim",700, Co. Leitrim
"2. Key Street, Carrick-on-Shannon, Co. Leitrim",500, Co. Leitrim
"3. Quay Road, Carrick-on-Shannon, Co. Leitrim",550, Co. Leitrim
"4. Bridge Street, Carrick-on-Shannon, Co. Leitrim",450, Co. Leitrim
"5. Riverview, Carrick-on-Shannon, Co. Leitrim",600, Co. Leitrim
"6. The Pavillion, Carrick-on-Shannon, Co. Leitrim",650, Co. Leitrim
"7. 4 Library Corner, Manorhamilton, Co. Leitrim",500, Co. Leitrim
"8. Ayrefield Manor, Carrick-on-Shannon, Co. Leitrim",550, Co. Leitrim
"9. Marymount, Carrick-on-Shannon, Co. Leitrim",550, Co. Leitrim
"10. The Waterfront, Leitrim, Co. Leitrim",700, Co. Leitrim
"1. 20 Fishermans Quay, Grove Island, Corbally, Co. Limerick",1100, Co. Limerick
"2. 81 Bru Na Gruadan, Castletroy, Co. Limerick",1100, Co. Limerick
"3. 50 Thomas Street, Limerick City, Co. Limerick",1050, Co. Limerick
"4. An Dun, Church road, Raheen, Co. Limerick",1200, Co. Limerick
"5. Log na gCapall, South Circular Road, Co. Limerick",1400, Co. Limerick
"6. Ballantyne Place, Steamboat Quay, Limerick City, Co. Limerick",1100, Co. Limerick
"7. Lelia House, Lelia Street, Limerick City, Co. Limerick",950, Co. Limerick
"8. Knockhill, Ennis Road, Co. Limerick",1100, Co. Limerick
"9. The Strand, O'Callaghan strand, Limerick City, Co. Limerick",1250, Co. Limerick
"10. Harveys Quay, Limerick City, Co. Limerick",1300, Co. Limerick
"11. Coolbane, Castleconnell, Co. Limerick",950, Co. Limerick
"12. Cloisters, Nr.O'Connell Monument, O'Connell Street, Limerick City, Co. Limerick",960, Co. Limerick
"13. Main Street, Adare, Co. Limerick",1100, Co. Limerick
"14. An Dun, Church Road, Raheen, Co. Limerick",950, Co. Limerick
"15. Main Street, Kilfinane, Co. Limerick",500, Co. Limerick
"16. Glendara, Dooradoyle, Co. Limerick",1100, Co. Limerick
"17. Drominbeg, Rhebogue, Co. Limerick",1350, Co. Limerick
"18. No 9 Ard Dara Court, Ennis Road, Co. Limerick",1150, Co. Limerick
"19. Thornfield, South Circular Road, Co. Limerick",1300, Co. Limerick
"20. 20/21 Lower Gerald Griffin St, Limerick, Limerick City, Co. Limerick",1250, Co. Limerick
"21. 31, Henry streets, Limerick City., Limerick City, Co. Limerick",750, Co. Limerick
"22. The Strand Complex, Ennis Road, Co. Limerick",1600, Co. Limerick
"23. Landsdowne Hall, O'Callaghan Strand, Limerick City, Co. Limerick",1300, Co. Limerick
"24. Main Street, Ballylanders, Co. Limerick",550, Co. Limerick
"25. Black abby coutr, Adare, Co. Limerick",1100, Co. Limerick
"26. 701 Riverpoint, Limerick City, Co. Limerick",1200, Co. Limerick
"27. 31 Pery Court, Limerick City, Co. Limerick",1050, Co. Limerick
"28. 10 The Steeples Mulgrave Street, Limerick City, Co. Limerick",950, Co. Limerick
"29. Glenlara House, Mount Kenneth, Limerick City, Co. Limerick",850, Co. Limerick
"1. Hollybrook, Abbeyshrule, Co. Longford",300, Co. Longford
"2. Main St., Ballymahon, Co. Longford",600, Co. Longford
"3. Cornmill House, Great Water Street, Longford Town, Co. Longford",450, Co. Longford
"4. French Hall,Prospect Wood, Longford Town, Co. Longford",650, Co. Longford
"5. Main Street, Granard, Co. Longford",400, Co. Longford
"6. 14 Richmond Street, Longford Town, Co. Longford",650, Co. Longford
"7. 13 Harbour Point, Longford Town, Co. Longford",650, Co. Longford
"8. 7 The Granary, Ballymahon, Co. Longford",650, Co. Longford
"9. Main Street, Granard, Co. Longford",400, Co. Longford
"10. Drumlish Road. Longford Town, Longford Town, Co. Longford",600, Co. Longford
"11. Rath Bheg, Abbeylara, Co. Longford",550, Co. Longford
"12. Moy Court, Ballymahon, Co. Longford",650, Co. Longford
"13. 3b Kilashee Street, Longford Town, Co. Longford",580, Co. Longford
"1. 27north strand, Drogheda, Co. Louth",900, Co. Louth
"2. Euston Street, Greenore, Co. Louth",725, Co. Louth
"3. Main Street, Greenore, Carlingford, Co. Louth",695, Co. Louth
"4. Main Street, Greenore, Carlingford, Co. Louth",695, Co. Louth
"5. Martello Dublin Road, Drogheda, Co. Louth",1250, Co. Louth
"6. Stapleton place, Dundalk, Co. Louth",1050, Co. Louth
"7. 40 bryanstown manor, Drogheda, Co. Louth",1200, Co. Louth
"8. plaster, Kilkerley, Co. Louth",550, Co. Louth
"9. Jocelyn Street, Dundalk, Co. Louth",950, Co. Louth
"10. Greenhills, Drogheda, Co. Louth",800, Co. Louth
"11. North Road, Drogheda, Co. Louth",1000, Co. Louth
"12. 3 The Malthouse, Drogheda, Dromiskin, Co. Louth",1100, Co. Louth
"13. Apartment, Adelphi Boulevard, Park Avenue, Dundalk, Co. Louth",1250, Co. Louth
"14. Anneville House, Windmill Road, Drogheda, Co. Louth",1100, Co. Louth
"15. Mourne View Hall, Dundalk, Co. Louth",360, Co. Louth
"16. Main Street Blackrock, Blackrock, Co. Louth",1400, Co. Louth
"17. Bridge Street, Dundalk, Co. Louth",800, Co. Louth
"18. Park Wood, Grange Rath, Drogheda, Co. Louth",1250, Co. Louth
"19. John Street, Drogheda, Co. Louth",1300, Co. Louth
"20. 35 Park Ridge Grange Rath, Drogheda, Co. Louth",1000, Co. Louth
"21. Fair Street House, Drogheda, Co. Louth",1083, Co. Louth
"22. 8 and 15 Stella Maris, Castle Hill Carlingford, Carlingford, Co. Louth",900, Co. Louth
"23. Clanbrassil Street, Dundalk, Co. Louth",900, Co. Louth
"24. Greenpark Student Accommodation, Greenpark, Dundalk, Co. Louth",400, Co. Louth
"25. Smarmore Ardee, Ardee, Co. Louth",750, Co. Louth
"26. Bryanstown, Drogheda, Co. Louth",1250, Co. Louth
"1. American Street, Belmullet, Co. Mayo",450, Co. Mayo
"2. tara court, Castlebar, Co. Mayo",500, Co. Mayo
"3. Craobh Ban, Newport, Co Mayo, Newport, Co. Mayo",650, Co. Mayo
"4. Craobh Ban, Newport, Co. Mayo",650, Co. Mayo
"5. Spencer Manor, Castlebar, Co. Mayo",900, Co. Mayo
"6. Mount Street, Claremorris, Co. Mayo",750, Co. Mayo
"7. Clogher, Claremorris, Co. Mayo",440, Co. Mayo
"8. Chamber Court, Cavendsh Lane, Castlebar, Co. Mayo",700, Co. Mayo
"9. Esker Meadows, Knock, Co. Mayo",480, Co. Mayo
"10. 22 Silverbridge, Claremorris, Co. Mayo",750, Co. Mayo
"11. Apt 31 Hawthorn Village, Saleen, Castlebar, Co. Mayo",650, Co. Mayo
"12. 46 Ashwood Avenue, Balinrobe Road, Westport, Westport, Co. Mayo",900, Co. Mayo
"13. Apartment 2, Teach Ciaran, Bangor Erris, Co. Mayo",550, Co. Mayo
"14. Abbey park, Abbey Street, Ballina, Co. Mayo",600, Co. Mayo
"15. Apt 3A Erris Gardens, Crossmolina, Co. Mayo",500, Co. Mayo
"16. 1 chapel walk, church street, Crossmolina, Co. Mayo",500, Co. Mayo
"17. Main Street, Balla, Co Mayo, Balla, Co. Mayo",600, Co. Mayo
"18. 23 Silverbridge, Claremorris, Co. Mayo",800, Co. Mayo
"19. Breaffy Woods, Castlebar, Co. Mayo",650, Co. Mayo
"20. Turlough Village, Castlebar, Co. Mayo",700, Co. Mayo
"21. Nephin Halls, Castlebar, Co. Mayo",700, Co. Mayo
"22. The Residences, Breaffy, Castlebar, Co. Mayo",750, Co. Mayo
"23. The Lodges ,Breaffy House Resort, Castlebar, Co. Mayo",675, Co. Mayo
"24. Mount Street, Claremorris, Co. Mayo",600, Co. Mayo
"25. Newline, Castlebar, Co. Mayo",800, Co. Mayo
"26. Westport, Westport Quay, Co. Mayo",700, Co. Mayo
"27. Town centre, Westport, Co. Mayo",760, Co. Mayo
"28. Cuslough, Castlebar, Co. Mayo",800, Co. Mayo
"29. Milebush Road, Castlebar, Co. Mayo",900, Co. Mayo
"30. Milebush Road, Castlebar, Co. Mayo",650, Co. Mayo
"31. Cushlough, Saleen, Castlebar, Co. Mayo",850, Co. Mayo
"32. Newline, Castlebar, Co.Mayo, Castlebar, Co. Mayo",800, Co. Mayo
"33. High Street, Westport, Co. Mayo",740, Co. Mayo
"34. Ashwood, Ballinrobe Road, Westport, Co. Mayo",780, Co. Mayo
"35. Knock road, Claremorris, Co. Mayo",750, Co. Mayo
"36. Westport Harbour, Westport, Co. Mayo",800, Co. Mayo
"37. 17 hopkins road castlebar, Castlebar, Co. Mayo",720, Co. Mayo
"38. Chapel st., Castlebar, Co. Mayo",620, Co. Mayo
"39. Riverwalk, Crossmolina, Co. Mayo",480, Co. Mayo
"40. Bruach na hAbhainn, Altamount Street, Westport, Co. Mayo",800, Co. Mayo
"41. 5 The Moorings American street, Belmullet, Co. Mayo",520, Co. Mayo
"42. 3 Brewery Buildings Market Lane, Bridge St., Westport, Co. Mayo",900, Co. Mayo
"43. Carramore, Knock, Co. Mayo",520, Co. Mayo
"44. 14 The Arches Newport, Newport, Co. Mayo",700, Co. Mayo
"45. The Residences, Breaffy, Co. Mayo",650, Co. Mayo
"46. 8 cluain padraig, Westport, Co. Mayo",850, Co. Mayo
"47. Westport, Westport Quay, Co. Mayo",850, Co. Mayo
"48. 19 Altbawn Crescent, Kiltimagh, Co Mayo, Kiltimagh, Co. Mayo",600, Co. Mayo
"49. 103 The Docklands, Belmullet, Co. Mayo",500, Co. Mayo
"1. killegland house, Ashbourne, Co. Meath",1475, Co. Meath
"2. Whitelands, Dunboyne, Co. Meath",1000, Co. Meath
"3. Victorine Abbey, Dublin Road, Trim, Co. Meath",1200, Co. Meath
"4. The Courtyard, Dunshaughlin, Co. Meath",1300, Co. Meath
"5. Corballis Demesne, Ratoath, Co. Meath",1250, Co. Meath
"6. Knightsbrook Square, Trim, Co. Meath",1200, Co. Meath
"7. Bective Square, Kells, Co. Meath",750, Co. Meath
"8. Academy Square, Academy Street, Navan, Co. Meath",1400, Co. Meath
"9. Ledwidge Hall, Slane, Co. Meath",1300, Co. Meath
"10. Neptune Beach Apartments, Bettystown, Co. Meath",1800, Co. Meath
"11. Poolboy Quay, Navan, Co. Meath",1400, Co. Meath
"12. Garden Apartment, Cullenore, Kilcloon, Co. Meath",1250, Co. Meath
"13. moyvalley Hotel And Golf Resort, Enfield, Co. Meath",1200, Co. Meath
"14. Moyvalley Hotel and Golf Resort, Enfield, Co. Meath",1400, Co. Meath
"15. Beaufort Abbey, Navan, Co. Meath",1200, Co. Meath
"16. Main Street Enfield, Enfield, Co. Meath",950, Co. Meath
"17. Athlumney, Navan, Co. Meath",1175, Co. Meath
"18. The Steeples, Timmons Hill, Navan., Navan, Co. Meath",1050, Co. Meath
"19. Chestnut hall, johnstown, Navan, Co. Meath",1200, Co. Meath
"20. Eastham Court, Bettystown, Co. Meath",1400, Co. Meath
"21. Castlemartin, Bettystown, Co. Meath",1250, Co. Meath
"22. Hickey's Lane, Baltrasna, Co. Meath, Ashbourne, Co. Meath",1150, Co. Meath
"23. 5 The steeples, Navan, Co. Meath",1050, Co. Meath
"24. Parsonstowm, Batterstown, Co. Meath",1200, Co. Meath
"25. Tankardstown, Donaghpatrick, Co. Meath",900, Co. Meath
"26. Ludlow Street, Navan, Co. Meath",1300, Co. Meath
"27. Dunboyne Village, Dunboyne, Co. Meath",1150, Co. Meath
"28. The Square, Innwood, Enfield, Co. Meath",1600, Co. Meath
"29. Branstown, Dunshaughlin, Co. Meath",1450, Co. Meath
"30. Rural Ashbourne, 2km From Town Centre, Ashbourne, Co. Meath",1500, Co. Meath
"31. 6A Navan Gate, Trim, Co. Meath",900, Co. Meath
"32. 4 Abbey Row, Kildalkey, Co. Meath",950, Co. Meath
"33. Summerhill Village, Summerhill, Co. Meath",800, Co. Meath
"1. Apt. 3, 59 Main Street, Carrickmacross, Co. Monaghan",750, Co. Monaghan
"2. Apt. 2, 29 Main Street, Carrickmacross, Co. Monaghan",750, Co. Monaghan
"3. Monaghan Rd., Castleblayney, Co. Monaghan",440, Co. Monaghan
"4. Farney Street, Carrickmacross, Co. Monaghan",750, Co. Monaghan
"5. Ardee Road, Carrickmacross, Co. Monaghan",750, Co. Monaghan
"6. Fairways, Annahale, Castleblayney, Co. Monaghan",700, Co. Monaghan
"1. R401, Edenderry, Co. Offaly",900, Co. Offaly
"2. Library Hall, Tullamore, Co. Offaly",775, Co. Offaly
"3. Bridge Lane, Tullamore, Co. Offaly",650, Co. Offaly
"4. Main Street, Banagher, Co. Offaly",450, Co. Offaly
"5. Upper Main Street, Banagher, Co. Offaly",550, Co. Offaly
"6. Birr Town Centre, Birr, Co. Offaly",600, Co. Offaly
"7. Sharavogue Birr, Sharavogue, Co. Offaly",480, Co. Offaly
"8. Riverside, Portarlington, Co. Offaly",850, Co. Offaly
"9. Leabeg, Blueball, Tullamore, Blue Ball, Co. Offaly",480, Co. Offaly
"10. Altmore House, Tara Street, Tullamore, Co. Offaly",975, Co. Offaly
"11. Market Square, Tullamore, Co. Offaly",850, Co. Offaly
"1. Apartment No 1, Marian Court, Dublin Rd, Ballaghaderreen, Co. Roscommon",475, Co. Roscommon
"2. Hodson Bay, Athlone, Co. Roscommon",1500, Co. Roscommon
"3. Inver Geal, Carrick-on-Shannon, Co. Roscommon",650, Co. Roscommon
"4. The Oaks, Frenchpark, Co. Roscommon",450, Co. Roscommon
"5. Hawthorn Crescent, Carrick-on-Shannon, Co. Roscommon",650, Co. Roscommon
"6. Church Street, Strokestown, Co. Roscommon",650, Co. Roscommon
"7. riverwalk, Castlerea, Co. Roscommon",550, Co. Roscommon
"8. The Walk Roscommon, Roscommon Town, Co. Roscommon",480, Co. Roscommon
"1. Waterlane, Sligo, Co. Sligo",750, Co. Sligo
"2. Millbrook Apts, JFK Parade, Riverside, Sligo, Co. Sligo",800, Co. Sligo
"3. Sea Front, Rosses Point, Co. Sligo",750, Co. Sligo
"4. HIGH STREET, Sligo, Co. Sligo",550, Co. Sligo
"5. High Street, Sligo, Co. Sligo",650, Co. Sligo
"6. Humbert St, Tubbercurry, Co. Sligo",500, Co. Sligo
"7. carragubada, Carraroe, Co. Sligo",440, Co. Sligo
"8. sligo town, Sligo, Co. Sligo",750, Co. Sligo
"9. Abbeykiln House, Abbey Street, Sligo, Co. Sligo",650, Co. Sligo
"10. Milbrook Apartments, Riverside, Sligo, Co. Sligo",850, Co. Sligo
"11. Milbrook, Riverside, Sligo, Co. Sligo",750, Co. Sligo
"12. 21 MILL FALLS, Collooney, Co. Sligo",820, Co. Sligo
"13. Mill Falls, Collooney, Co. Sligo",780, Co. Sligo
"14. Edenmount Hall,Brooklawns, First Sea Road, Sligo, Co. Sligo",715, Co. Sligo
"15. Ballincourt, Ballintogher, Co. Sligo",450, Co. Sligo
"16. Church Street, Sligo, Co. Sligo",600, Co. Sligo
"17. 12 Rockwood Crescent, Tobergal Lane, Sligo, Co. Sligo",790, Co. Sligo
"18. A12, City Gate, Mail Coach Road, Sligo, Co. Sligo",600, Co. Sligo
"19. Ballisodare, Ballisodare, Co. Sligo",600, Co. Sligo
"20. Lisnarawer, Beltra, Co. Sligo",500, Co. Sligo
"21. 4 The Village Square, Collooney, Co. Sligo",600, Co. Sligo
"22. 49 the mall, Sligo, Co. Sligo",700, Co. Sligo
"23. Loughanelteen, Calry, Co. Sligo",400, Co. Sligo
"24. Rosses Point, Sligo, Co. Sligo",500, Co. Sligo
"25. Farrellmacfarrell Dromore West, Dromore West, Co. Sligo",360, Co. Sligo
"26. Tonaphubble, Sligo, Co. Sligo",555, Co. Sligo
"27. blackthorn riverstown cosligo, Sligo, Co. Sligo",650, Co. Sligo
"1. Marlfield House, Clonmel, Co. Tipperary",550, Co. Tipperary
"2. Westcourt, The Quays, Clonmel, Co. Tipperary",800, Co. Tipperary
"3. Quarry Mews Mitchel Street, Thurles, Co. Tipperary",500, Co. Tipperary
"4. Ballytohill Mullinahone Co.tippeary, Ninemilehouse, Co. Tipperary",560, Co. Tipperary
"5. 1A Silver Street, Slver Mews, Nenagh, Co. Tipperary",600, Co. Tipperary
"6. 34 Ballina Quay, Ballina, Co. Tipperary",900, Co. Tipperary
"7. Knocknagow, North Quay, Carrick-on-Suir, Co. Tipperary",700, Co. Tipperary
"8. 24 summerhill nenagh, Nenagh, Co. Tipperary",450, Co. Tipperary
"9. Abbey Street clonmel, Clonmel, Co. Tipperary",550, Co. Tipperary
"10. Old Waterford Road, Carrick Beg, Carrrick on Suir, Carrick-on-Suir, Co. Tipperary",700, Co. Tipperary
"11. Apartment, Woodlawn, Cashel, Co. Tipperary",500, Co. Tipperary
"12. Dolla, Dolla, Co. Tipperary",500, Co. Tipperary
"13. Riverside Shopping Centre, Borrisokane, Co. Tipperary",850, Co. Tipperary
"14. Riverside Shopping Centre, Borrisokane, Co. Tipperary",700, Co. Tipperary
"15. Bank Street, Templemore, Co. Tipperary",500, Co. Tipperary
"16. half mile from templemore, Templemore, Co. Tipperary",600, Co. Tipperary
"17. 42 The Chase, Knockbrit, Co. Tipperary",1000, Co. Tipperary
"18. Ladyswell st, Cashel, Co. Tipperary",750, Co. Tipperary
"19. apartment 5, wellington house, wellington street, Clonmel, Co. Tipperary",600, Co. Tipperary
"20. Pearse st, Nenagh, Co. Tipperary",480, Co. Tipperary
"21. Dominics Court, Cashel, Co. Tipperary",750, Co. Tipperary
"22. Carrig Rua, Gortandroe, Nenagh, Co. Tipperary",700, Co. Tipperary
"1. Watersgate, Billberry, Waterford, Waterford City, Co. Waterford",1100, Co. Waterford
"2. Railway Square, Castle Place, Waterford City, Co. Waterford",1100, Co. Waterford
"3. 20 Olympia Court Apartments, Parnell Street, Waterford City, Co. Waterford",750, Co. Waterford
"4. High Street, Waterford City, Co. Waterford",850, Co. Waterford
"5. Bridgeview Court, Bridge Street, Waterford City, Co. Waterford",850, Co. Waterford
"6. O\\\'Connell Street, Waterford City, Co. Waterford",650, Co. Waterford
"7. The Quay, Waterford City, Co. Waterford",825, Co. Waterford
"8. Castle Place, Railway Square, Waterford City, Co. Waterford",850, Co. Waterford
"9. Apt 3, 12 Parnell Street, Waterford City, Co. Waterford",750, Co. Waterford
"10. Circular Road, Dunmore East, Co. Waterford",650, Co. Waterford
"11. Glencove - Penthouse Apartment, Dunmore Road, Waterford City, Co. Waterford",1250, Co. Waterford
"12. Apartment 4 Congreve House Scotch Quay, Waterford City, Co. Waterford",850, Co. Waterford
"13. Mount Suir, Gracedieu, Co. Waterford",950, Co. Waterford
"14. Glencove, Dunmore Road, Waterford City, Co. Waterford",1250, Co. Waterford
"15. Apartment 3 21/22 Board Street, Waterford City, Co. Waterford",2000, Co. Waterford
"16. Apartment 1 21/22 Broad Street, Waterford City, Co. Waterford",2000, Co. Waterford
"17. Atlantic Coast Apartment, Tramore, Co. Waterford",900, Co. Waterford
"18. Aylesbury Manor, Waterford City, Co. Waterford",350, Co. Waterford
"19. De Bruin Court, Waterford City, Co. Waterford",365, Co. Waterford
"20. The Old Infirmary, Johns Hill, Waterford City, Co. Waterford",850, Co. Waterford
"21. Collins Avenue, Dunmore Road, Waterford City, Co. Waterford",1200, Co. Waterford
"22. 9 The Bridge, Bridge Street, Dungarvan, Co. Waterford",700, Co. Waterford
"23. The Glen, Gracedieu, Co. Waterford",850, Co. Waterford
"24. Church street, Ballyduff, Co. Waterford",600, Co. Waterford
"25. 7A Mahon Mills, Kilmacthomas, Co. Waterford",700, Co. Waterford
"26. The Boathouse, Scotch Quay, Waterford City, Co. Waterford",800, Co. Waterford
"27. Harbour View, Canada Street, Waterford City, Co. Waterford",800, Co. Waterford
"28. Ballybrussa, Grange, Dungarvan, Co. Waterford",550, Co. Waterford
"1. Esker Glenn, Bonavalley, Dublin Rd., Athlone, Co. Westmeath",1200, Co. Westmeath
"2. 19 Radharc An Chuain, Mullingar, Co. Westmeath",950, Co. Westmeath
"3. 22 Bastion Quay, Athlone, Co. Westmeath",1400, Co. Westmeath
"4. Jollymarnier, Athlone, Co. Westmeath",1400, Co. Westmeath
"5. Ushnagh Court, Mullingar, Co. Westmeath",675, Co. Westmeath
"6. Goldsmith Close, Athlone, Co. Westmeath",900, Co. Westmeath
"7. 22 Strandcourt Penthouse, Athlone, Co. Westmeath",1400, Co. Westmeath
"8. Apt 3 Mildstone House, Golden Island, Athlone, Co. Westmeath",950, Co. Westmeath
"9. 73 Silverquay, Northgate Street, Athlone, Co. Westmeath",1250, Co. Westmeath
"10. 49 Irishtown Central, Athlone, Co. Westmeath",1100, Co. Westmeath
"11. Ard Ri, Athlone, Co. Westmeath",1000, Co. Westmeath
"12. Shannon Weir - 2 bed, Athlone, Co. Westmeath",950, Co. Westmeath
"13. Nort Gate ST Sliver Quay, Athlone, Co. Westmeath",900, Co. Westmeath
"14. Gorteen, Mullingar, Co. Westmeath",700, Co. Westmeath
"15. Grove Street, Mullingar, Co. Westmeath",1000, Co. Westmeath
"16. Bellville Apartments, Mullingar, Co. Westmeath",825, Co. Westmeath
"17. Jolly Mariner, Coosan, Athlone, Co. Westmeath",1600, Co. Westmeath
"18. 10 Whitcroft Court, Moate, Co. Westmeath",850, Co. Westmeath
"19. 3 Galey House, Ard Ri, Athlone, Co. Westmeath",880, Co. Westmeath
"20. Rockbrook, Athlone, Co. Westmeath",800, Co. Westmeath
"21. Beechdrive, Mullingar, Co. Westmeath",600, Co. Westmeath
"22. 3A Oakcrest, Mullingar, Co. Westmeath",500, Co. Westmeath
"23. 29 Marlinstown Park, Mullingar, Co. Westmeath",895, Co. Westmeath
"24. Wellmount Student Village, Athlone, Co. Westmeath",360, Co. Westmeath
"25. ballinahowen court, Athlone, Co. Westmeath",400, Co. Westmeath
"26. Annagh, Ballykeeran, Athlone, Co. Westmeath",750, Co. Westmeath
"1. R741, Ballyedmond, Co. Wexford",540, Co. Wexford
"2. Keywest, The Quay, Wexford Town, Co. Wexford",750, Co. Wexford
"3. Keywest, The Quay, Wexford Town, Co. Wexford",850, Co. Wexford
"4. Priory Court, Spawell Road, Wexford Town, Co. Wexford",775, Co. Wexford
"5. Lr. Bride St, Wexford Town, Co. Wexford",650, Co. Wexford
"6. Pinewood, Wexford Town, Co. Wexford",700, Co. Wexford
"7. The Moorings, Rosbercon, New Ross, Co. Wexford",650, Co. Wexford
"8. Barrow Hall Mountgarrett New Ross, New Ross, Co. Wexford",1200, Co. Wexford
"9. 3 Doyles Barn, New Ross, New Ross, Co. Wexford",625, Co. Wexford
"10. Trinity Street, Wexford Town, Co. Wexford",600, Co. Wexford
"11. The Cottage , Salville House, Enniscorthy, Co. Wexford",650, Co. Wexford
"12. The Green, Clonard Village, Wexford Town, Co. Wexford",825, Co. Wexford
"13. Millers Rest, Castlebridge, Co. Wexford",552, Co. Wexford
"14. 12 Waterloo road Wexford, Wexford Town, Co. Wexford",600, Co. Wexford
"15. Hollyville Heights, Wexford Town, Co. Wexford",800, Co. Wexford
"16. Station Court, Gorey, Co. Wexford",950, Co. Wexford
"17. Tuskar House, John's Gate Sreet, Wexford Town, Co. Wexford",750, Co. Wexford
"18. The Old Schoolyard, Riverchapel, Gorey, Co. Wexford",750, Co. Wexford
"19. Alder Court, Ferns, Co. Wexford",850, Co. Wexford
"20. 38 Riverchapel View, Riverchapel, Co. Wexford",850, Co. Wexford
"21. Waterside, New Ross, Co. Wexford",700, Co. Wexford
"22. Hilltown, Killinick, Co. Wexford",750, Co. Wexford
"23. Melrose Court, Upper George's Street, Wexford Town, Co. Wexford",700, Co. Wexford
"24. Station Court The Avenue Gorey, Gorey, Co. Wexford",1000, Co. Wexford
"25. Ballyhine Lane, Barntown, Co. Wexford",800, Co. Wexford
"26. Stonebridge, Paul Quay, Wexford Town, Co. Wexford",1750, Co. Wexford
"27. Castlegardens, St Helens Village, Kilrane, Co. Wexford",750, Co. Wexford
"28. Glebe, Meelnagh, Castletalbot, Blackwater, Co. Wexford",600, Co. Wexford
"29. Quay Street, New Ross, Co. Wexford",600, Co. Wexford
"30. Quay Street, New Ross, Co. Wexford",700, Co. Wexford
"31. Quay Street, New Ross, Co. Wexford",700, Co. Wexford
"32. Quay Street, New Ross, Co. Wexford",600, Co. Wexford
"33. Quay Street, New Ross, Co. Wexford",720, Co. Wexford
"34. Quay Street, New Ross, Co. Wexford",720, Co. Wexford
"35. Avenue Grove, Gorey, Co. Wexford",1000, Co. Wexford
"36. Apt. No. 6, The Pillar, King Street, Wexford Town, Co. Wexford",780, Co. Wexford
"37. Lower George Street, Wexford Town, Co. Wexford",600, Co. Wexford
"38. Lower George's Street, Wexford Town, Co. Wexford",650, Co. Wexford
"39. 19 Castle Gardens, Kilrane, Co. Wexford",700, Co. Wexford
"40. shingaun, Mile house, Enniscorthy, Co. Wexford",600, Co. Wexford
"41. New Ross Town, New Ross, New Ross, Co. Wexford",600, Co. Wexford
"42. 1 Portsmouth House, Templeshannon, Enniscorthy, Co. Wexford",650, Co. Wexford
"1. Ballylusk, Ashford, Co. Wicklow",900, Co. Wicklow
"2. Roundwood Village, Roundwood, Co. Wicklow",1100, Co. Wicklow
"3. The Mews, Enniskerry, Co. Wicklow",1100, Co. Wicklow
"4. Quinsboro Road, Bray, Co. Wicklow",1700, Co. Wicklow
"5. Priory Court, Eden Gate, Delgany, Co. Wicklow",1200, Co. Wicklow
"6. Duncairn Terrace D, Bray, Co. Wicklow",1250, Co. Wicklow
"7. Sidbury Court, Bray, Co. Wicklow",1360, Co. Wicklow
"8. Charlesland Court, Greystones, Co. Wicklow",1650, Co. Wicklow
"9. Kilmurray South, Kilmacanogue, Co. Wicklow",1400, Co. Wicklow
"10. Charlesland Park, Greystones, Co. Wicklow",1820, Co. Wicklow
"11. Ash Mews, Sidmonton Road, Bray, Co. Wicklow",1400, Co. Wicklow
"12. Slaney Park, Baltinglass, Co. Wicklow",1000, Co. Wicklow
"13. The Mews, Roseair, Eden road, Greystones, Co. Wi, Greystones, Co. Wicklow",1750, Co. Wicklow
"14. 14 The Lodges, Rocky Valley Crescent, Kilmacanogue, Co. Wicklow",1300, Co. Wicklow
"15. Roseville Court, Bray, Co. Wicklow",1050, Co. Wicklow
"16. Mizen Court, Arklow Marina, Arklow, Co. Wicklow",1150, Co. Wicklow
"17. Rockview Park, Arklow, Co. Wicklow",1250, Co. Wicklow
"18. 15 The oakes Diamond Valley Bray, Bray, Co. Wicklow",1550, Co. Wicklow
"19. main street, Carnew, Co. Wicklow",700, Co. Wicklow
"20. 15 minute walk to dart, Greystones, Co. Wicklow",1200, Co. Wicklow
