House,Price,County
"1. Apartment 12-09, The Arc, 2K Queens Road, Belfast, Belfast City Centre, Belfast, Co. Antrim",850970, Co. Antrim
"1. Glynn, St. Mullins, Co. Carlow",700, Co. Carlow
"2. 7 Chaff Street, Graiguecullen, Carlow Town, Co. Carlow",900, Co. Carlow
"3. Potato Market, Carlow Town, Co. Carlow",700, Co. Carlow
"4. Barrow Mews, Carlow Town, Co. Carlow",750, Co. Carlow
"5. Riverdell, Haymarket, Carlow Town, Co. Carlow",900, Co. Carlow
"1. Poles, Cavan, Co. Cavan",950, Co. Cavan
"2. 13 Headford Grove, Virginia, Co. Cavan",800, Co. Cavan
"3. Catherdal Road, Cavan, Cavan, Co. Cavan",600, Co. Cavan
"4. Cluain Aoibhinn Court, Swellan, Cavan, Co. Cavan",600, Co. Cavan
"5. 2 Annalee Drive, Ballyhaise Cavan, Ballyhaise, Co. Cavan",600, Co. Cavan
"6. Russell Quay, Ballyconnell, Co. Cavan, Ballyconnell, Co. Cavan",685, Co. Cavan
"7. Apartment 25 Canal Bank Walk, Castleforde Ballycon, Ballyconnell, Co. Cavan",600, Co. Cavan
"8. Co Cavan, Lough Gowna, Co. Cavan",500, Co. Cavan
"9. Stramatt, Lisduff, Virginia, Co. Cavan",900, Co. Cavan
"10. Apartment NO 3, Gortoolan Ballyconnell Co Cavan, Ballyconnell, Co. Cavan",400, Co. Cavan
"11. Apt 5, The Elms, Woodford Meadows, Ballyconnell, Co. Cavan",550, Co. Cavan
"1. 156 Bru na Sionna, Shannon, Co. Clare",1000, Co. Clare
"2. Cuirt Na HEaglaise, Newmarket on Fergus, Co. Clare",800, Co. Clare
"3. Lahinch Road, Ennistymon, Ennistymon, Co. Clare",600, Co. Clare
"4. Salthouse Lane, Ennis, Co. Clare",800, Co. Clare
"5. Boheraroan, Newmarket on Fergus, Co. Clare",800, Co. Clare
"6. Town court, Shannon, Co. Clare",600, Co. Clare
"7. Boheroan, Newmarket on Fergus, Co. Clare",800, Co. Clare
"8. Inis Chlair, Clarecastle, Co. Clare",850, Co. Clare
"9. Merchants Quay, Kilrush, Co. Clare",700, Co. Clare
"10. Bruagh Na Habhann, Quinn road, Ennis, Co. Clare",825, Co. Clare
"11. Riverwood Retirement village, Kilrush, Co. Clare",650, Co. Clare
"12. Moore Street, Kilrush, Co. Clare",400, Co. Clare
"13. Apartment 1, Garna House Retail Centre, Sixmilebridge, Co. Clare",800, Co. Clare
"14. 3 Merchant\'s Quay, Kilrush, Co. Clare",360, Co. Clare
"1. Lower Road, Cobh, Co. Cork., Cobh, Co. Cork",1200, Co. Cork
"2. Woodville, Rochestown, Co. Cork",1200, Co. Cork
"3. The Coach House, Belvidere Farm, ballycurreen, Farmers Cross, Co. Cork",1200, Co. Cork
"4. Church St Dromcollogher, Charleville, Co. Cork",240, Co. Cork
"5. Coach House, Belvidere, Farmers Cross, Co. Cork",900, Co. Cork
"6. Harbour Row 7, Cobh, Co. Cork",700, Co. Cork
"7. 59 MacCurtain Street, Cork City, Co. Cork",3400, Co. Cork
"8. Roxboro Close, The Rock, Midleton, Co. Cork",1150, Co. Cork
"9. Kilominogue Innishannon, Kinsale, Co. Cork",650, Co. Cork
"10. 67A Main St, Kinsale, Co. Cork",1900, Co. Cork
"11. 3 Manhattan Apartments Lower O Connell St, Kinsale, Co. Cork",1200, Co. Cork
"12. Brigown, Mitchelstown, Co. Cork",625, Co. Cork
"13. Baldwin Street, Mitchelstown, Co. Cork",925, Co. Cork
"14. The Promenade, Fermoy, Co. Cork",1040, Co. Cork
"15. City Square, Watercourse Road, Blackpool, Co. Cork",1600, Co. Cork
"16. Riverside Mews, North Mall, Cork City, Co. Cork",1295, Co. Cork
"17. Norwood Close, Rochestown, Co. Cork",1200, Co. Cork
"18. The Oaks, Wentworth Gardens, Bishopstown, Co. Cork",1252, Co. Cork
"19. Liosbourne, Carrigaline, Co. Cork",775, Co. Cork
"20. An Radharc, Maryborough Ridge, Maryborough Hill, Douglas, Co. Cork",1575, Co. Cork
"21. Hazel House, Garrane Dara, Sarsfield Road, Wilton, Co. Cork",1180, Co. Cork
"22. Lee Road, Cork City, Co. Cork",1300, Co. Cork
"23. The Cloisters, Douglas, Co. Cork",1500, Co. Cork
"24. Farranlea road, Cork City, Co. Cork",2800, Co. Cork
"25. Maryborough Ridge, Douglas, Co. Cork",1620, Co. Cork
"26. Washington Street, Cork City, Co. Cork",864, Co. Cork
"27. Main St, Watergrasshill, Co. Cork",2500, Co. Cork
"28. Cork City Centre, Cork City, Co. Cork",1230, Co. Cork
"29. The Cloisters, Douglas, Co. Cork",1100, Co. Cork
"30. Alfred Street, Cork City, Co. Cork",1456, Co. Cork
"31. Cork City Centre, Cork City, Co. Cork",1903, Co. Cork
"32. 28 Lower Cork Street, Mitchelstown, Co. Cork",1000, Co. Cork
"33. Corrin Court, Cork Road, Fermoy, Co. Cork",795, Co. Cork
"34. 2 The Belfry, John O\'Connell Street, Cobh, Co. Co, Cobh, Co. Cork",1150, Co. Cork
"35. lios na greine turners cross, Cork City, Co. Cork",1100, Co. Cork
"36. ., Ballinascarty, Co. Cork",750, Co. Cork
"37. 13 Ownahincha Apartments, Ownahincha, Co. Cork",650, Co. Cork
"38. Tullyland, Bandon, Co. Cork",750, Co. Cork
"39. Apt. 1, 57 Pearse Street, Clonakilty, Co. Cork",775, Co. Cork
"40. Navillus, Togher (Cork City), Co. Cork",1200, Co. Cork
"41. Hollybrook, Orchard Road, Victoria Cross, Co. Cork",2000, Co. Cork
"42. 9 Summerstown Avenue, Glasheen, Co. Cork",1400, Co. Cork
"43. 49 Shearwater, Kinsale, Co. Cork",1750, Co. Cork
"44. 22 Granary Hall, Mount Oval Village, Rochestown, Co. Cork",1300, Co. Cork
"45. Welwyn Road, Douglas, Douglas, Co. Cork",1220, Co. Cork
"46. First Floor, 19 Military Road, St. Lukes, Co. Cork",1500, Co. Cork
"47. Ivy Court, Broomfield Village, Midleton, Co. Cork",1100, Co. Cork
"48. Barrack Street Ballyclough, Mallow, Co. Cork",650, Co. Cork
"49. 210 Pier Head. Allins Quay . Youghal. Co . Cork, Youghal, Co. Cork",750, Co. Cork
"50. 37 Downview, Faranlea Road, Cork City, Victoria Cross, Co. Cork",2600, Co. Cork
"51. Glanmire Village, Glanmire, Co. Cork",1200, Co. Cork
"52. Rutland Place, South Terrace, Cork City, Co. Cork",1400, Co. Cork
"53. Fernwood Court, Glanmire, Co. Cork",1250, Co. Cork
"54. River Wharf, Mill Road, Midleton, Co. Cork",1250, Co. Cork
"55. Conna Co Cork, Conna, Co. Cork",750, Co. Cork
"56. Black Quay, Hollyhill, Kinsale, Co. Cork",1165, Co. Cork
"57. Orchard Court, Orchard Road, Victoria Cross, Co. Cork",1400, Co. Cork
"58. Watergold, Douglas, Co. Cork",1750, Co. Cork
"59. Desmond Court, Cork Street, Kinsale, Co. Cork",850, Co. Cork
"60. 25 mill race, mill road, Midleton, Co. Cork",1050, Co. Cork
"61. The Elysian, Eglinton Street, Cork City, Co. Cork",3500, Co. Cork
"62. The Elysian, Eglinton Street, Cork City, Co. Cork",3170, Co. Cork
"63. Patrick's Hill, Cork City, Co. Cork",1352, Co. Cork
"64. No. 3 Egmont Court, Earl Street, Kanturk, Co. Cork, Kanturk, Co. Cork",700, Co. Cork
"65. Quartertown,Mallow,Co.Cork, Mallow, Co. Cork",550, Co. Cork
"66. Quay, Main st, Skibbereen, Co. Cork",775, Co. Cork
"67. North St, Skibbereen, Co. Cork",650, Co. Cork
"68. Old Quarry, Ballincollig, Co. Cork",1350, Co. Cork
"69. The Grand, Crosshaven, Co. Cork",1450, Co. Cork
"70. The Kingfisher, Jacob\'s Island, Ballinure, Co. Cork",1395, Co. Cork
"71. Lisin, Sunday's Well, Co. Cork",1735, Co. Cork
"72. 5 The Arches, Halfway Village, Ballinhassig, Co. Cork",1100, Co. Cork
"73. Cloghroe House, Ballincollig, Co. Cork",825, Co. Cork
"74. East End, Drimoleague, Co. Cork",400, Co. Cork
"75. Ballyvorisheen West, Carrignavar, Co. Cork",900, Co. Cork
"76. 3 Westside, Fairgreen, New Road, Mallow, Co. Cork",850, Co. Cork
"77. Apt, 7, West Beach, Cobh, Co. Cork",775, Co. Cork
"78. Crawford View, Emmet Place, Cork City, Co. Cork",1800, Co. Cork
"79. Summerhill South, Cork City, Co. Cork",1200, Co. Cork
"80. Apartment 3, 8 Ballymoden Place, Bandon, Co. Cork",900, Co. Cork
"81. Pier Road, Kinsale, Co. Cork",1100, Co. Cork
"82. 309 Brideholm, Commons Road, Blackpool, Co. Cork",1500, Co. Cork
"83. 14 The Lodge, The Oaks, Classes Lake, Ballincollig, Co. Cork",1200, Co. Cork
"84. The Haven, Jacobs island Cork, Mahon, Co. Cork",1600, Co. Cork
"85. 5 Newmills, Brownsmills, Kinsale, Co. Cork",1400, Co. Cork
"86. Newmills Brownsmills Kinsale, Kinsale, Co. Cork",1200, Co. Cork
"87. 2 Heron Court, Skibbereen, Co. Cork",750, Co. Cork
"88. Harbour Heights, Passage West, Co. Cork",1450, Co. Cork
"89. main street ballineen, Ballineen, Co. Cork",540, Co. Cork
"90. 3 The Malthouse, Kinsale, Co. Cork",1200, Co. Cork
"91. 3A college court Clonakilty, Clonakilty, Co. Cork",600, Co. Cork
"92. Flat, spy hill, Cobh, Co. Cork",1100, Co. Cork
"93. No. 21 Beechwood mews, Cluain ard, Cobh, Co. Cork",1200, Co. Cork
"94. Apartment 4 Bishops Island, Watergrasshill, Co. Cork",1000, Co. Cork
"95. North St., Skibbereen, Co. Cork",700, Co. Cork
"96. Mayfield Business Park, Mayfield, Co. Cork",2000, Co. Cork
"97. Midleton, Dungourney, Co. Cork",700, Co. Cork
"98. caheragh, Caheragh, , Co. Cork",650, Co. Cork
"99. North St., Skibbereen, Co. Cork",425, Co. Cork
"100. Cappyaughna, Glengarriff, Co. Cork",700, Co. Cork
"1. Main Street, Ballyshannon, Co. Donegal",520, Co. Donegal
"2. Coolboy, Letterkenny, Co. Donegal",600, Co. Donegal
"3. Apt 24 Glenveagh Court, Letterkenny, Co. Donegal",800, Co. Donegal
"4. 32 Burnside Park, Letterkenny, Co. Donegal",560, Co. Donegal
"5. 8 Court Apartment, Banks Lane, Letterkenny, Co. Donegal",900, Co. Donegal
"6. 2 Railway Court, Pearse Road, Letterkenny, Co. Donegal",650, Co. Donegal
"7. 21 Quayside Apartments, Ramelton, Co. Donegal",850, Co. Donegal
"8. 18 The Fort, Greencastle, Co. Donegal",750, Co. Donegal
"9. 31 Cill Greine, Letterkenny, Co. Donegal",650, Co. Donegal
"10. 74a Glentain Manor, Mountain Top, Letterkenny, Co. Donegal",600, Co. Donegal
"11. Apt 3 William Street, Raphoe, Co. Donegal",320, Co. Donegal
"12. Tir Chonaill Street, Ballyshannon, Co. Donegal",500, Co. Donegal
"13. riverside, Letterkenny, Co. Donegal",520, Co. Donegal
"14. 53 Riverside View Apartments, Pearse Road, Letterkenny, Co. Donegal",400, Co. Donegal
"15. Riverside View, Letterkenny, Co. Donegal",440, Co. Donegal
"16. Westside Apartments, Letterkenny, Co. Donegal",520, Co. Donegal
"17. Loughnagin Ramelton Road, Letterkenny, Co. Donegal",600, Co. Donegal
"18. Lifford Court Apartments, Lifford, Co. Donegal",440, Co. Donegal
"19. Apt 1 86 Upper Main street, Letterkenny, Co. Donegal",600, Co. Donegal
"20. 49 Grand Central Apartments, Letterkenny, Co. Donegal",650, Co. Donegal
"21. Trentaboy, Drumkeen, Co. Donegal",600, Co. Donegal
"22. 89a The Green Thornberry, Kilmacrennan Rd, Letterkenny, Co. Donegal",650, Co. Donegal
"23. The Maples, Lismonaghan, Letterkenny, Co. Donegal",565, Co. Donegal
"24. Ardmore Court, Upper Main Street, Ballyshannon, Co. Donegal",550, Co. Donegal
"25. 1 Bakers Court, Ballyshannon, Co. Donegal",550, Co. Donegal
"26. Riverfront House, Letterkenny, Co. Donegal",620, Co. Donegal
"27. 8 Grand central Apartments, Canal Road, Letterkenny, Co. Donegal",700, Co. Donegal
"28. Apt 1, Slieve League View, Carrick, Co. Donegal",450, Co. Donegal
"29. Magheraclogher, Bunbeg, Co. Donegal",460, Co. Donegal
"1. 7 Carlinn's Cove, Rostrevor, Co. Down",700799, Co. Down
"1. Number 1 Ballsbridge Shelbourne Road, Ballsbridge, Dublin 4",6000, Dublin 4
"2. Number 1 Ballsbridge Shelbourne Road, Ballsbridge, Dublin 4",5000, Dublin 4
"3. Number 1 Ballsbridge Shelbourne Road, Ballsbridge, Dublin 4",3850, Dublin 4
"4. Number 1 Ballsbridge Shelbourne Road, Ballsbridge, Dublin 4",19000, Dublin 4
"5. Number 1 Ballsbridge Shelbourne Road, Ballsbridge, Dublin 4",5500, Dublin 4
"6. 145 147 Waterfall Court, Apt 15, Waterfall Avenue, Drumcondra, Dublin 3",1911, Dublin 3
"7. Smithfield Market - 16E, Smithfield, Dublin 7",2700, Dublin 7
"8. Adelaide Square, Dublin 2",3400, Dublin 2
"9. Adelaide Square, Dublin 2",3400, Dublin 2
"10. 532 The Maple,Beacon South Quarter, Sandyford, Dublin 18",2300, Dublin 18
"11. Sweepstakes, Ballsbridge, Dublin 4",3000, Dublin 4
"12. Rockview, Blackglen Road, Sandyford, Dublin 18",2200, Dublin 18
"13. The Tower, Smithfield, Dublin 7, Dublin 7",3500, Dublin 7
"14. De Vesci Court, Monkstown, Co. Dublin",2600, Co. Dublin
"15. Northbank Apartments, Castleforbes Road, Dublin 1",2350, Dublin 1
"16. Northbank, Castleforbes Road, Dublin 1",1950, Dublin 1
"17. Vantage by Kennedy Wilson, Central Park, Leopardstown, Dublin 18",2939, Dublin 18
"18. Vantage by Kennedy Wilson, Central Park, Leopardst, Leopardstown, Dublin 18",2500, Dublin 18
"19. The Grange, Brewery Road, Stillorgan, Co. Dublin",1950, Co. Dublin
"20. Northbank Apartment, Castleforbes Road, Dublin 1",2800, Dublin 1
"21. Sir John Rogerson's Quay, Grand Canal Dock, Dublin 2",3300, Dublin 2
"22. 83 St Mary's Lane, Ballsbridge, Dublin 4",2600, Dublin 4
"23. OCallaghan Court, Grand Canal Dock, Dublin 2",2250, Dublin 2
"24. Cathedral Court, Dublin 2",3750, Dublin 2
"25. Cathedral Court, Dublin 2",2800, Dublin 2
"26. Cathedral Court, Dublin 2",2250, Dublin 2
"27. Longford House Spencer Dock, Dublin 1",2700, Dublin 1
"28. Shelbourne Road Apartments, Ballsbridge, Dublin 4",3600, Dublin 4
"29. 24-25 Pearse Square, Grand Canal Dock, Dublin 2",2600, Dublin 2
"30. North Great George Street, Dublin 1",3000, Dublin 1
"31. 53 Millrace Road, Castleknock, Dublin 15",3000, Dublin 15
"32. 45 Parnell Sq West Dublin, Dublin 1",2760, Dublin 1
"33. Greenville Court, Stradbrook Road, Blackrock, Co. Dublin",1850, Co. Dublin
"34. Mobhi Court, Corporate Letting, Short term, Drumcondra, Dublin 9",2200, Dublin 9
"35. Windmilll Lane, Dublin 2",2400, Dublin 2
"36. Baggot Court Apartments, Baggot Court, Dublin 2",3200, Dublin 2
"37. Premier Square, Finglas Road, Finglas, Dublin 11",1475, Dublin 11
"38. Ailesbury Road, Merrion, Dublin 4",10000, Dublin 4
"39. Waterloo Road, Ballsbridge, Dublin 4",1775, Dublin 4
"40. The Edges 1, Beacon South Quarter, Sandyford, Dublin 18",2200, Dublin 18
"41. Coolamber Park, Knocklyon, Dublin 16",1080, Dublin 16
"42. 170 Beechwood Court, Stillorgan, Co. Dublin",3500, Co. Dublin
"43. 82 Lower Beechwood Avenue, Ranelagh, Dublin 6",2000, Dublin 6
"44. Beechwood Avenue Lower, Ranelagh, Dublin 6",2500, Dublin 6
"45. Castlepark Road Dalkey, Co. Dublin, Dalkey, Co. Dublin",5250, Co. Dublin
"46. Lansdowne lodge, Ballsbridge, Dublin 4",2500, Dublin 4
"47. The Meadow, Robswall, Malahide, Co. Dublin",2750, Co. Dublin
"48. Apt 22 Belarmine Square, Stepaside, Dublin 18",1800, Dublin 18
"49. Acorn House, Seven Oaks, Rathmines, Dublin 6",1400, Dublin 6
"50. Alexandra Walk, Dublin 2",2920, Dublin 2
"51. Alexandra Walk, Dublin 2",3200, Dublin 2
"52. Alexandra Walk, Dublin 2",3600, Dublin 2
"53. Adelaide Square, Dublin 2",2820, Dublin 2
"54. Inglenook Wood, Carrickmines, Dublin 18",2350, Dublin 18
"55. Newtownsmith, Sandycove, Co. Dublin",2600, Co. Dublin
"56. Baggoth Rath, Newbridge Avenue, Ballsbridge, Dublin 4",4200, Dublin 4
"57. Killiney Hill Park Apartments, Killiney, Co. Dublin",1500, Co. Dublin
"58. Warrington Place, Dublin 2",3950, Dublin 2
"59. Apartment 13 ,Pavilion II, Marine Road, Dun Laoghaire, Co. Dublin",2695, Co. Dublin
"60. Apartment 134 Seamount, Blackrock, Co. Dublin",1950, Co. Dublin
"61. Sandford Lodge by Kennedy Wilson, Ranelagh, Dublin 6",2650, Dublin 6
"62. The Courtyard, Beechpark, Clonsilla, Dublin 15",1650, Dublin 15
"63. The Weir, 59 Orwell Park, Rathgar, Dublin 6",2950, Dublin 6
"64. 211 The Gates, Beacon South Quarter, Sandyford, Dublin 18",1978, Dublin 18
"65. Booterstown Wood, Booterstown Avenue, Booterstown, Co. Dublin",2541, Co. Dublin
"66. 23 Bellevue, Block B, Islandbridge, Dublin 8",1950, Dublin 8
"67. Thomastown House, Spencer Dock, Dublin 1",2200, Dublin 1
"68. Westfield, Sion Hill, Blackrock, Co. Dublin",1895, Co. Dublin
"69. Grosvenor Square, Rathmines, Dublin 6",1650, Dublin 6
"70. Kinsella Hall, Collegewood, Castleknock, Dublin 15",1800, Dublin 15
"71. Millrace Court, Phoenix Park Racecourse, Castleknock, Dublin 15",1768, Dublin 15
"72. West Court Yard, Cabinteely, Dublin 18",2500, Dublin 18
"73. Roebuck Hill, Clonskeagh, Dublin 14",2000, Dublin 14
"74. The Newman, The Court, Killiney, Killiney, Co. Dublin",3000, Co. Dublin
"75. Shrewsbury Park, Ballsbridge, Dublin 4",2600, Dublin 4
"76. East Courtyard, Tullyvale, Cabinteely, Dublin 18",3000, Dublin 18
"77. Saint Augustine Court, Christchurch, Dublin 8",1800, Dublin 8
"78. The Wintergarden, Pearse Street, Dublin 2",1750, Dublin 2
"79. Greenlea Place, Terenure, Dublin 6w",1900, Dublin 6w
"80. Hollybrook, Foxrock, Dublin 18",3500, Dublin 18
"81. Quartiere Bloom, Lower Ormond Quay, Dublin 1",2400, Dublin 1
"82. Alexandra College, Milltown, Dublin 6",750, Dublin 6
"83. Aungier St, Dublin 2",1920, Dublin 2
"84. Millrace Court, Vergemount Road, Clonskeagh, Ranelagh, Dublin 6",3600, Dublin 6
"85. 82 Trimbleston, Goatstown Rd, Dublin 14, Goatstown, Dublin 14",2200, Dublin 14
"86. Burgh House, Patrick Street, Dublin 8, Christchurch, Dublin 8",1800, Dublin 8
"87. 63 Eaglewood, Rochestown Avenue, Dun Laoghaire, Co. Dublin",1850, Co. Dublin
"88. 28 Leinster Square, Rathmines, Dublin 6",1800, Dublin 6
"89. 124 Capel st, Dublin 1",2500, Dublin 1
"90. Herbert Park Lane, Ballsbridge, Dublin 4",2500, Dublin 4
"91. The Cubes 3, Beacon South Quarter, Sandyford, Dublin 18",2300, Dublin 18
"92. dorset street, Dublin 1",2400, Dublin 1
"93. gardiner place, Dublin 1",1600, Dublin 1
"94. Greeg Court Parnell Street, Dublin 1",3000, Dublin 1
"95. Richmond Hall, Mount St Annes, Milltown, Dublin 6",2500, Dublin 6
"96. 1 The Friary Cecilia's Street, Temple Bar, Dublin 2",4000, Dublin 2
"97. 218 south circular road, South Circular Road, Dublin 8",1500, Dublin 8
"98. 37 St Anns, Ailesbury Road, Donnybrook, Dublin 4",4500, Dublin 4
"99. 24 Milltown Hall, Mt St Annes, Milltown, Dublin 6",2500, Dublin 6
"100. Bowbridge Place, Kilmainham, Dublin 8",2600, Dublin 8
"101. Patrick Street Street, Christchurch, Dublin 8",2600, Dublin 8
"102. St James Court, Mount Brown, St James Street, Kilmainham, Dublin 8",1400, Dublin 8
"103. Jervis Place Apartments, Dublin 1",2400, Dublin 1
"104. Effra Road, Ranelagh, Dublin 6",3000, Dublin 6
"105. Howth Road, Killester, Dublin 3",1500, Dublin 3
"106. Charlotte Apartments, Dun Laoghaire, Co. Dublin",2700, Co. Dublin
"107. 15 Tandy Court Spittenfield Francis Street, Dublin 8",2300, Dublin 8
"108. Apartment, Donnybrook Castle, Donnybrook, Dublin 4",3000, Dublin 4
"109. Barrow Street, Ballsbridge, Dublin 4",2200, Dublin 4
"110. Apartment 1, 1 Smithfield Terrace, Smithfield Squa, Smithfield, Dublin 7",2500, Dublin 7
"111. Parkview, Stepaside, Dublin 18",1700, Dublin 18
"112. Olcovar, Shankill, Dublin 18",1500, Dublin 18
"113. Waterville Terrace, Blanchardstown, Dublin 15",1650, Dublin 15
"114. Stockyard, The Steelwork, Foley street, IFSC, Dublin 1",1700, Dublin 1
"115. Adair, Sandymount Avenue, Sandymount, Dublin 4",2800, Dublin 4
"116. Cranmer Place, Ballsbridge, Dublin 4",1950, Dublin 4
"117. 229 Phibsborough Road, Phibsborough, Dublin 7",1650, Dublin 7
"118. The Oak, Parkview, Srepaside, Stepaside, Dublin 18",1800, Dublin 18
"119. Forbes Quay, Lazer Lane, Grand Canal Dock, Dublin 2",3000, Dublin 2
"120. Gallery Quay, Block 3, Grand Canal Dock, Dublin 2",3800, Dublin 2
"121. Gallery Quay, Block 8, Grand Canal Dock, Dublin 2",3000, Dublin 2
"122. Ardoyne House, Off Pembroke Park, Ballsbridge, Dublin 4",2500, Dublin 4
"123. Forbes Quay, Lazer Lane, Grand Canal Dock, Dublin 2",3000, Dublin 2
"124. Longboat Quay South, Grand Canal Dock, Dublin 2",1800, Dublin 2
"125. The Waterfront, Grand Canal Dock, Dublin 2",4400, Dublin 2
"126. Park House, Benson Street, Grand Canal Dock, Dublin 2",3800, Dublin 2
"127. Millennium Tower, Grand Canal Dock, Dublin 4",8000, Dublin 4
"128. 18-21 Mount Street, Lower Mount St., Dublin 2",4500, Dublin 2
"129. Gallery Quay, Block 2, Grand Canal Dock, Dublin 2",3600, Dublin 2
"130. The Westmoreland, Charlotte Quay Dock, Grand Canal Dock, Dublin 4",2100, Dublin 4
"131. Montgomery Court Foley Street, Dublin 1",2500, Dublin 1
"132. Hogan View Apartments Richmond Road, Drumcondra, Dublin 3",1500, Dublin 3
"133. Applewood Avenue East, Swords, Co. Dublin",1700, Co. Dublin
"134. Kilmainham Square, Kilmainham, Dublin 8",1415, Dublin 8
"135. Inchicore, Dublin 8",1800, Dublin 8
"136. Rathborne Court, Ashtown, Dublin 15",1900, Dublin 15
"137. Annagh Court, Blanchardstown, Dublin 15",1950, Dublin 15
"138. 192 Bachelors Walk The Lotts Dublin 1, Dublin 1",1500, Dublin 1
"139. Rathdown road, Phibsborough, Dublin 7",1300, Dublin 7
"140. The Mills Apartment Block, Old Navan Road, Castleknock, Dublin 15",1320, Dublin 15
"141. Apartment 6 26 st james walk Herberton Rialto dubl, Rialto, Dublin 8",1600, Dublin 8
"142. Block 5, Portland Lock, Portland Place, Dublin 1",2100, Dublin 1
"143. 8 Tory Square, Waterville, Blanchardstown, Dublin 15",1350, Dublin 15
"144. Gandon Close, Harold's Cross, Dublin 6",1385, Dublin 6
"145. 30 boyd house myrtle avenue baldoyle, Baldoyle, Dublin 13",2250, Dublin 13
"146. corr castle, Sutton, Dublin 13",1900, Dublin 13
"147. The Penthouses at Custom House Square, Dublin 1",3900, Dublin 1
"148. 120 The Oval, Tullyvale, Cabinteely, Dublin 18",1800, Dublin 18
"149. 607 Kilmainham Square, Kilmainham, Dublin 8",1950, Dublin 8
"150. Rathmines Town Center, Rathmines, Dublin 6",2600, Dublin 6
"151. Sorrento Heights, Sorrento Rd, Dalkey, Co. Dublin",3450, Co. Dublin
"152. Belfield Court, Donnybrook, Dublin 4",1850, Dublin 4
"153. Phibsborough Road, Phibsborough, Dublin 7",1400, Dublin 7
"154. Merrion Court, Sydney Parade Avenue, Ballsbridge, Sandymount, Dublin 4",2288, Dublin 4
"155. Custom House Square, Mayor Street Lower, IFSC, Dublin 1",2100, Dublin 1
"156. Spencer House, IFSC, Dublin 1",2200, Dublin 1
"157. Linden, 31-33 Merrion Road, Ballsbridge, Dublin 4",2794, Dublin 4
"158. Wellington, Riverpark, Islandbridge, Dublin 8",1900, Dublin 8
"159. Phoenix Apartments, Riverpark, Islandbridge, Dublin 8",1710, Dublin 8
"160. The Northumberlands, Love Lane, Mount Street Lower, Dublin 2",1565, Dublin 2
"161. Merton Hall, Mount Saint Annes, Milltown, Dublin 6",2400, Dublin 6
"162. Castledawson, Sion Hill, Rock Road, Blackrock, Co. Dublin",1750, Co. Dublin
"163. 2C Smithfield Market, Smithfield, Dublin 7",1590, Dublin 7
"164. South Circular Rd, Dublin 8",1400, Dublin 8
"165. Hanover Quay, The Waterfront, Grand Canal Dock, Dublin 2",4800, Dublin 2
"166. The Dickens, The Gasworks, Barrow Street, Grand Canal Dock, Dublin 4",3810, Dublin 4
"167. The Poolbeg, The Gasworks, Barrow Street, Grand Canal Dock, Dublin 4",3600, Dublin 4
"168. The Cedars, Herbert Park Lane, Ballsbridge, Dublin 4",3600, Dublin 4
"169. Warrington Place, Dublin 2, Ballsbridge, Dublin 4",3600, Dublin 4
"170. The Argyle, Custom House Quay, IFSC, Dublin 1",3600, Dublin 1
"171. William Bligh, The Gasworks, Barrow Street, Grand Canal Dock, Dublin 4",3400, Dublin 4
"172. The Sweepstakes, Ballsbridge, Ballsbridge, Dublin 4",3640, Dublin 4
"173. William Bligh, The Gasworks, Barrow Street, Grand Canal Dock, Dublin 4",3600, Dublin 4
"174. The Hibernian,The Gasworks, Barrow Street, Ringsend, Dublin 4",3390, Dublin 4
"175. The Pines, Herbert Park Lane, Ballsbridge, Dublin 4",2700, Dublin 4
"176. Hanover Riverside, Sir Rogerson's Quay, Dublin 2, Grand Canal Dock, Dublin 2",3810, Dublin 2
"177. Longboat Quay, Sir Rogeron\'s Quay, Grand Canal Dock, Dublin 2",4200, Dublin 2
"178. The Hibernian,The Gasworks, Barrow Street, Grand Canal Dock, Dublin 4",3600, Dublin 4
"179. The Hibernian,The Gasworks, Barrow Street, Grand Canal Dock, Dublin 4",3810, Dublin 4
"180. Upper Leeson Street, Dublin 4",3800, Dublin 4
"181. Gallery Quay, Grand Canal Quay, Grand Canal Dock, Dublin 2",4500, Dublin 2
"182. The Cedars, Herbert Park Lane, Ballsbridge, Dublin 4",3600, Dublin 4
"183. William Bligh, The Gasworks, Barrow Street, Grand Canal Dock, Dublin 4",3400, Dublin 4
"184. The Hibernian,The Gasworks, Barrow Street, Grand Canal Dock, Dublin 4",3390, Dublin 4
"185. The Alliance, The Gasworks, South Lotts Road, Ballsbridge, Dublin 4",4500, Dublin 4
"186. The Poolbeg, The Gasworks, Barrow Street, Grand Canal Dock, Dublin 4",3810, Dublin 4
"187. The Clayton, The Gasworks, Barrow Street, Ballsbridge, Dublin 4",3390, Dublin 4
"188. The Hibernian,The Gasworks, Barrow Street, Grand Canal Dock, Dublin 4",3390, Dublin 4
"189. Osborne Court, Seapoint Avenue, Blackrock, Blackrock, Co. Dublin",2206, Co. Dublin
"190. The Cedars, Herbert Park Lane, Ballsbridge, Dublin 4",3600, Dublin 4
"191. The Cedars, Herbert Park Lane, Ballsbridge, Dublin 4",3600, Dublin 4
"192. Herbert Park Lane, The Pines, Ballsbridge, Dublin 4",3600, Dublin 4
"193. Temple Bar Square, Dublin 2",2650, Dublin 2
"194. Seville Place, IFSC, Dublin 1",2200, Dublin 1
"195. Santry Cross, Ballymun, Ballymun, Dublin 11",2250, Dublin 11
"196. 58 Serpentine Avenue, Ballsbridge, Dublin 4",2250, Dublin 4
"197. Castlecurragh, Blanchardstown, Dublin 15",1150, Dublin 15
"198. Carrigmore Crescent, Citywest, Co. Dublin",1250, Co. Dublin
"199. Highfield Road, Rathgar, Rathgar, Dublin 6",2000, Dublin 6
"200. The Links, Portmarnock, Co. Dublin",1300, Co. Dublin
"201. Highfield Road, Rathgar, Rathgar, Dublin 6",2000, Dublin 6
"202. Marino Cresent, Clontarf, Dublin 3",1500, Dublin 3
"203. 150 Howth Road, Clontarf, Dublin 3",2700, Dublin 3
"204. Earl Court, Adelaide Road, Dublin 2",2000, Dublin 2
"205. Mount Saint Annes, Milltown, Dublin 6",2600, Dublin 6
"206. Milltown Hall, Milltown, Dublin 6",2392, Dublin 6
"207. Joyce Hall, Carrickmines Wood, Foxrock, Dublin 18",2800, Dublin 18
"208. Mount Saint Annes, Milltown, Dublin 6",2600, Dublin 6
"209. Milltown Hall, Milltown, Dublin 6",2600, Dublin 6
"210. Joyce Hall, Foxrock, Dublin 18",2800, Dublin 18
"211. Richmond Hall, Mount Saint Anne\'s, Milltown, Milltown, Dublin 6",1872, Dublin 6
"212. Convent Hall, Milltown, Dublin 6",1975, Dublin 6
"213. Temple Hall, Mount Saint Anne\'s, Milltown, Dublin 6",2600, Dublin 6
"214. Upper Gardiner Street, on corner of Dorset St., Dublin 1",1500, Dublin 1
"215. Newlands Manor, Clondalkin, Dublin 22",1600, Dublin 22
"216. New Bancroft, Greenhills Road, Tallaght, Dublin 24",1500, Dublin 24
"217. Madison Court, Grattan Street, Dublin 2",2600, Dublin 2
"218. El Greco, St James Court, Ballsbridge, Dublin 4",1750, Dublin 4
"219. Mobhi Court, Glasnevin, Dublin 9",2200, Dublin 9
"220. Prussia Street, Stoneybatter, Dublin 7",1500, Dublin 7
"221. Corr Castle, Howth, Dublin 13",1800, Dublin 13
"222. Pavillion, Dun Laoghaire, Co. Dublin",4200, Co. Dublin
"223. Clarinda Court, Dun Laoghaire, Co. Dublin",1700, Co. Dublin
"224. The Crescent Building, Park West, Dublin 12",1437, Dublin 12
"225. Harolds Cross Cottages, Harold's Cross, Dublin 6",1750, Dublin 6
"226. Goatstown Road, Clonskeagh, Dublin 14",1800, Dublin 14
"227. Dunstaffnage, Stillorgan, Co. Dublin",1664, Co. Dublin
"228. Belgrove Park, Clontarf, Dublin 3",1700, Dublin 3
"229. Chapelgate, St Alphonsus Road, Drumcondra, Dublin 9",2200, Dublin 9
"230. Ma Tuire, Mount Merrion, Mount Merrion, Co. Dublin",2250, Co. Dublin
"231. Cresent House, The Cresent, Clontarf, Dublin 3",1600, Dublin 3
"232. Kilmore House Drynam Hall, Kinsealy, Co. Dublin",1560, Co. Dublin
"233. 28A Bettyglen, Watermill Road, Raheny, Dublin 5",1300, Dublin 5
"234. 235 Marina Village Malahide, Malahide, Co. Dublin",1450, Co. Dublin
"235. 8 Northcliffe, Chapelizod, Dublin 20",1550, Dublin 20
"236. Bachelors Walk, Dublin 2",1500, Dublin 2
"237. (1) Elmfield, Ballyogan Road, Leopardstown, Dublin 18",1742, Dublin 18
"238. (3) Elmfield, Ballyogan Road, Leopardstown, Dublin 18",2375, Dublin 18
"239. Smithfield Towers, Smithfield Market, Smithfield, Dublin 7",3900, Dublin 7
"240. Mount Sandford, Milltown, Dublin 6",2300, Dublin 6
"241. The Watermill, Raheny, Dublin 5",1676, Dublin 5
"242. Carysfort Hall, Carysfort Road, Blackrock, Co. Dublin",2200, Co. Dublin
"243. 29 howth rd, Clontarf, Dublin 3",2800, Dublin 3
"244. Alexandra Walk, Dublin 2",3480, Dublin 2
"245. Sorrento Court, Dalkey, Co. Dublin",1935, Co. Dublin
"246. Wyckham Point, Wyckham Point, Dundrum, Dublin 14",2150, Dublin 14
"247. Herbert Park Lane, Ballsbridge, Dublin 4",2700, Dublin 4
"248. Furry Park Court, Killester, Dublin 5",2600, Dublin 5
"249. Pearse Street 107, Hanover Quay, Dublin 2",2000, Dublin 2
"250. Apt. 99 Hampton Square, Navan Road (D7), Dublin 7",1400, Dublin 7
"251. Grattan Hall, Lower Mount Street, Dublin 2",2300, Dublin 2
"252. rathfarnham castle, Rathfarnham, Dublin 14",1800, Dublin 14
"253. Stocking Wood Hall, Rathfarnham, Dublin 16",1716, Dublin 16
"254. Mountbrook, Booterstown, Co. Dublin",2300, Co. Dublin
"255. adj Terenure, Kimmage, Dublin 12",2500, Dublin 12
"256. Old County Road, Crumlin, Dublin 12",1180, Dublin 12
"257. 19 Cloragh Mills,Edmonstwon Road, Rathfarnham, Dublin 16",1650, Dublin 16
"258. Hannah Square, Lucan, Co. Dublin",1600, Co. Dublin
"259. 31 Ashurst, Mount Merrion Avenue, Blackrock, Co. Dublin",2028, Co. Dublin
"260. 5 Newmarket Square, Dublin 8",1600, Dublin 8
"261. The Schooner, Arran Quay, Dublin 7",1850, Dublin 7
"262. Hanover Dock, Grand Canal Dock, Dublin 2",3500, Dublin 2
"263. Alexandra Walk, Off South Great George's Street, Dublin 2",2600, Dublin 2
"264. The Aston Building, Aston Quay, Dublin 2",3360, Dublin 2
"265. Alto Vetro, Grand Canal Square, Dublin 2",3560, Dublin 2
"266. Grand Canal Dock, Grand Canal Square, Dublin 2",3560, Dublin 2
"267. Beacon South Quarter, Sandyford, Dublin 18",3196, Dublin 18
"268. Beacon South Quarter, Sandyford, Dublin 18",2796, Dublin 18
"269. Grand Canal Dock, Grand Canal Square, Dublin 2",3560, Dublin 2
"270. Alexandra Walk, Off South Great Georges Street, Dublin 2",3360, Dublin 2
"271. The Aston Building, Aston Quay, Dublin 2",3600, Dublin 2
"272. Alto Vetro, Grand Canal Square, Dublin 2",3560, Dublin 2
"273. Hanover Dock, Grand Canal Square, Dublin 2",4400, Dublin 2
"274. Hanover Dock, Hanover Quay, Dublin 2",3800, Dublin 2
"275. Alexandra Walk, Whitefriar Street, Dublin 8",3360, Dublin 8
"276. Shelbourne Road, Ballsbridge, Dublin 4",3880, Dublin 4
"277. Hanover Dock, Hanover Quay, Dublin 2",4400, Dublin 2
"278. Hanover Dock, Grand Canal Square, Dublin 2",3800, Dublin 2
"279. Shelbourne Road, Ballsbridge, Dublin 4",4800, Dublin 4
"280. Castleway, Off South Great George's Street, Dublin 2",3680, Dublin 2
"281. Castleway, Off South Great George's Street, Dublin 2",3360, Dublin 2
"282. Beacon South Quarter, Sandyford, Dublin 18",3196, Dublin 18
"283. Alexandra Walk, Off South Great Georges Street, Dublin 2",3360, Dublin 2
"284. Alexandra Walk, Whitefriar Street, Dublin 8",3360, Dublin 8
"285. Alto Vetro, Grand Canal Square, Dublin 2",3560, Dublin 2
"286. The Aston Building, Aston Quay, Dublin 2",3600, Dublin 2
"287. Seabury, Sandymount, Dublin 4",2250, Dublin 4
"288. The Iona, Prospect Hill, Finglas, Dublin 11",1600, Dublin 11
"289. 231 Wyckham Point, Wyckham Way, Dundrum, Dublin 16",2150, Dublin 16
"290. Lissenfield, Lower Rathmines road, Rathmines, Dublin 6",1700, Dublin 6
"291. Cremorne, Greenmount Road Terenure, Terenure, Dublin 6",1365, Dublin 6
"292. Dunluce, Anglesea Road, Ballsbridge, Dublin 4",3500, Dublin 4
"293. Francis Street, Dublin 8",2500, Dublin 8
"294. Fitzwilliam Place, Dublin 2",3000, Dublin 2
"295. New Seskin Court, Tallaght, Dublin 24",1900, Dublin 24
"296. Beacon Cubes 8, Sandyford, Dublin 18",2100, Dublin 18
"297. 6 Rosehaven, Carpenstown Road, Castleknock, Dublin 15",1350, Dublin 15
"298. One Beacon, Sandyford, Dublin 18",1950, Dublin 18
"299. Highfield Court, Highfield Road, Rathgar, Dublin 6",2200, Dublin 6
"300. Elgin House, Ballsbridge Court, Serpentine Avenue, Ballsbridge, Dublin 4",2000, Dublin 4
"301. Elgin House, Ballsbridge Court, Serpentine Avenue, Ballsbridge, Dublin 4",2000, Dublin 4
"302. Galtrim Grange, Malahide, Malahide, Co. Dublin",1900, Co. Dublin
"303. 51 Leeson Street Upper - 5, Dublin 2",1591, Dublin 2
"304. 150 Howth Road, Clontarf, Dublin 3",1600, Dublin 3
"305. Merrion Village, Ballsbridge, Dublin 4",2400, Dublin 4
"306. The Pines, Herbert Park Lane, Ballsbridge, Dublin 4",3800, Dublin 4
"307. The Pines, Herbert Park Lane Apartments, Ballsbridge, Dublin 4",2800, Dublin 4
"308. Bushy Park Apartments, Terenure, Terenure, Dublin 6w",2000, Dublin 6w
"309. Shrewsbury Park, Ballsbridge, Dublin 4",4100, Dublin 4
"310. Penthouse The Pines, Herbert Park Lane, Ballsbridge, Dublin 4",3900, Dublin 4
"311. Penthouse The Pines, Herbert Park Lane, Ballsbridge, Dublin 4",3500, Dublin 4
"312. Herbert Park Lane Apts, Ballsbridge, Dublin 4",3200, Dublin 4
"313. Westend Village, Blanchardstown, Dublin 15",1500, Dublin 15
"314. Bloomfield Park, Morehampton Road, Donnybrook, Dublin 4",2800, Dublin 4
"315. Mount Sandford Apts, Milltown Road, Milltown, Dublin 6",2700, Dublin 6
"316. Elgin Road, Ballsbridge, Dublin 4",3200, Dublin 4
"317. The Watermill, Raheny, Dublin 5",2000, Dublin 5
"318. The Lodge, Portmarnock, Co. Dublin",1300, Co. Dublin
"319. Dawson House , Patrick Street , Christchurch, Dublin 8",1600, Dublin 8
"320. The Dickens - 32, The Gasworks, Ringsend, Dublin 4",1838, Dublin 4
"321. Penthouse Residence, Intercontinental Hotel, Ballsbridge, Dublin 4",7000, Dublin 4
"322. Galloping Green, Stillorgan, Co. Dublin",2200, Co. Dublin
"323. The Hibernian, The Gasworks, Ringsend, Dublin 4",3900, Dublin 4
"324. Spencer Dock Apartments, Dublin 1",4500, Dublin 1
"325. Shrewsbury Square Penthouse, Ballsbridge, Dublin 4",4950, Dublin 4
"326. Fortfield Court, Fortfield Road, Terenure, Dublin 6w",1432, Dublin 6w
"327. Bloomfield Avenue (Ref:1003), Portobello, Dublin 8",1400, Dublin 8
"328. Shonvalley, Newcastle Road, The Grange, Lucan, Co. Dublin",1050, Co. Dublin
"329. 25 Upper Pembroke Street, Dublin 2",3500, Dublin 2
"330. 25 Upper Pembroke Street, Dublin 2",3400, Dublin 2
"331. The Distillery, Drumcondra, Dublin 3",1450, Dublin 3
"332. Blackhall Square, Smithfield, Smithfield, Dublin 7",1850, Dublin 7
"333. Roebuck Lawn, Clonskeagh, Dublin 14",1575, Dublin 14
"334. Stocking Wood Copse, Stocking Wood, Rathfarnham, Dublin 16",1437, Dublin 16
"335. Gleneagle House, Ridgewood, Swords, Co. Dublin",1600, Co. Dublin
"336. Sycamore House, Applewood Village, Swords, Co. Dublin",1350, Co. Dublin
"337. Shandon Park, Monkstown, Co. Dublin",2000, Co. Dublin
"338. Serviced Apartments in Malahide, Malahide, Co. Dublin",3360, Co. Dublin
"339. New Priory. Hole In The Wall rd, Donaghmede, Dublin 13",1664, Dublin 13
"340. Grande Central, Sandyford, Dublin 18",3220, Dublin 18
"341. Grande Central, Sandyford, Dublin 18",3220, Dublin 18
"342. Baggot Rath Penthouse Apartment, Newbridge Avenue, Ballsbridge, Dublin 4",4508, Dublin 4
"343. Baggot Rath 2BS4, Newbridge Avenue, Dublin 4",4200, Dublin 4
"344. The Forum, Sandyford, Dublin 18",3220, Dublin 18
"345. Baggot Rath 3BS5, Newbridge Avenue, Ballsbridge, Dublin 4",4620, Dublin 4
"346. Greenacre, Westmanstown, Lucan, Co. Dublin",1800, Co. Dublin
"347. Aikens Village, Sandyford, Dublin 18",2800, Dublin 18
"348. The Cubes 3 Floor 4 Beacon South Quarter, Sandyford, Dublin 18",3920, Dublin 18
"349. Galloping Green Stillorgan Co Dublin, Stillorgan, Co. Dublin",5600, Co. Dublin
"350. Ridge Hall Ballybrack, Glenageary, Co. Dublin",5600, Co. Dublin
"351. Adelphi House, Dun Laoghaire, Co. Dublin",3600, Co. Dublin
"352. Ferncourt, Stepaside, Dublin 18",3360, Dublin 18
"353. Malahide Marina, Malahide, Co. Dublin",2600, Co. Dublin
"354. The Cubes, Beacon South Quarter, Sandyford, Dublin 18",2250, Dublin 18
"355. Stocking Wood Copse, Stocking Wood, Rathfarnham, Dublin 16",1700, Dublin 16
"356. Melville Court, Finglas, Dublin 11",1800, Dublin 11
"357. 4 Cruagh Rise, Stepaside, Dublin 18",1600, Dublin 18
"358. Venetian Hall, Killester, Dublin 5",1750, Dublin 5
"359. 60 south Great Georges Street, Dublin 2",1250, Dublin 2
"360. The Richmond, North Richmond Street, Dublin 7",1716, Dublin 7
"361. Fernleigh Grange, Castleknock, Dublin 15",1400, Dublin 15
"362. Corn Exchange, Poolbeg Street, Dublin 2",2000, Dublin 2
"363. Adelaide Square, Dublin 2",3380, Dublin 2
"364. Pembroke Row, Dublin 2",3600, Dublin 2
"365. Adelaide Square, Dublin 2",3080, Dublin 2
"366. Adelaide Square, Dublin 2",3400, Dublin 2
"367. Alexandra Walk, Dublin 2",3320, Dublin 2
"368. Adelaide Square Penthouse, Dublin 2",4100, Dublin 2
"369. Adelaide Square, Dublin 2",3000, Dublin 2
"370. Alexandra Walk, Dublin 2",3400, Dublin 2
"371. Adelaide Square, Dublin 2",3000, Dublin 2
"372. Adelaide Square, Dublin 2",3996, Dublin 2
"373. Adelaide Square, Dublin 2",2720, Dublin 2
"374. Pembroke Row, Dublin 2",3080, Dublin 2
"375. Adelaide Square, Dublin 2",3200, Dublin 2
"376. Adelaide Square Penthouse, Dublin 2",4800, Dublin 2
"377. Alexandra Walk, Dublin 2",3740, Dublin 2
"378. Adelaide Square, Dublin 2",4200, Dublin 2
"379. Adelaide Square, Dublin 2",2760, Dublin 2
"380. Alexandra Walk, Dublin 2",3740, Dublin 2
"381. Adelaide Square, Dublin 2",3080, Dublin 2
"382. Adelaide Square, Dublin 2",3380, Dublin 2
"383. Alexandra Walk, Dublin 2",3600, Dublin 2
"384. Adelaide Square Penthouse, Dublin 2",4100, Dublin 2
"385. Pembroke Row, Dublin 2",3600, Dublin 2
"386. Adelaide Square, Dublin 2",2720, Dublin 2
"387. Adelaide Square, Dublin 2",2880, Dublin 2
"388. Adelaide Square Penthouse, Dublin 2",4280, Dublin 2
"389. Adelaide Square, Dublin 2",2760, Dublin 2
"390. Adelaide Square Penthouse, Dublin 2",4800, Dublin 2
"391. Adelaide Square, Dublin 2",4200, Dublin 2
"392. Adelaide Square, Dublin 2",3000, Dublin 2
"393. Mayor Street Lower, Dublin 2, Dublin 2",2400, Dublin 2
"394. Pembroke Row, Dublin 2",3080, Dublin 2
"395. Alexandra Walk, Dublin 2",3300, Dublin 2
"396. Pembroke Row, Dublin 2",3600, Dublin 2
"397. Customs House Harbour, Dublin 1",2500, Dublin 1
"398. The Oaks, Rockfield, Dundrum, Dublin 16",1900, Dublin 16
"399. Olivemount house, Olivemount road, Dundrum, Dublin 14",1200, Dublin 14
"400. Grand Canal View, Kilmainham, Dublin 8",1350, Dublin 8
"401. Gratton Wood, Clongriffin, Dublin 13",1200, Dublin 13
"402. Greenlea Place, Terenure Road West, Terenure, Dublin 6w",1450, Dublin 6w
"403. 89 Milltown Hall, Mount Saint Annes, Milltown, Dublin 6",1875, Dublin 6
"404. 27 Kingram Place, Dublin 2",1700, Dublin 2
"405. Highfield Road, Rathgar, Dublin 6",1425, Dublin 6
"406. Bushy Park House, Templeogue Road, Terenure, Dublin 6w",2600, Dublin 6w
"407. Bushy Park House, Terenure, Dublin 6w",2050, Dublin 6w
"408. 27 Cedarhurst Road, Phoenix Park Racecourse, Castleknock, Dublin 15",1800, Dublin 15
"409. Chelmsford Lane, Ranelagh, Dublin 6",2200, Dublin 6
"410. Sallymount Avenue, Ranelagh, Dublin 6",1800, Dublin 6
"411. Kavanagh Hall, Collegewood, Castleknock, Dublin 15",1700, Dublin 15
"412. Belmayne Park North, Balgriffin, Dublin 13",1365, Dublin 13
"413. Cabra Road, Cabra, Dublin 7",1400, Dublin 7
"414. Bushy Park House, Terenure, Dublin 6w",1995, Dublin 6w
"415. Herbert Park Lane, Ballsbridge, Dublin 4",2700, Dublin 4
"416. Longboat Quay, Hanover Quay, Grand Canal Dock, Dublin 2",3000, Dublin 2
"417. Windmill Lane, Dublin 2",2200, Dublin 2
"418. Leinster Road, Rathmines, Dublin 6",1100, Dublin 6
"419. Sherrard Street Lower, Dublin 1",1500, Dublin 1
"420. Garville Avenue, Rathgar, Dublin 6",2000, Dublin 6
"421. Ranelagh Village, Ranelagh, Dublin 6",3250, Dublin 6
"422. Cowper Downs, Rathmines, Dublin 6",1475, Dublin 6
"423. Rathmines Town Centre, Rathmines, Dublin 6",1520, Dublin 6
"424. Laurel, Hazeldene, Ballsbridge, Dublin 4",2500, Dublin 4
"425. The Links, Elm Park, Merrion Road, Dublin 4",2250, Dublin 4
"426. Ros Mor View, Knocklyon, Dublin 16",1800, Dublin 16
"427. 75 Duplex Shieling Square, Raheny, Dublin 5",3200, Dublin 5
"428. Shieling Square, Raheny, Dublin 5",2450, Dublin 5
"429. Crannagh Hall, Landscape Road, Churchtown, Dublin 14",1750, Dublin 14
"430. The Willow, Rockfield, Dundrum, Dublin 14",1700, Dublin 14
"431. Brighton Rd, Rathgar, Dublin 6",1510, Dublin 6
"432. Eastmoreland Court, Ballsbridge, Dublin 4",2500, Dublin 4
"433. The Pines, Herbert Park Lane, Ballsbridge, Dublin 4",2700, Dublin 4
"434. The Pines, Herbert Park Lane, Ballsbridge, Dublin 4",3500, Dublin 4
"435. The Pines, Herbert Park Lane, Ballsbridge, Dublin 4",4000, Dublin 4
"436. Forest Lawn, Kingswood, Dublin 24",1300, Dublin 24
"437. Smithfield Gate, Smithfield, Dublin 7",1500, Dublin 7
"438. Baltray House, Ridgewood Oaks, Swords, Co. Dublin",1850, Co. Dublin
"439. kenilworth road, Rathmines, Dublin 6",1900, Dublin 6
"440. The Northumberlands, Love Lane, Lower Mount Street, Dublin 2",2200, Dublin 2
"441. 59 Long Meadows, Conygham road, Islandbridge, Islandbridge, Dublin 8",2000, Dublin 8
"442. Baggotrath House, Newbridge Ave, Ballsbridge, Dublin 4",3360, Dublin 4
"443. Baggot Rath House, Newbridge Ave, Ballsbridge, Dublin 4",5460, Dublin 4
"444. Blackthorn Drive, Sandyford, Dublin 18",4760, Dublin 18
"445. Wyckham Point, Dundrum, Dublin 14",1792, Dublin 14
"446. Iveagh Court, Dublin 2",4200, Dublin 2
"447. Leeson Street, Dublin 2",4250, Dublin 2
"448. Grand Canal Square, Grand Canal Dock, Dublin 2",4250, Dublin 2
"449. Grand Canal Square, Dublin 2",3450, Dublin 2
"450. Grand Canal Quay, Grand Canal Dock, Dublin 2",4200, Dublin 2
"451. Grand Canal Dock, Dublin 2",4250, Dublin 2
"452. Iveagh Court, Dublin 2",4050, Dublin 2
"453. Grand Canal Square, Grand Canal Dock, Dublin 2",3400, Dublin 2
"454. Millennium Tower, Grand Canal Dock, Dublin 2",4000, Dublin 2
"455. Leeson Street, Dublin 2",3450, Dublin 2
"456. Grand Canal Square, Dublin 2",4250, Dublin 2
"457. Leeson Street, Dublin 2",3900, Dublin 2
"458. Leeson Street, Dublin 2",3450, Dublin 2
"459. Bridge Street, Grand Canal Dock, Dublin 4",3900, Dublin 4
"460. The Gasworks, Dublin 4",4250, Dublin 4
"461. Leeson Street, Dublin 2",4250, Dublin 2
"462. Gallery Quay, Grand Canal Dock, Dublin 2",3450, Dublin 2
"463. Leeson Street, Dublin 2",3450, Dublin 2
"464. Hanover Quay, Grand Canal Dock, Dublin 2",4250, Dublin 2
"465. Leeson Street, Dublin 2",4500, Dublin 2
"466. Grand Canal Square, Dublin 2",4250, Dublin 2
"467. Leeson Street, Dublin 2",3750, Dublin 2
"468. Grand Canal Square, Dublin 2",3450, Dublin 2
"469. Grand Canal Square, Grand Canal Dock, Dublin 2",3450, Dublin 2
"470. Lad Lane, Baggot Street, Dublin 2",4200, Dublin 2
"471. 18 Lower Baggot Street, Dublin 2",4200, Dublin 2
"472. Leeson Street, Dublin 4",3450, Dublin 4
"473. Pembroke Square, Grand Canal Dock, Dublin 4",4200, Dublin 4
"474. The Gasworks, Dublin 4",4250, Dublin 4
"475. Grand Canal Square, Dublin 2",4250, Dublin 2
"476. Grand Canal Square, Dublin 2",4200, Dublin 2
"477. The Gasworks, Dublin 4",4250, Dublin 4
"478. Millennium Tower, Grand Canal Dock, Dublin 2",4000, Dublin 2
"479. Grand Canal Dock, Dublin 2",3450, Dublin 2
"480. Lad Lane, Dublin 2",4200, Dublin 2
"481. Lower Baggot Street, Dublin 2",4200, Dublin 2
"482. Lad Lane, Baggot Street, Dublin 2",4200, Dublin 2
"483. Grand Canal Square, Grand Canal Dock, Dublin 2",3450, Dublin 2
"484. Grand Canal Square, Grand Canal Dock, Dublin 2",4250, Dublin 2
"485. Leeson Street, Dublin 2",3450, Dublin 2
"486. Burton House, Custom House Square, Mayor St. Lower, IFSC, Dublin 1",3150, Dublin 1
"487. Grand Canal Square, Grand Canal Dock, Dublin 2",4200, Dublin 2
"488. Leeson Street, Dublin 2",3450, Dublin 2
"489. Leeson Street, Dublin 2",4500, Dublin 2
"490. Leeson Street, Dublin 2",4250, Dublin 2
"491. Hanover Quay, Grand Canal Dock, Dublin 2",4350, Dublin 2
"492. Grand Canal Square, Dublin 2",4350, Dublin 2
"493. Iveagh Court, Dublin 2",4050, Dublin 2
"494. Bridge Street, Grand Canal Dock, Dublin 4",4350, Dublin 4
"495. Leeson Street, Dublin 2",4250, Dublin 2
"496. Grand Canal Square, Dublin 2",4250, Dublin 2
"497. Grand Canal Square, Grand Canal Dock, Dublin 2",4000, Dublin 2
"498. Grand Canal Square, Dublin 2",4000, Dublin 2
"499. Grand Canal Square, Grand Canal Dock, Dublin 2",4250, Dublin 2
"500. Leeson Street, Dublin 2",3900, Dublin 2
"501. Grand Canal Square, Dublin 2",4250, Dublin 2
"502. Grand Canal Square, Dublin 2",4250, Dublin 2
"503. Lad Lane, Baggot Street, Dublin 2",4200, Dublin 2
"504. Burton House, Custom House Square, Mayor St. Lower, IFSC, Dublin 1",3150, Dublin 1
"505. Leeson Street, Dublin 2",3450, Dublin 2
"506. Grand Canal Square, Dublin 2",4250, Dublin 2
"507. Elmfield Court, Ninth Lock Road, Clondalkin, Dublin 22",1950, Dublin 22
"508. The Ash, Parkview, Stepaside, Dublin 18",1550, Dublin 18
"509. Kiltipper Gate, Tallaght, Dublin 24",1800, Dublin 24
"510. Braemor Road, Churchtown, Dublin 14",2000, Dublin 14
"511. Belfield Court, Stillorgan Road, Donnybrook, Dubli, Dublin 4",2000, Dublin 4
"512. Belgrave Square East, Ranelagh, Dublin 6",2500, Dublin 6
"513. Sandyford view - beside parade of local shops, Sandyford, Dublin 18",2000, Dublin 18
"514. Greenfield Manor, beside RTE & UCD, Donnybrook, Dublin 4",2995, Dublin 4
"515. Riverbank, Churchtown, Dublin 14",2000, Dublin 14
"516. Grosvenor Square, Rathmines, Dublin 6",1400, Dublin 6
"517. Proby Square, Blackrock, Co. Dublin",2000, Co. Dublin
"518. The View, Carrickmines Manor, Carrickmines, Dublin 18",2000, Dublin 18
"519. Adelaide Road, Dublin 2",2800, Dublin 2
"520. Adelaide Road, Dublin 2",2200, Dublin 2
"521. Adelaide Road, Dublin 2",2200, Dublin 2
"522. Apartment 4, 88 Sandymount road, Sandymount, Dublin 4",3000, Dublin 4
"523. 87 The Willow, Charleville Square, Rathfarnham, Dublin 14",2000, Dublin 14
"524. Apt 43 Manor Hall, Mount Brown, Kilmainham, Dublin 8",1750, Dublin 8
"525. Lanesborough Mews, Finglas, Dublin 11",1300, Dublin 11
"526. Raleigh Square, Crumlin, Dublin 12",1400, Dublin 12
"527. Rivervale, Ashtown, Dublin 15",1700, Dublin 15
"528. Cedarbrook Avenue, Park West, Dublin 12",1875, Dublin 12
"529. Whatley Hall, Archers Wood, Clonee, Dublin 15",1600, Dublin 15
"530. Lanesborough Square, Finglas, Dublin 11",1800, Dublin 11
"531. Bantry Square, Waterville, Blanchardstown, Dublin 15",1700, Dublin 15
"532. Kilmore house, Spencer Dock, Dublin 1",2600, Dublin 1
"533. Kilmore house, Spencer Dock, Dublin 1",2500, Dublin 1
"534. Woodbrook, Castleknock, Dublin 15",1700, Dublin 15
"535. Hunters Run, Clonee, Dublin 15",1000, Dublin 15
"536. The Hardwicke, Smithfield, Dublin 7",1500, Dublin 7
"537. Stewart Hall, Parnell Street, Dublin 1",2000, Dublin 1
"538. Hansted, Lucan, Co. Dublin",1850, Co. Dublin
"539. Townsend Street, Dublin 2",2100, Dublin 2
"540. Cedarbrook Avenue, Cherry Orchard, Dublin 10",1650, Dublin 10
"541. Lanesborough Square, Finglas, Dublin 11",1550, Dublin 11
"542. The Chandler, Arran Quay, Dublin 7",1500, Dublin 7
"543. Kings Court, Parnell Street, Dublin 1",1500, Dublin 1
"544. Greenbank House, Upper Glengeary Road, Dun Laoghaire, Co. Dublin",1800, Co. Dublin
"545. Gandon Hall, Gardiner Street, Dublin 1",1650, Dublin 1
"546. Saunders House, Spencer Dock, Dublin 1",3000, Dublin 1
"547. Rathborne Court, Ashtown, Dublin 15",2950, Dublin 15
"548. Custom Hall, Gardiner Street, Dublin 1",2000, Dublin 1
"549. Penthouse,Rivervale, Ashtown, Dublin 15",3100, Dublin 15
"550. Frascati Hall, Sweetmans Avenue, Blackrock, Co. Dublin",1950, Co. Dublin
"551. Jervis Street, Dublin 1",2300, Dublin 1
"552. Lansdowne Hall, Naas Road, Bluebell, Dublin 12",1850, Dublin 12
"553. Hatch place, Dublin 2",1800, Dublin 2
"554. College House, Taylors Hill, Rathfarnham, Dublin 16",1700, Dublin 16
"555. The Sweepstakes, Ballsbridge Park, Merrion Road, Ballsbridge, Dublin 4",1985, Dublin 4
"556. Summer Street North, Dublin 1",1300, Dublin 1
"557. Carmanhall Court, Burton Hall Road, Sandyford, Dublin 18",1950, Dublin 18
"558. Sorrento Road Dalkey, Dalkey, Co. Dublin",1595, Co. Dublin
"559. 87 Old Kilmainham Village, Kilmainham, Dublin 8",1600, Dublin 8
"560. 28 Mountfield Park, Malahide, Co. Dublin",2000, Co. Dublin
"561. Fishermans Green, Malahide, Co. Dublin",1985, Co. Dublin
"562. Swords Road, Malahide, Co Dublin, Malahide, Co. Dublin",1800, Co. Dublin
"563. 30 Dorset Street, Dublin 1",2400, Dublin 1
"564. Chancery Court, Chancery Lane, Dublin 2",2250, Dublin 2
"565. 5 Dunville Court, Rathmines, Dublin 6",1600, Dublin 6
"566. Highfield Park, Dundrum, Dublin 14",4500, Dublin 14
"567. Raglan Hall, Clyde Road, Ballsbridge, Dublin 4",3600, Dublin 4
"568. 44 Millrace Road, Castleknock, Dublin 15",1825, Dublin 15
"569. Cowper Road, Rathmines, Dublin 6",1250, Dublin 6
"570. The Waterfront, Hanover Quay, Hanover Quay, Dublin 2",3000, Dublin 2
"571. Windmill Lane Apartments, Dublin 2",2000, Dublin 2
"572. Dargle Wood, Knocklyon, Dublin 16",1350, Dublin 16
"573. Distillery Row, Drumcondra, Dublin 3",1700, Dublin 3
"574. Castlegrange Court, Clonsilla, Dublin 15",2200, Dublin 15
"575. 20 Castlegrange Court, Clonsilla, Dublin 15",1800, Dublin 15
"576. Blackhall Square, Smithfield, Dublin 7",2000, Dublin 7
"577. Adelaide Square, White Friars, Dublin 2",2300, Dublin 2
"578. 34 The Sycamores, Stradbrook Hill, Blackrock, Co. Dublin",1500, Co. Dublin
"579. Alexandra Place, East Road, East Wall, Dublin 3",2600, Dublin 3
"580. Alexandra Place, East Road, Dublin 1",2600, Dublin 1
"581. Ballsbridge Gardens, Ballsbridge, Dublin 4",2295, Dublin 4
"582. Bissett's Loft, Strand Street, Malahide, Co. Dublin",2700, Co. Dublin
"583. Merrion court ,Ailesbury Road Ballsbridge, Ballsbridge, Dublin 4",2350, Dublin 4
"584. Castleland Court, Balbriggan, Balbriggan, Co. Dublin",1200, Co. Dublin
"585. Bushy Park House, Terenure, Dublin 6",1900, Dublin 6
"586. Stanford, Harlech Grove, Clonskeagh, Dublin 14",2700, Dublin 14
"587. Clontarf Road, Clontarf, Dublin 3",4600, Dublin 3
"588. The Oaks Rockfield Apartments, Dundrum, Dublin 14",3500, Dublin 14
"589. Baileys court, Baileys Row, Dublin 1",2000, Dublin 1
"590. 86 Grand Canal Square, Grand Canal, Dublin 2",3045, Dublin 2
"591. Hansfield Wood, Clonsilla, Clonsilla, Dublin 15",1800, Dublin 15
"592. 30 The Marker residence, Grand Canal Dock, Dublin 2",3535, Dublin 2
"593. bakers yard, North portland street, Dublin 1",2000, Dublin 1
"594. Lansdowne Gate, Drimnagh, Dublin 12",1525, Dublin 12
"595. Charlestown Place, Finglas, Dublin 11",1540, Dublin 11
"596. 71 the marker residence, Grand Canal Dock, Dublin 2",3055, Dublin 2
"597. Hendrick Street, Smithfield, Dublin 1",1400, Dublin 1
"598. Cardy Rock View, Balbriggan, Co. Dublin",1400, Co. Dublin
"599. Malahide Marina Village, Malahide, Co. Dublin",1800, Co. Dublin
"600. Eustace Court, Cualanor, Dun Laoghaire, Co. Dublin",2050, Co. Dublin
"601. Jervis Park Apartments, Jervis Street, Dublin 1",2259, Dublin 1
"602. Apt 1, Woodlawn Avenue, Santry, Santry, Dublin 9",1400, Dublin 9
"603. Granitfield Manor, Rochestown Avenue, Dun Laoghaire, Co. Dublin",1800, Co. Dublin
"604. Apt 2,Woodlawn, Santry, Santry, Dublin 9",1700, Dublin 9
"605. School House Court, Santry, Dublin 9",675, Dublin 9
"606. Northwood, Santry, Dublin 9",900, Dublin 9
"607. Hanover Quarter, Hanover Quay, off Asgard Road, Grand Canal Dock, Dublin 2",3500, Dublin 2
"608. Apartment 3, 540 North Circular Road, North Circular Road, Dublin 1",1800, Dublin 1
"609. Garryknock, Bracken Park, Castleknock, Dublin 15",1985, Dublin 15
"610. Collins Square, Benburb Street, Dublin 7",2100, Dublin 7
"611. Landscape Court, Landscape Road, Churchtown, Dublin 14",1750, Dublin 14
"612. Castle Lawn, Kilgobbin Wood, Leopardstown, Dublin 18",2290, Dublin 18
"613. Corn Exchange, Burgh Quay, Dublin 2",3000, Dublin 2
"614. 2 Kilininny Court, Firhouse, Dublin 24",1650, Dublin 24
"615. Landscape Court, Landscape Road, Churchtown, Dublin 14",1750, Dublin 14
"616. 17 Castle Lawns Kilgobbin Wood, Sandyford, Dublin 18",2290, Dublin 18
"617. 5 The Willows, Rock Road, Blackrock, Co. Dublin",2000, Co. Dublin
"618. Riverbank Hall, Addison Park, Glasnevin, Dublin 11",1700, Dublin 11
"619. Kings Court, Parnell Street, Dublin 1",1950, Dublin 1
"620. The Distillery, Distillery Road, Drumcondra, Dublin 3",1750, Dublin 3
"621. Riverstown House, Spencer Dock, IFSC, Dublin 1",2200, Dublin 1
"622. Bellevue, Islandbridge, Dublin 8",1400, Dublin 8
"623. Achill House, Custom House Square, IFSC, Dublin 1",1850, Dublin 1
"624. Shelbourne Hall, Shelbourne Road, Ballsbridge, Dublin 4",3450, Dublin 4
"625. Shelbourne Hall, Ballsbridge, Dublin 4",2300, Dublin 4
"626. Shelbourne Court, Ballsbridge, Dublin 4",3200, Dublin 4
"627. Shelbourne Road Apartments, Ballsbridge, Dublin 4",2500, Dublin 4
"628. Shelbourne Road Apartments, Shelbourne Road, Ballsbridge, Dublin 4",4450, Dublin 4
"629. The Island Chapelizod, Chapelizod, Dublin 20",1750, Dublin 20
"630. Robin Hill Sandyford Road, Dundrum, Dublin 16",2200, Dublin 16
"631. Robin Hill Sandyford Road, Sandyford, Dublin 18",2200, Dublin 18
"632. Brook House, Corrig Avenue, Dun Laoghaire, Co. Dublin",2700, Co. Dublin
"633. Frankfort Avenue, Rathgar, Dublin 6",1995, Dublin 6
"634. Cubes 6, Beacon South Quarter, Sandyford, Sandyford, Dublin 18",2000, Dublin 18
"635. Castlepark Residence, Dalkey, Co. Dublin",1700, Co. Dublin
"636. Cubes 2, Beacon South Quarter, Sandyford, Dublin 18",1650, Dublin 18
"637. Drummartin Road, Goatstown, Dublin 14",1750, Dublin 14
"638. Rowan Hall, Millbrook Court, Milltown, Dublin 6",2900, Dublin 6
"639. Skyview, Sorrento Road, Dalkey, Co. Dublin",3000, Co. Dublin
"640. Robin Hill Sandyford Road Sandyford, Sandyford, Dublin 18",2800, Dublin 18
"641. The Elms, Abberley, Shanganagh Road, Killiney, Co. Dublin",2000, Co. Dublin
"642. The Rectory, Stepaside, Dublin 18",1850, Dublin 18
"643. Courtney House Appian Way, Dublin 4",1700, Dublin 4
"644. Clanwilliam court, Grand Canal Dock, Dublin 2",2400, Dublin 2
"645. Castlecourt Apartments, Kilgobbin Woods, Sandyford, Sandyford, Dublin 18",1755, Dublin 18
"646. Philipsburg Avenue, Fairview, Dublin 3",1650, Dublin 3
"647. Farmhill Road, Clonskeagh, Dublin 14",1800, Dublin 14
"648. 109 Townsend Street, Dublin 2",2000, Dublin 2
"649. Christchurch View, Christchurch, Dublin 8",2200, Dublin 8
"650. Ardoyne House, Pembroke Park, Ballsbridge, Dublin 4",3100, Dublin 4
"651. Leeson Street Upper, Dublin 4",2400, Dublin 4
"652. Mount Merrion Avenue, Blackrock, Blackrock, Co. Dublin",1900, Co. Dublin
"653. IFSC, The Steelworks, Foley Street, Dublin 1",2500, Dublin 1
"654. Liffey View, Dublin 2",3000, Dublin 2
"655. Cubes 6, Beacon South Quarter, Sandyford, Dublin 18",2400, Dublin 18
"656. Cubes 6, Beacon South Quarter, Sandyford, Dublin 18",2000, Dublin 18
"657. One Beacon, Beacon Hotel, Sandyford, Dublin 18",2500, Dublin 18
"658. One Beacon, Beacon Hotel, Sandyford, Dublin 18",2500, Dublin 18
"659. Roebuck Hill, Clonskeagh, Dublin 14",2500, Dublin 14
"660. Batchelors Walk Apartments, Dublin 2",2500, Dublin 2
"661. Killiney Court Apartments, Killiney, Co. Dublin",3500, Co. Dublin
"662. Shandon Hall, Blackrock, Co. Dublin",2000, Co. Dublin
"663. Killiney Court Apartments, Station Road, Killiney, Co. Dublin",3500, Co. Dublin
"664. Cairnbrook Manor, Carrickmines, Dublin 18",2500, Dublin 18
"665. Killiney Court, Killiney Bay, Killiney, Co. Dublin",3500, Co. Dublin
"666. 64 Corr Castle, Howth Road, Howth, Dublin 13",2000, Dublin 13
"667. Avoca Hall, Blackrock, Co. Dublin",1900, Co. Dublin
"668. Old Quay Terrace, Strand Road, Sutton, Dublin 13",1853, Dublin 13
"669. Achill Square, Waterville, Blanchardstown, Dublin 15",1700, Dublin 15
"670. Francis Street, Christchurch, Dublin 8",2200, Dublin 8
"671. Esker Manor, Lucan, Co. Dublin",1460, Co. Dublin
"672. Clifden Court, Ellis Quay, Smithfield, Dublin 7",1498, Dublin 7
"673. 149 Rathgar road, Rathmines Dublin 6, Rathmines, Dublin 6",1585, Dublin 6
"674. Hamilton Court, (Rear of 77 Ailesbury Road), Nutle, Dublin 4",1650, Dublin 4
"675. 15 Upper Mount Pleasant Avenue, Rathmines, Dublin 6",1600, Dublin 6
"676. Gracepark Manor, Drumcondra, Dublin 9",1800, Dublin 9
"677. Finglas Road, Finglas, Dublin 11",1304, Dublin 11
"678. Cedar Hall Milltown Road, Milltown, Dublin 6",2250, Dublin 6
"679. Meadow Grove, Churchtown, Dublin 14",1400, Dublin 14
"680. Orwell Place, Marianella, Rathgar, Dublin 6",2200, Dublin 6
"681. Marlborough Court, Marlborough Street, Dublin 1",1600, Dublin 1
"682. Malin Hall, Waterville, Blanchardstown, Dublin 15",1352, Dublin 15
"683. 13 Adelaide Road, Dublin 2",3200, Dublin 2
"684. Belfield Court, Donnybrook, Dublin 4",1975, Dublin 4
"685. Apt 3 Bellsfield Court, Balbriggan, Co. Dublin K32, Balbriggan, Co. Dublin",1000, Co. Dublin
"686. GEORGES QUAY, Dublin 2",2200, Dublin 2
"687. Elm Court Merrion Road Ballsbridge, Dublin 4",1950, Dublin 4
"688. The Lansdowne Block, Pembroke Square, Grand Canal Dock, Dublin 4",2000, Dublin 4
"689. Milners Square, Santry, Dublin 9",1700, Dublin 9
"690. 1 Bedroom Apartment, Island Key, East Wall, Dublin 3",1500, Dublin 3
"691. Hanover Quay, Grand Canal Dock, Dublin 2",3000, Dublin 2
"692. Collins Square, Benburb Street, Smithfield, Dublin 7",2100, Dublin 7
"693. Block 9 , Allendale Square, Clonsilla, Dublin 15",1519, Dublin 15
"694. Terenure road east, Rathgar, Dublin 6",1750, Dublin 6
"695. leeson street lower, Dublin 2",2100, Dublin 2
"696. The Innings, Rathmines, Dublin 6",1850, Dublin 6
"697. Bloomfield park, Donnybrook, Dublin 4",2600, Dublin 4
"698. Georges Street Lower, Dun Laoghaire, Co. Dublin",2000, Co. Dublin
"699. Meath St, Dublin 8",1500, Dublin 8
"700. Knockmaree, Chapelizod, Dublin 20",1950, Dublin 20
"701. Palace Gardens, Exchange Court, Dame St, Dublin 2",2000, Dublin 2
"702. The Edges 1, Beacon South Quater, Sandyford, Dublin 18",2200, Dublin 18
"703. Wyckham Place, Dundrum Dublin 14, Dundrum, Dublin 14",2400, Dublin 14
"704. 19 Ashleigh Court, Casleknock, Dublin 15, Castleknock, Dublin 15",1800, Dublin 15
"705. 2 The Spinnaker, Alverno, Castle Avenue, Clontarf, Clontarf, Dublin 3",1800, Dublin 3
"706. 19 Frankfort Court, Rathgar, Dublin 6",1450, Dublin 6
"707. Kavanagh Hall, Castleknock, Dublin 15",1800, Dublin 15
"708. Rathgar, Rathgar, Dublin 6",1650, Dublin 6
"709. Richmond Avenue, Fairview, Dublin 3",1600, Dublin 3
"710. Mayor Street, Dublin 1",1080, Dublin 1
"711. Mayor Street, Dublin 1",960, Dublin 1
"712. 181 Bellevue, Islandbridge, Dublin 8",2000, Dublin 8
"713. 46 saint Lawrence Road, Clontarf, Dublin 3",1400, Dublin 3
"714. Saddlers Place, Ardee Road, Rathmines, Dublin 6",1700, Dublin 6
"715. Rathmines Road Upper, Rathmines, Dublin 6",1700, Dublin 6
"716. Shrewsbury Wood, Cabinteely, Dublin 18",1166, Dublin 18
"717. Clancy Quay Phase Two by Kennedy Wilson, Dublin 8",2200, Dublin 8
"718. The Grange, Brewery Road, Stillorgan, Co. Dublin",2400, Co. Dublin
"719. Clancy Quay, Phase Two by Kennedy Wilson, Islandbridge, Dublin 8",2650, Dublin 8
"720. Clancy Quay Phase Two by Kennedy Wilson, Dublin 8",2000, Dublin 8
"721. Clancy Quay by Kennedy Wilson, Islandbridge, Dublin 8",2800, Dublin 8
"722. Clancy Quay Phase Two by Kennedy Wilson, Dublin 8",2200, Dublin 8
"723. Clancy Quay, Phase Two by Kennedy Wilson, Islandbridge, Dublin 8",2650, Dublin 8
"724. The Grange, Brewery Road, Stillorgan, Co. Dublin",2400, Co. Dublin
"725. The Grange, Brewery Road, Stillorgan, Co. Dublin",2100, Co. Dublin
"726. Emmet Road, Kilmainham, Dublin 8",1800, Dublin 8
"727. Brewers Gate, Newport Street, Dublin 8",1900, Dublin 8
"728. 1 Rockview, Sandyford, Dublin 18",1700, Dublin 18
"729. No.20 Bremore Pastures Way, Balbriggan, Co. Dublin, Balbriggan, Co. Dublin",1400, Co. Dublin
"730. Ely Woods,Ballyboden Road, Rathfarnham, Dublin 16, Rathfarnham, Dublin 16",2100, Dublin 16
"731. Irwin Street, Kilmainham, Dublin 8",1580, Dublin 8
"732. Neptune House, Bellevue, Islandbridge, Dublin 8",1508, Dublin 8
"733. The Rectory, Stepaside, Dublin 18",1800, Dublin 18
"734. Malahide Marina Village, Malahide, Co. Dublin",1500, Co. Dublin
"735. Bracken Hill, Blackglen Road, Simon's Ridge, Sandyford, Dublin 18",1595, Dublin 18
"736. Frederick Street North, Dublin 1",1400, Dublin 1
"737. Frederick Street North, Dublin 1",2400, Dublin 1
"738. Brackenwood, Balbriggan, Co. Dublin",1500, Co. Dublin
"739. Smithfield market, Smithfield, Dublin 7",2600, Dublin 7
"740. Smithfield Market, Smithfield, Dublin 7",2400, Dublin 7
"741. Pembroke Square, Grand Canal Street Upper, Grand C, Ballsbridge, Dublin 4",3300, Dublin 4
"742. Carrickmines, Carrickmines, Dublin 18",1850, Dublin 18
"743. 25 Saddlers Court, Rathmines, Dublin 6",1400, Dublin 6
"744. The Oval, Tullyvale, Cabinteely, Dublin 18",1400, Dublin 18
"745. Grand Central, Rockbrook, Sandyford, Dublin 18",1455, Dublin 18
"746. Apt. 2, 191 Clonliffe Road, Drumcondra, Dublin 3",1500, Dublin 3
"747. Stationcourt View, Coolmine, Coolmine, Dublin 15",1800, Dublin 15
"748. St Andrews Court, Lucan, Co. Dublin",1300, Co. Dublin
"749. Cedarbrook Walk, Cherry Orchard, Dublin 10",1400, Dublin 10
"750. 18 Old Connaught House, Rathmichael, Co. Dublin",1600, Co. Dublin
"751. 208 The links, Elm Park, Merrion, Dublin 4",2300, Dublin 4
"752. Rockview, Simonsridge, Sandyford, Dublin 18",1800, Dublin 18
"753. Belgrove Park, Clontarf, Dublin 3",1800, Dublin 3
"754. 136 Temple Gardens, Santry, Dublin 9",3000, Dublin 9
"755. The Wood, Clon Brugh, Aiken\'s Village, Sandyford, Dublin 18",1600, Dublin 18
"756. 29 St Laurences Glen, St Laurences Road, Chapelizo, Chapelizod, Dublin 20",1768, Dublin 20
"757. Beacon South Quarter, Sandyford, Dublin 18",2500, Dublin 18
"758. South Circular Road, Dublin 8",1900, Dublin 8
"759. Esker manor, Lucan, Co. Dublin",1800, Co. Dublin
"760. Apt. 28 Hanover Riverside, Sir John Rogerson\'s Qu, Dublin 2",3250, Dublin 2
"761. 340 Castleforbes Square, Dublin 1",2300, Dublin 1
"762. Hazelwood Court, Artane, Dublin 5",2100, Dublin 5
"763. Alen Hall, Belgard square west, tallaght, Tallaght, Dublin 24",1226, Dublin 24
"764. The Island, Chapelizod, Dublin 20",1768, Dublin 20
"765. Mayor Street Lower, IFSC, Dublin 1",3500, Dublin 1
"766. Clarion Quay, IFSC, Dublin 1",3360, Dublin 1
"767. Cabra Park, Dublin 7",2380, Dublin 7
"768. Benson Street, Grand Canal Dock, Dublin 2",3150, Dublin 2
"769. Parnell Street, Dublin 1",3900, Dublin 1
"770. Tara Street, Dublin 2",3080, Dublin 2
"771. Grand Canal Waterside Apartments, Grand Canal Dock, Dublin 2",5180, Dublin 2
"772. Charlotte Quay, Grand Canal Dock, Dublin 2",3100, Dublin 2
"773. Hanover Quay, Grand Canal Dock, Dublin 2",3560, Dublin 2
"774. Northumberland, Ballsbridge, Dublin 4",2940, Dublin 4
"775. Windmill Lane, Dublin 2",3150, Dublin 2
"776. Grafton Street, Dublin 2",3960, Dublin 2
"777. Auburn Park, Castleknock, Dublin 15",2940, Dublin 15
"778. Burlington Road, Ballsbridge, Dublin 4",3000, Dublin 4
"779. Townsend Street, Dublin 2",3300, Dublin 2
"780. Parnell Street, Dublin 1",2550, Dublin 1
"781. Parnell Street, Dublin 1",3490, Dublin 1
"782. College Gate, Dublin 2",3350, Dublin 2
"783. Apt. 508 South Dock Quarter, Ringsend Road, Grand Canal Dock, Dublin 4",2635, Dublin 4
"784. Hazelgrove Court, Tallaght, Dublin 24",1664, Dublin 24
"785. Charles Street Great, Dublin 1",1500, Dublin 1
"786. (1) Tallaght Cross East, Tallaght, Dublin 24",1350, Dublin 24
"787. The Ramparts, Victoria Road, Rathgar, Dublin 6",1800, Dublin 6
"788. Apt 19, Booterstown Hall, Booterstown Avenue, Booterstown, Co. Dublin",1900, Co. Dublin
"789. Carmanhall Court, Burton Hall Road, Sandyford, Dublin 18",2100, Dublin 18
"790. 214 The Distillery, Distillery Road, Fairview, Dublin 3",1950, Dublin 3
"791. 8 Lynton Court, Ballsbridge, Dublin 4",3640, Dublin 4
"792. 28 Crane Yard, Crane Lane, Temple Bar, Dublin 2",1850, Dublin 2
"793. River Gardens Glasnevin, Glasnevin, Dublin 9",1500, Dublin 9
"794. Portland Street North, Dublin 1",1400, Dublin 1
"795. Millrace Drive Saggart, Saggart, Co. Dublin",1700, Co. Dublin
"796. Woodleigh Ash, Rathgar, Dublin 6",1850, Dublin 6
"797. Tara Street, Dublin 2",1500, Dublin 2
"798. Pembroke Road, Dublin 2",2500, Dublin 2
"799. Pembroke Road, Ballsbridge, Dublin 4",2500, Dublin 4
"800. Boyne House, Custom House Square, IFSC, Dublin 1",1950, Dublin 1
"801. Phibblestown House, Clonee, Dublin 15",1800, Dublin 15
"802. Canon Hall, Dublin 1",2200, Dublin 1
"803. Willbrook House, Northbrook Ave, Ranelagh, Dublin 6",1800, Dublin 6
"804. Ashwood house, mount street, Dublin 2, Grand Canal Dock, Dublin 2",2600, Dublin 2
"805. 20, The Hibernian, Barrow Street, Dublin 4",2700, Dublin 4
"806. Barnwall Court, Balbriggan, Co. Dublin",1450, Co. Dublin
"807. Richmond Street South, Portobello, Dublin 8",1600, Dublin 8
"808. Clanwilliam Court, Grand Canal Dock, Dublin 2",2200, Dublin 2
"809. The Crescent Building, Park West, Dublin 12",1800, Dublin 12
"810. Castle Street, Dublin 2",1950, Dublin 2
"811. 36 Thornwood Booterstown, Blackrock, Co. Dublin",2500, Co. Dublin
"812. Nerano Road, Dalkey, Co. Dublin",1750, Co. Dublin
"813. 2 Grove House, Grove Road, Rathmines, Dublin 6",2300, Dublin 6
"814. 25 wolfetone street dublin 1, Dublin 1",1650, Dublin 1
"815. The Hampton's, Santry Cross, Santry, Dublin 9",1664, Dublin 9
"816. Mayeston Court, St Margarets Road, Finglas, Dublin 11",1950, Dublin 11
"817. Merrion Street, Dublin 2",8850, Dublin 2
"818. Merrion Street, Dublin 2",5750, Dublin 2
"819. 12 Joyce Hall, Carrickmines Avenue, Carrickmines W, Foxrock, Dublin 18",3900, Dublin 18
"820. 20 Belfield Park, Stillorgan, Co. Dublin",2100, Co. Dublin
"821. Church Road, Ballybrack, Killiney, Co. Dublin",1250, Co. Dublin
"822. Christchurch, Christchurch, Dublin 8",2000, Dublin 8
"823. Christchurch Place, Christchurch, Dublin 8",1700, Dublin 8
"824. Unit 8, 238 North Circular Road, Phibsboro, Phibsborough, Dublin 7",1275, Dublin 7
"825. The Concert Building, Parkwest Pointe, Park West, Dublin 12",1750, Dublin 12
"826. Fitzwilliam Quay, Ringsend, Dublin 4",2000, Dublin 4
"827. 8 Clareville House, Harolds Cross Road, Harold's Cross, Dublin 6w",1600, Dublin 6w
"828. Oak House, Seven Oaks, Sarsfield Road, Ballyfermot, Dublin 10",3200, Dublin 10
"829. Ha\'Penny Bridge House, Ormond Quay, Dublin 1, Dublin 1",2200, Dublin 1
"830. Ranelagh, Ranelagh, Dublin 6",1166, Dublin 6
"831. The courtyard clonsilla, Clonsilla, Dublin 15",1650, Dublin 15
"832. Blackhall Square, Smithfield, Dublin 1",1750, Dublin 1
"833. Oak House, Red Arches Drive, The Coast, Baldoyle, Dublin 13",1600, Dublin 13
"834. 6 Mountjoy Square, Dublin 1",2000, Dublin 1
"835. 82 lower camden street, Dublin 2",2000, Dublin 2
"836. Beacon South Quarter, Sandyford, Dublin 18",1790, Dublin 18
"837. Old County Road, Crumlin, Dublin 12",1800, Dublin 12
"838. 52 Terenure road east, Rathgar, Dublin 6",2400, Dublin 6
"839. dame street, Dublin 2",2300, Dublin 2
"840. rathgar road, Rathgar, Dublin 6",2000, Dublin 6
"841. 15 Sheas Court, Manor St, Dublin 7, Stoneybatter, Dublin 7",1400, Dublin 7
"842. Gracepark Manor, Drumcondra, Dublin 3",3180, Dublin 3
"843. Falcon's View, New Navan Road, Blanchardstown, Blanchardstown, Dublin 15",1800, Dublin 15
"844. 169 171 James's street, Dublin 8",1850, Dublin 8
"845. Kellys row, Dublin 1",1950, Dublin 1
"846. Custom house square, IFSC, Dublin 1",2200, Dublin 1
"847. Merchamp, Seafield Road, Clontarf, Dublin 3",1427, Dublin 3
"848. Dunlin, Redcourt Oaks, Seafield Road, Clontarf, Dublin 3",1850, Dublin 3
"849. Bayview Ave, North Strand, Dublin 3",1700, Dublin 3
"850. Applewood Village, Swords, Co. Dublin",1240, Co. Dublin
"851. The square , haddington rd, Ballsbridge, Dublin 4",2400, Dublin 4
"852. Mongomery Court, Foley Street, Dublin 1",2250, Dublin 1
"853. Rockwell Cove, Blackrock, Co. Dublin",2100, Co. Dublin
"854. 29 Dorset street lower, Dublin 1",2000, Dublin 1
"855. 77 Alen Hall, Belgard Square, Tallaght, Dublin 24",2350, Dublin 24
"856. 112 pembroke road dublin 4, Ballsbridge, Dublin 4",1500, Dublin 4
"857. Spencer dock, Dublin 1",2300, Dublin 1
"858. Brennanstown Avenue, Cabinteely, Dublin 18",1940, Dublin 18
"859. 9 Watermill Court, Raheny, Dublin 5",1600, Dublin 5
"860. Clifton Court, Dun Laoghaire, Co. Dublin",1850, Co. Dublin
"861. 2 Old Connaught House, Ferndale Road, Rathmichael, Co. Dublin",1650, Co. Dublin
"862. Castledawson, Sion Hill, Blackrock, Co. Dublin",2890, Co. Dublin
"863. Charlotte Apartments, Dun Laoghaire, Co. Dublin",1975, Co. Dublin
"864. Charlotte Apartments, Dun Laoghaire, Co. Dublin",1800, Co. Dublin
"865. IFSC, custom house harbour, Dublin 1",1795, Dublin 1
"866. Bachelors Walk, Dublin 1",1500, Dublin 1
"867. Parsons Court, Newcastle, Co. Dublin",1400, Co. Dublin
"868. Castleland Court, Balbriggan, Co. Dublin",1200, Co. Dublin
"869. Hanbury Mews, Hanbury Lane, Dublin 8",1700, Dublin 8
"870. Kilmainham Square, Kilmainham, Dublin 8",2000, Dublin 8
"871. 106 Botanic Road, Glasnevin, Dublin 9",1680, Dublin 9
"872. Gleann Ribh, Lusk, Co. Dublin",1550, Co. Dublin
"873. 109 Parnell St, Dublin 1",2000, Dublin 1
"874. Main Street, Ballymun, Dublin 9",1750, Dublin 9
"875. Ranelagh Court, Ranelagh Road, Ranelagh, Dublin 6., Ranelagh, Dublin 6",1500, Dublin 6
"876. Grand Central Apartments, Sandyford, Dublin 18",1700, Dublin 18
"877. Apt 201 The Hermitage Apartments, Balgriffin, Dublin 13",2100, Dublin 13
"878. 6 South Strand House, Skerries, Co. Dublin",1650, Co. Dublin
"879. Apt 65 St Gabriels, Johnstown Road, Cabinteely, Dublin 18",2450, Dublin 18
"880. Neptune Apartments, Dun Laoghaire, Co. Dublin",2064, Co. Dublin
"881. Tara Street, Dublin 2",1950, Dublin 2
"882. allendale court, Clonsilla, Dublin 15",1800, Dublin 15
"883. 155 hunters green hunterswood, Ballycullen, Dublin 16",1610, Dublin 16
"884. Manor House, St. Augustine's Park, Carysfort Avenu, Blackrock, Co. Dublin",1800, Co. Dublin
"885. Parnell Road, Harold's Cross, Dublin 6",1950, Dublin 6
"886. 32 Marlay View, Rathfarnham, Dublin 16",1800, Dublin 16
"887. 16 Grenville,110 Rathgar Road, Rathgar, Dublin 6",1795, Dublin 6
"888. 83 The Oaks, Rockfield, Dundrum, Dublin 16",1950, Dublin 16
"889. Crescent building, Park West Pointe, Park West, Dublin 12",1800, Dublin 12
"890. 40 Main Street, Chapelizod, Chapelizod, Dublin 20",1350, Dublin 20
"891. 27 Bushy Park House Templeogue, Templeogue, Dublin 6w",2200, Dublin 6w
"892. Holywell lane, Swords, Co. Dublin",1475, Co. Dublin
"893. Slade Saggart, Saggart, Co. Dublin",900, Co. Dublin
"894. Manor Hall Mount Brown, Dublin 8",1800, Dublin 8
"895. Ring Commons, Balbriggan, Co. Dublin",1100, Co. Dublin
"896. 24 holywell dene, Swords, Dublin 13",1650, Dublin 13
"897. 28 Collis Court, Jugback Lane, Swords., Swords, Co. Dublin",1650, Co. Dublin
"898. 13 Spangers Yard, Crow Street, Temple Bar, Dublin 2",2750, Dublin 2
"899. Wyckham point, Dundrum, Dublin 14",1800, Dublin 14
"900. Leona Apartments, Dun Laoghaire, Co. Dublin",2432, Co. Dublin
"901. clarion quay bl 5, Dublin 1",2300, Dublin 1
"902. Green Isle Court, Clondalkin, Dublin 22",1400, Dublin 22
"903. 12 Orchard Hall, Castleknock, Dublin 15",1850, Dublin 15
"904. Castleforbes Square, Dublin 1",2200, Dublin 1
"905. Holywell, Swords, Co. Dublin",1600, Co. Dublin
"906. Harold's Cross Road, Harold's Cross, Dublin 6w",1600, Dublin 6w
"907. Mountjoy Square, Dublin 1",1900, Dublin 1
"908. Marianella, Rathgar, Dublin 6",2850, Dublin 6
"1. Apartment 2, Garrison, Co. Fermanagh, BT93 4AE",400456, BT93 4AE
"1. Nun's Island, Galway City Centre, Galway City, Co. Galway",1300, Co. Galway
"2. 5 Dun na Coiribe, Headford Road, Co. Galway",1400, Co. Galway
"3. Tuam rd, Galway City, Co. Galway",900, Co. Galway
"4. 92 Leas na Mara, Ballymoneen Road, Knocknacarra, Co. Galway",1215, Co. Galway
"5. Lios An Uisca, Merlin Park, Co. Galway",700, Co. Galway
"6. Fearann Ri, Doughiska, Galway City, Doughiska, Co. Galway",1300, Co. Galway
"7. 10 Aisling Court, Renmore, Galway City, Co. Galway",1400, Co. Galway
"8. An Creagan, Barna, Co. Galway",1400, Co. Galway
"9. Dun Oran, Oranhill, Oranmore, Co. Galway",1150, Co. Galway
"10. 33 Abbeygate street, Galway City, Co. Galway",1495, Co. Galway
"11. Lydon Court, Galway City, Co. Galway",1250, Co. Galway
"12. Ce Na Mara, The Docks, Galway City, Co. Galway",925, Co. Galway
"13. Sheerwater House, Galway City, Co. Galway",2000, Co. Galway
"14. Bluebell Woods, Oranmore, Co Galway, Oranmore, Co. Galway",1100, Co. Galway
"15. 19 Dun Leinn, Ballybrit, Co. Galway",910, Co. Galway
"16. Arus Grattan, Grattan Road, Upper Salthill, galwa, Galway City, Co. Galway",1200, Co. Galway
"17. The Cobblestones, Eyre Street, Galway City, Co. Galway",1400, Co. Galway
"18. Bushypark, Bushy Park, Co. Galway",600, Co. Galway
"19. Apt 1, The Vineyard Apartments, Lombard Street, Galway City, Co. Galway",1450, Co. Galway
"20. 29b St. Brendans Ave, Woodquay, Co. Galway",1850, Co. Galway
"21. 212 Bluebell Woods, Oranmore, Co. Galway",750, Co. Galway
"22. Dominick Street, Portumna, Co. Galway",575, Co. Galway
"23. Shannon Oaks Apartments, Portumna, Co. Galway",700, Co. Galway
"24. 4 Arus Bun Caise, Rahoon, Co. Galway",1350, Co. Galway
"25. Ce Na Mara, The Docks, Galway City, Co. Galway",1560, Co. Galway
"26. Bishop O\'Donnell Road, Rahoon, Co. Galway",560, Co. Galway
"27. Costa Na Mara, Oranmore, Co. Galway",1175, Co. Galway
"28. Bowling Green, Galway City, Co. Galway",1675, Co. Galway
"29. Abbey Court, Mary Street, Galway City, Co. Galway",1395, Co. Galway
"30. Ocean Towers, Blackrock, Salthill, Co. Galway",1600, Co. Galway
"31. 16 Killderry House, Galway City, Co. Galway",1895, Co. Galway
"32. Cois na hAbhainn, Ballygaddy Road, Tuam, Co. Galway",800, Co. Galway
"33. Shannon Oaks St Joesphs Road, Portumna, Co. Galway",700, Co. Galway
"34. Drum East, Drum East, Co. Galway",1300, Co. Galway
"35. Dominick Street, Galway City, Co. Galway",2350, Co. Galway
"36. Radharc Na Locha, Bealdangan, Co. Galway",650, Co. Galway
"37. Lisheenoran, Annaghdown, Co. Galway",650, Co. Galway
"38. Lydican, Carnmore, Co. Galway",750, Co. Galway
"39. Maree Oranmore, Oranmore, Co. Galway",1150, Co. Galway
"40. churchfield, Salthill, Co. Galway",1600, Co. Galway
"41. 28 boireann Beag, Roscam, Co. Galway",1200, Co. Galway
"42. Rahoon, Drum East, Co. Galway",1300, Co. Galway
"43. Durabhan, Roscam, Co. Galway",1000, Co. Galway
"44. 29 St. Brendans Avenue, Woodquay, Co. Galway",1300, Co. Galway
"45. 47 Aengus House, Dock Street - 5 month lease only, Galway City, Co. Galway",1800, Co. Galway
"46. Rosscahill Co Galway, Rosscahill, Co. Galway",600, Co. Galway
"47. Upper Salthill, Salthill, Co. Galway",1300, Co. Galway
"48. Glean na Ri, Renmore, Co. Galway",1000, Co. Galway
"49. Killaguile, Rosscahill, Co. Galway",500, Co. Galway
"50. Cuirt Seoige, Bohermore, Co. Galway",1500, Co. Galway
"51. An Creagan, Barna, Co. Galway",975, Co. Galway
"52. cross street Galway, Galway City, Co. Galway",1600, Co. Galway
"53. Area, Athenry, Co. Galway",800, Co. Galway
"54. Seabury, Barna House & Demesne, Barna Road, Ga, Barna, Co. Galway",1450, Co. Galway
"55. Masonbrook, Loughrea, Co. Galway",600, Co. Galway
"56. Rockbarton Court, Salthill, Co. Galway",1800, Co. Galway
"57. Annaghdown, Corrandulla, Co.Galway, Annaghdown, Co. Galway",900, Co. Galway
"58. Granary Suites, 58 Dominick Street Lower, Galway C, Galway City, Co. Galway",2250, Co. Galway
"59. 136 fionnuisce, Doughiska, Co. Galway",1200, Co. Galway
"60. The Cresent ,Taylors Hill, Galway City, Co. Galway",900, Co. Galway
"61. Balrobuck, Corrandulla, Co. Galway",1100, Co. Galway
"62. City Centre Cill Ard Galway, Bohermore, Co. Galway",1400, Co. Galway
"63. The Connacht Hotel, Dublin Road, Renmore, Co. Galway",1820, Co. Galway
"64. bridge street, Ballinasloe, Co. Galway",750, Co. Galway
"65. Mountain View, Clonbur, Co. Galway",550, Co. Galway
"66. Bride Street, Loughrea, Co. Galway",800, Co. Galway
"1. The Anchorage, Tralee, Co. Kerry",800, Co. Kerry
"2. William Street, Listowel, Co. Kerry",480, Co. Kerry
"3. Ref 777 - Apartment, New Street, Cahersiveen, Co. Kerry",600, Co. Kerry
"4. Fairway Heights, The Kerries, Tralee, Co. Kerry",750, Co. Kerry
"5. An Sean Mhuileann, Tralee, Co. Kerry",795, Co. Kerry
"6. Fairway Heights, Tralee, Co. Kerry",775, Co. Kerry
"7. The Marina Apartments, Tralee, Co. Kerry",775, Co. Kerry
"8. 33 Upper Castle Street, Tralee, Co. Kerry",575, Co. Kerry
"9. E Block, Edward Court, Edward Street, Tralee, Co. Kerry",775, Co. Kerry
"10. OFF ROCK STREET, Tralee, Co. Kerry",650, Co. Kerry
"11. Apt. 4 Mountain View, Muckross Road, Killarney, Co. Kerry",740, Co. Kerry
"12. Upper Castle Street Tralee, Tralee, Co. Kerry",650, Co. Kerry
"13. Sunhill Road, Killorglin, Co. Kerry",650, Co. Kerry
"14. The Paddocks, Killorglin, Co. Kerry",750, Co. Kerry
"15. Apartment 4 Town Centre, Killorglin, Co. Kerry",600, Co. Kerry
"16. New Street Killarney, Killarney, Co. Kerry",1000, Co. Kerry
"17. Rockwell Close, Tralee, Co. Kerry",650, Co. Kerry
"18. Oakdale park road, Killarney, Co. Kerry",1100, Co. Kerry
"19. Park Road, Killarney, Co. Kerry",980, Co. Kerry
"20. 10 The Square, Tralee, Co. Kerry",580, Co. Kerry
"21. Ardfert village, Tralee, Co. Kerry",1000, Co. Kerry
"1. Stradbrook Luxury Appartment, Portlaoise, Co. Laois",875, Co. Laois
"2. The Maples, Forest Park, Portlaoise, Co. Laois",850, Co. Laois
"3. Lalor Way, Fairgreen, Portlaoise, Co. Laois",900, Co. Laois
"4. New Row, Mountmellick Road, Portlaoise, Co. Laois",800, Co. Laois
"5. Main Street, Portarlington, Co. Laois",800, Co. Laois
"6. Ring Colt Ballyroan, Ballyroan, Co. Laois",800, Co. Laois
"7. Lalor Way Fairgreen Portlaoise, Portlaoise, Co. Laois",900, Co. Laois
"8. woodbrook mountrath, Mountrath, Co. Laois",400, Co. Laois
"9. Stradbrook, Portlaoise, Co. Laois",900, Co. Laois
"10. De Vesci Court, Fairgreen, Portlaoise, Co. Laois",900, Co. Laois
"11. Church Street, Portlaoise, Co. Laois",850, Co. Laois
"12. Kilnacourt Woods, Portarlington, Co. Laois",650, Co. Laois
"13. Apt 1 Shamrock Lodge, Borris Rd., Portlaoise, Co. Laois",480, Co. Laois
"14. De Vesci Court, Portlaoise, Co. Laois",800, Co. Laois
"1. Leitrim Village, Leitrim, Co. Leitrim",700, Co. Leitrim
"2. Key Street, Carrick-on-Shannon, Co. Leitrim",500, Co. Leitrim
"3. Quay Road, Carrick-on-Shannon, Co. Leitrim",550, Co. Leitrim
"4. Bridge Street, Carrick-on-Shannon, Co. Leitrim",450, Co. Leitrim
"5. Riverview, Carrick-on-Shannon, Co. Leitrim",600, Co. Leitrim
"6. The Pavillion, Carrick-on-Shannon, Co. Leitrim",650, Co. Leitrim
"7. 4 Library Corner, Manorhamilton, Co. Leitrim",500, Co. Leitrim
"8. Ayrefield Manor, Carrick-on-Shannon, Co. Leitrim",550, Co. Leitrim
"9. Marymount, Carrick-on-Shannon, Co. Leitrim",550, Co. Leitrim
"10. The Waterfront, Leitrim, Co. Leitrim",700, Co. Leitrim
"1. 20 Fishermans Quay, Grove Island, Corbally, Co. Limerick",1100, Co. Limerick
"2. Strand apartments, Limerick City, Co. Limerick",1500, Co. Limerick
"3. 50 Thomas Street, Limerick City, Co. Limerick",1050, Co. Limerick
"4. Hartstonge Gate, Henry Street, Limerick City, Co. Limerick",1300, Co. Limerick
"5. Glentworth Street, Limerick City, Co. Limerick",1200, Co. Limerick
"6. Harveys Quay, Limerick City, Co. Limerick",1300, Co. Limerick
"7. 6 Riverdock House Dock Road Limerick, Limerick City, Co. Limerick",950, Co. Limerick
"8. 10 The Steeples Mulgrave Street, Limerick City, Co. Limerick",950, Co. Limerick
"9. Knockhill, Ennis Road, Co. Limerick",1100, Co. Limerick
"10. Thornfield, South Circular Road, Co. Limerick",1300, Co. Limerick
"11. Drominbeg, Rhebogue, Co. Limerick",1300, Co. Limerick
"12. Glendara, Dooradoyle, Co. Limerick",1100, Co. Limerick
"13. Main Street, Adare, Co. Limerick",1100, Co. Limerick
"14. An Dun, Church road, Raheen, Co. Limerick",1200, Co. Limerick
"15. The Strand, O'Callaghan strand, Limerick City, Co. Limerick",1250, Co. Limerick
"16. Coolbane, Castleconnell, Co. Limerick",950, Co. Limerick
"17. Pery Square, Limerick City, Co. Limerick",700, Co. Limerick
"18. 81 Bru Na Gruadan, Castletroy, Co. Limerick",1100, Co. Limerick
"19. Log na gCapall, South Circular Road, Co. Limerick",1400, Co. Limerick
"20. An Dun, Church Road, Raheen, Co. Limerick",950, Co. Limerick
"21. Main Street, Kilfinane, Co. Limerick",500, Co. Limerick
"22. No 9 Ard Dara Court, Ennis Road, Co. Limerick",1150, Co. Limerick
"23. 20/21 Lower Gerald Griffin St, Limerick, Limerick City, Co. Limerick",1250, Co. Limerick
"24. 31, Henry streets, Limerick City., Limerick City, Co. Limerick",750, Co. Limerick
"25. The Strand Complex, Ennis Road, Co. Limerick",1600, Co. Limerick
"26. Landsdowne Hall, O'Callaghan Strand, Limerick City, Co. Limerick",1300, Co. Limerick
"27. Main Street, Ballylanders, Co. Limerick",550, Co. Limerick
"28. Black abby coutr, Adare, Co. Limerick",1100, Co. Limerick
"29. 701 Riverpoint, Limerick City, Co. Limerick",1200, Co. Limerick
"30. 31 Pery Court, Limerick City, Co. Limerick",1050, Co. Limerick
"1. 7 The Granary, Ballymahon, Co. Longford",650, Co. Longford
"2. APT 2, Main street, Ballymahon, Co. Longford",650, Co. Longford
"3. French Hall,Prospect Wood, Longford Town, Co. Longford",650, Co. Longford
"4. Hollybrook, Abbeyshrule, Co. Longford",300, Co. Longford
"5. Main St., Ballymahon, Co. Longford",600, Co. Longford
"6. Cornmill House, Great Water Street, Longford Town, Co. Longford",450, Co. Longford
"7. Main Street, Granard, Co. Longford",400, Co. Longford
"8. 14 Richmond Street, Longford Town, Co. Longford",650, Co. Longford
"9. 13 Harbour Point, Longford Town, Co. Longford",650, Co. Longford
"10. Main Street, Granard, Co. Longford",400, Co. Longford
"11. Drumlish Road. Longford Town, Longford Town, Co. Longford",600, Co. Longford
"12. Rath Bheg, Abbeylara, Co. Longford",550, Co. Longford
"13. Moy Court, Ballymahon, Co. Longford",650, Co. Longford
"14. 3b Kilashee Street, Longford Town, Co. Longford",580, Co. Longford
"1. Main Street, Greenore, Carlingford, Co. Louth",695, Co. Louth
"2. Main Street, Greenore, Carlingford, Co. Louth",695, Co. Louth
"3. Euston Street, Greenore, Co. Louth",725, Co. Louth
"4. Apartment, Collon, Co. Louth",900, Co. Louth
"5. 67 Park Wood, Grange Rath, Drogheda, Co. Louth",1100, Co. Louth
"6. Shop Street, Drogheda, Co. Louth",1000, Co. Louth
"7. Apartment, Adelphi Boulevard, Park Avenue, Dundalk, Co. Louth",1250, Co. Louth
"8. Smarmore Ardee, Ardee, Co. Louth",750, Co. Louth
"9. St Nicholas Gardens, Dundalk, Co. Louth",950, Co. Louth
"10. Park Wood, Grange Rath, Drogheda, Co. Louth",1250, Co. Louth
"11. plaster, Kilkerley, Co. Louth",550, Co. Louth
"12. 27north strand, Drogheda, Co. Louth",900, Co. Louth
"13. Shop Street, Drogheda, Co. Louth",1200, Co. Louth
"14. Martello Dublin Road, Drogheda, Co. Louth",1250, Co. Louth
"15. 40 bryanstown manor, Drogheda, Co. Louth",1200, Co. Louth
"16. Jocelyn Street, Dundalk, Co. Louth",950, Co. Louth
"17. Greenhills, Drogheda, Co. Louth",800, Co. Louth
"18. North Road, Drogheda, Co. Louth",1000, Co. Louth
"19. 3 The Malthouse, Drogheda, Dromiskin, Co. Louth",1100, Co. Louth
"20. Mourne View Hall, Dundalk, Co. Louth",360, Co. Louth
"21. Main Street Blackrock, Blackrock, Co. Louth",1400, Co. Louth
"22. Bridge Street, Dundalk, Co. Louth",800, Co. Louth
"23. 35 Park Ridge Grange Rath, Drogheda, Co. Louth",1000, Co. Louth
"24. Fair Street House, Drogheda, Co. Louth",1083, Co. Louth
"25. 8 and 15 Stella Maris, Castle Hill Carlingford, Carlingford, Co. Louth",900, Co. Louth
"26. Clanbrassil Street, Dundalk, Co. Louth",900, Co. Louth
"27. Greenpark Student Accommodation, Greenpark, Dundalk, Co. Louth",400, Co. Louth
"28. Bryanstown, Drogheda, Co. Louth",1250, Co. Louth
"1. tara court, Castlebar, Co. Mayo",500, Co. Mayo
"2. American Street, Belmullet, Co. Mayo",450, Co. Mayo
"3. Craobh Ban, Newport, Co Mayo, Newport, Co. Mayo",650, Co. Mayo
"4. Craobh Ban, Newport, Co. Mayo",650, Co. Mayo
"5. Chamber Court, Cavendsh Lane, Castlebar, Co. Mayo",700, Co. Mayo
"6. Bruach na hAbhainn, Altamount Street, Westport, Co. Mayo",800, Co. Mayo
"7. 22 Silverbridge, Claremorris, Co. Mayo",750, Co. Mayo
"8. Chapel st., Castlebar, Co. Mayo",620, Co. Mayo
"9. Newline, Castlebar, Co. Mayo",800, Co. Mayo
"10. Apt 3A Erris Gardens, Crossmolina, Co. Mayo",500, Co. Mayo
"11. Apartment 2, Teach Ciaran, Bangor Erris, Co. Mayo",440, Co. Mayo
"12. 1 chapel walk, church street, Crossmolina, Co. Mayo",500, Co. Mayo
"13. Cuslough, Castlebar, Co. Mayo",800, Co. Mayo
"14. Spencer Manor, Castlebar, Co. Mayo",900, Co. Mayo
"15. Mount Street, Claremorris, Co. Mayo",750, Co. Mayo
"16. Clogher, Claremorris, Co. Mayo",440, Co. Mayo
"17. Esker Meadows, Knock, Co. Mayo",480, Co. Mayo
"18. Apt 31 Hawthorn Village, Saleen, Castlebar, Co. Mayo",650, Co. Mayo
"19. 46 Ashwood Avenue, Balinrobe Road, Westport, Westport, Co. Mayo",900, Co. Mayo
"20. Main Street, Balla, Co Mayo, Balla, Co. Mayo",600, Co. Mayo
"21. 23 Silverbridge, Claremorris, Co. Mayo",800, Co. Mayo
"22. Breaffy Woods, Castlebar, Co. Mayo",650, Co. Mayo
"23. Nephin Halls, Castlebar, Co. Mayo",700, Co. Mayo
"24. The Residences, Breaffy, Castlebar, Co. Mayo",750, Co. Mayo
"25. Turlough Village, Castlebar, Co. Mayo",700, Co. Mayo
"26. The Lodges ,Breaffy House Resort, Castlebar, Co. Mayo",675, Co. Mayo
"27. Mount Street, Claremorris, Co. Mayo",600, Co. Mayo
"28. Westport, Westport Quay, Co. Mayo",700, Co. Mayo
"29. Town centre, Westport, Co. Mayo",760, Co. Mayo
"30. Milebush Road, Castlebar, Co. Mayo",900, Co. Mayo
"31. Milebush Road, Castlebar, Co. Mayo",650, Co. Mayo
"32. Newline, Castlebar, Co.Mayo, Castlebar, Co. Mayo",800, Co. Mayo
"33. Cushlough, Saleen, Castlebar, Co. Mayo",850, Co. Mayo
"34. High Street, Westport, Co. Mayo",740, Co. Mayo
"35. Ashwood, Ballinrobe Road, Westport, Co. Mayo",780, Co. Mayo
"36. Knock road, Claremorris, Co. Mayo",750, Co. Mayo
"37. Westport Harbour, Westport, Co. Mayo",800, Co. Mayo
"38. Riverwalk, Crossmolina, Co. Mayo",480, Co. Mayo
"39. 5 The Moorings American street, Belmullet, Co. Mayo",520, Co. Mayo
"40. 3 Brewery Buildings Market Lane, Bridge St., Westport, Co. Mayo",900, Co. Mayo
"41. Carramore, Knock, Co. Mayo",520, Co. Mayo
"42. 14 The Arches Newport, Newport, Co. Mayo",700, Co. Mayo
"43. The Residences, Breaffy, Co. Mayo",650, Co. Mayo
"44. Westport, Westport Quay, Co. Mayo",850, Co. Mayo
"45. 19 Altbawn Crescent, Kiltimagh, Co Mayo, Kiltimagh, Co. Mayo",600, Co. Mayo
"46. 103 The Docklands, Belmullet, Co. Mayo",500, Co. Mayo
"1. killegland house, Ashbourne, Co. Meath",1475, Co. Meath
"2. Whitelands, Dunboyne, Co. Meath",1000, Co. Meath
"3. Victorine Abbey, Dublin Road, Trim, Co. Meath",1200, Co. Meath
"4. Supple Hall, Dunshaughlin, Co. Meath",1300, Co. Meath
"5. 4 The Olde Forge, Haggard Street, Trim, Co. Meath",1200, Co. Meath
"6. Bective Square, Kells, Co. Meath",750, Co. Meath
"7. Poolboy Quay, Navan, Co. Meath",1400, Co. Meath
"8. moyvalley Hotel And Golf Resort, Enfield, Co. Meath",1200, Co. Meath
"9. Moyvalley Hotel and Golf Resort, Enfield, Co. Meath",1400, Co. Meath
"10. Garden Apartment, Cullenore, Kilcloon, Co. Meath",1250, Co. Meath
"11. 3 Effernock mews Trim, Trim, Co. Meath",1575, Co. Meath
"12. The Courtyard, Dunshaughlin, Co. Meath",1300, Co. Meath
"13. Corballis Demesne, Ratoath, Co. Meath",1250, Co. Meath
"14. Knightsbrook Square, Trim, Co. Meath",1200, Co. Meath
"15. Academy Square, Academy Street, Navan, Co. Meath",1400, Co. Meath
"16. Ledwidge Hall, Slane, Co. Meath",1300, Co. Meath
"17. Neptune Beach Apartments, Bettystown, Co. Meath",1800, Co. Meath
"18. Beaufort Abbey, Navan, Co. Meath",1200, Co. Meath
"19. Main Street Enfield, Enfield, Co. Meath",950, Co. Meath
"20. Athlumney, Navan, Co. Meath",1175, Co. Meath
"21. The Steeples, Timmons Hill, Navan., Navan, Co. Meath",1050, Co. Meath
"22. Chestnut hall, johnstown, Navan, Co. Meath",1200, Co. Meath
"23. Eastham Court, Bettystown, Co. Meath",1400, Co. Meath
"24. Castlemartin, Bettystown, Co. Meath",1250, Co. Meath
"25. Hickey's Lane, Baltrasna, Co. Meath, Ashbourne, Co. Meath",1150, Co. Meath
"26. 5 The steeples, Navan, Co. Meath",1050, Co. Meath
"27. Parsonstowm, Batterstown, Co. Meath",1200, Co. Meath
"28. Ludlow Street, Navan, Co. Meath",1300, Co. Meath
"29. The Square, Innwood, Enfield, Co. Meath",1600, Co. Meath
"30. Branstown, Dunshaughlin, Co. Meath",1450, Co. Meath
"31. Rural Ashbourne, 2km From Town Centre, Ashbourne, Co. Meath",1500, Co. Meath
"32. 6A Navan Gate, Trim, Co. Meath",900, Co. Meath
"33. 4 Abbey Row, Kildalkey, Co. Meath",950, Co. Meath
"34. Summerhill Village, Summerhill, Co. Meath",800, Co. Meath
"1. Apt. 2, 29 Main Street, Carrickmacross, Co. Monaghan",750, Co. Monaghan
"2. Apt. 3, 59 Main Street, Carrickmacross, Co. Monaghan",750, Co. Monaghan
"3. Farney Street, Carrickmacross, Co. Monaghan",750, Co. Monaghan
"4. Monaghan Rd., Castleblayney, Co. Monaghan",440, Co. Monaghan
"5. Ardee Road, Carrickmacross, Co. Monaghan",750, Co. Monaghan
"1. R401, Edenderry, Co. Offaly",900, Co. Offaly
"2. Library Hall, Tullamore, Co. Offaly",775, Co. Offaly
"3. Bridge Lane, Tullamore, Co. Offaly",650, Co. Offaly
"4. Main Street, Banagher, Co. Offaly",450, Co. Offaly
"5. Upper Main Street, Banagher, Co. Offaly",550, Co. Offaly
"6. Birr Town Centre, Birr, Co. Offaly",600, Co. Offaly
"7. Sharavogue Birr, Sharavogue, Co. Offaly",480, Co. Offaly
"8. Riverside, Portarlington, Co. Offaly",850, Co. Offaly
"9. Leabeg, Blueball, Tullamore, Blue Ball, Co. Offaly",480, Co. Offaly
"10. Altmore House, Tara Street, Tullamore, Co. Offaly",975, Co. Offaly
"11. Market Square, Tullamore, Co. Offaly",850, Co. Offaly
"1. Hodson Bay, Athlone, Co. Roscommon",1500, Co. Roscommon
"2. Apartment No 1, Marian Court, Dublin Rd, Ballaghaderreen, Co. Roscommon",475, Co. Roscommon
"3. Inver Geal, Carrick-on-Shannon, Co. Roscommon",650, Co. Roscommon
"4. The Oaks, Frenchpark, Co. Roscommon",450, Co. Roscommon
"5. Hawthorn Crescent, Carrick-on-Shannon, Co. Roscommon",650, Co. Roscommon
"6. Church Street, Strokestown, Co. Roscommon",650, Co. Roscommon
"7. riverwalk, Castlerea, Co. Roscommon",550, Co. Roscommon
"1. Waterlane, Sligo, Co. Sligo",750, Co. Sligo
"2. Mill Falls, Collooney, Co. Sligo",780, Co. Sligo
"3. Milbrook Apartments, Riverside, Sligo, Co. Sligo",850, Co. Sligo
"4. Milbrook, Riverside, Sligo, Co. Sligo",750, Co. Sligo
"5. Millbrook Apts, JFK Parade, Riverside, Sligo, Co. Sligo",800, Co. Sligo
"6. Abbeykiln House, Abbey Street, Sligo, Co. Sligo",650, Co. Sligo
"7. Fairways, Tubbercurry, Co. Sligo",550, Co. Sligo
"8. Sea Front, Rosses Point, Co. Sligo",750, Co. Sligo
"9. High Street, Sligo, Co. Sligo",650, Co. Sligo
"10. The Buttermarket, Lower Quay Street, Sligo, Co. Sligo",750, Co. Sligo
"11. Humbert St, Tubbercurry, Co. Sligo",500, Co. Sligo
"12. carragubada, Carraroe, Co. Sligo",440, Co. Sligo
"13. sligo town, Sligo, Co. Sligo",750, Co. Sligo
"14. 21 MILL FALLS, Collooney, Co. Sligo",820, Co. Sligo
"15. Edenmount Hall,Brooklawns, First Sea Road, Sligo, Co. Sligo",715, Co. Sligo
"16. Ballincourt, Ballintogher, Co. Sligo",450, Co. Sligo
"17. Church Street, Sligo, Co. Sligo",600, Co. Sligo
"18. 12 Rockwood Crescent, Tobergal Lane, Sligo, Co. Sligo",790, Co. Sligo
"19. A12, City Gate, Mail Coach Road, Sligo, Co. Sligo",600, Co. Sligo
"20. Ballisodare, Ballisodare, Co. Sligo",600, Co. Sligo
"21. Lisnarawer, Beltra, Co. Sligo",500, Co. Sligo
"22. 49 the mall, Sligo, Co. Sligo",700, Co. Sligo
"23. Loughanelteen, Calry, Co. Sligo",400, Co. Sligo
"24. Rosses Point, Sligo, Co. Sligo",500, Co. Sligo
"25. Farrellmacfarrell Dromore West, Dromore West, Co. Sligo",360, Co. Sligo
"26. Tonaphubble, Sligo, Co. Sligo",555, Co. Sligo
"27. blackthorn riverstown cosligo, Sligo, Co. Sligo",650, Co. Sligo
"1. Ladyswell st, Cashel, Co. Tipperary",695, Co. Tipperary
"2. Knocknagow, North Quay, Carrick-on-Suir, Co. Tipperary",700, Co. Tipperary
"3. 34 Ballina Quay, Ballina, Co. Tipperary",900, Co. Tipperary
"4. Abbey Street clonmel, Clonmel, Co. Tipperary",550, Co. Tipperary
"5. Marlfield House, Clonmel, Co. Tipperary",550, Co. Tipperary
"6. Westcourt, The Quays, Clonmel, Co. Tipperary",800, Co. Tipperary
"7. Quarry Mews Mitchel Street, Thurles, Co. Tipperary",500, Co. Tipperary
"8. Ballytohill Mullinahone Co.tippeary, Ninemilehouse, Co. Tipperary",560, Co. Tipperary
"9. 1A Silver Street, Slver Mews, Nenagh, Co. Tipperary",600, Co. Tipperary
"10. Old Waterford Road, Carrick Beg, Carrrick on Suir, Carrick-on-Suir, Co. Tipperary",700, Co. Tipperary
"11. Dolla, Dolla, Co. Tipperary",500, Co. Tipperary
"12. Riverside Shopping Centre, Borrisokane, Co. Tipperary",850, Co. Tipperary
"13. Riverside Shopping Centre, Borrisokane, Co. Tipperary",700, Co. Tipperary
"14. Bank Street, Templemore, Co. Tipperary",500, Co. Tipperary
"15. half mile from templemore, Templemore, Co. Tipperary",600, Co. Tipperary
"16. 42 The Chase, Knockbrit, Co. Tipperary",1000, Co. Tipperary
"17. apartment 5, wellington house, wellington street, Clonmel, Co. Tipperary",600, Co. Tipperary
"18. Pearse st, Nenagh, Co. Tipperary",480, Co. Tipperary
"19. Dominics Court, Cashel, Co. Tipperary",750, Co. Tipperary
"20. Carrig Rua, Gortandroe, Nenagh, Co. Tipperary",700, Co. Tipperary
"1. Watersgate, Billberry, Waterford, Waterford City, Co. Waterford",1100, Co. Waterford
"2. Penrose Lane, Waterford, Waterford City, Co. Waterford",800, Co. Waterford
"3. Railway Square, Castle Place, Waterford City, Co. Waterford",1100, Co. Waterford
"4. 20 Olympia Court Apartments, Parnell Street, Waterford City, Co. Waterford",750, Co. Waterford
"5. The Quay, Waterford City, Co. Waterford",825, Co. Waterford
"6. Glencove - Penthouse Apartment, Dunmore Road, Waterford City, Co. Waterford",1250, Co. Waterford
"7. City Centre, Waterford City, Co. Waterford",850, Co. Waterford
"8. Circular Road, Dunmore East, Co. Waterford",650, Co. Waterford
"9. Mount Suir, Gracedieu, Co. Waterford",950, Co. Waterford
"10. Glencove, Dunmore Road, Waterford City, Co. Waterford",1200, Co. Waterford
"11. McConnell House Waterford, Waterford City, Co. Waterford",1000, Co. Waterford
"12. Apartment 1 21/22 Broad Street, Waterford City, Co. Waterford",2000, Co. Waterford
"13. Apartment 3 21/22 Broad Street, Waterford City, Co. Waterford",2000, Co. Waterford
"14. Bridgeview Court, Bridge Street, Waterford City, Co. Waterford",850, Co. Waterford
"15. O\\\'Connell Street, Waterford City, Co. Waterford",650, Co. Waterford
"16. The Glen, Gracedieu, Co. Waterford",850, Co. Waterford
"17. Apt 3, 12 Parnell Street, Waterford City, Co. Waterford",750, Co. Waterford
"18. Atlantic Coast Apartment, Tramore, Co. Waterford",900, Co. Waterford
"19. De Bruin Court, Waterford City, Co. Waterford",365, Co. Waterford
"20. Aylesbury Manor, Waterford City, Co. Waterford",350, Co. Waterford
"21. The Old Infirmary, Johns Hill, Waterford City, Co. Waterford",850, Co. Waterford
"22. 9 The Bridge, Bridge Street, Dungarvan, Co. Waterford",700, Co. Waterford
"23. Church street, Ballyduff, Co. Waterford",600, Co. Waterford
"24. 7A Mahon Mills, Kilmacthomas, Co. Waterford",700, Co. Waterford
"25. The Boathouse, Scotch Quay, Waterford City, Co. Waterford",800, Co. Waterford
"26. Harbour View, Canada Street, Waterford City, Co. Waterford",800, Co. Waterford
"27. Ballybrussa, Grange, Dungarvan, Co. Waterford",550, Co. Waterford
"1. Esker Glenn, Bonavalley, Dublin Rd., Athlone, Co. Westmeath",1100, Co. Westmeath
"2. Goldsmith Close, Athlone, Co. Westmeath",900, Co. Westmeath
"3. 22 Strandcourt Penthouse, Athlone, Co. Westmeath",1400, Co. Westmeath
"4. Apt 3 Mildstone House, Golden Island, Athlone, Co. Westmeath",950, Co. Westmeath
"5. 10 Whitcroft Court, Moate, Co. Westmeath",850, Co. Westmeath
"6. 3 Galey House, Ard Ri, Athlone, Co. Westmeath",880, Co. Westmeath
"7. Rockbrook, Athlone, Co. Westmeath",800, Co. Westmeath
"8. 19 Radharc An Chuain, Mullingar, Co. Westmeath",950, Co. Westmeath
"9. Shannon Weir - 2 bed, Athlone, Co. Westmeath",950, Co. Westmeath
"10. 49 Irishtown Central, Athlone, Co. Westmeath",1100, Co. Westmeath
"11. 3a Church View, Kinnegad, Co. Westmeath",695, Co. Westmeath
"12. Gorteen, Mullingar, Co. Westmeath",700, Co. Westmeath
"13. 22 Bastion Quay, Athlone, Co. Westmeath",1400, Co. Westmeath
"14. Jollymarnier, Athlone, Co. Westmeath",1400, Co. Westmeath
"15. Ushnagh Court, Mullingar, Co. Westmeath",675, Co. Westmeath
"16. 73 Silverquay, Northgate Street, Athlone, Co. Westmeath",1250, Co. Westmeath
"17. Ard Ri, Athlone, Co. Westmeath",1000, Co. Westmeath
"18. Nort Gate ST Sliver Quay, Athlone, Co. Westmeath",900, Co. Westmeath
"19. Grove Street, Mullingar, Co. Westmeath",1000, Co. Westmeath
"20. Jolly Mariner, Coosan, Athlone, Co. Westmeath",1600, Co. Westmeath
"21. Beechdrive, Mullingar, Co. Westmeath",600, Co. Westmeath
"22. 3A Oakcrest, Mullingar, Co. Westmeath",500, Co. Westmeath
"23. 29 Marlinstown Park, Mullingar, Co. Westmeath",895, Co. Westmeath
"24. ballinahowen court, Athlone, Co. Westmeath",400, Co. Westmeath
"25. Annagh, Ballykeeran, Athlone, Co. Westmeath",750, Co. Westmeath
"1. Drumgoold, Enniscorthy, Co. Wexford",750, Co. Wexford
"2. 12 Waterloo road Wexford, Wexford Town, Co. Wexford",600, Co. Wexford
"3. Apt 3, The Haven, Rosslare Strand, Co. Wexford",700, Co. Wexford
"4. The Green, Clonard Village, Wexford Town, Co. Wexford",825, Co. Wexford
"5. Millers Rest, Castlebridge, Co. Wexford",552, Co. Wexford
"6. Pinewood, Wexford Town, Co. Wexford",700, Co. Wexford
"7. Lr. Bride St, Wexford Town, Co. Wexford",650, Co. Wexford
"8. The Old Schoolyard, Riverchapel, Gorey, Co. Wexford",750, Co. Wexford
"9. Alder Court, Ferns, Co. Wexford",850, Co. Wexford
"10. Esmonde Street, Gorey, Co. Wexford",650, Co. Wexford
"11. Dunbrody Wharf, New Ross, Co. Wexford",675, Co. Wexford
"12. R741, Ballyedmond, Co. Wexford",540, Co. Wexford
"13. Ballyhine Lane, Barntown, Co. Wexford",800, Co. Wexford
"14. Keywest, The Quay, Wexford Town, Co. Wexford",850, Co. Wexford
"15. Keywest, The Quay, Wexford Town, Co. Wexford",750, Co. Wexford
"16. Priory Court, Spawell Road, Wexford Town, Co. Wexford",775, Co. Wexford
"17. Trinity Street, Wexford Town, Co. Wexford",600, Co. Wexford
"18. The Moorings, Rosbercon, New Ross, Co. Wexford",650, Co. Wexford
"19. Barrow Hall Mountgarrett New Ross, New Ross, Co. Wexford",1200, Co. Wexford
"20. 3 Doyles Barn, New Ross, New Ross, Co. Wexford",625, Co. Wexford
"21. The Cottage , Salville House, Enniscorthy, Co. Wexford",650, Co. Wexford
"22. Hollyville Heights, Wexford Town, Co. Wexford",800, Co. Wexford
"23. Station Court, Gorey, Co. Wexford",950, Co. Wexford
"24. Tuskar House, John's Gate Sreet, Wexford Town, Co. Wexford",750, Co. Wexford
"25. Waterside, New Ross, Co. Wexford",700, Co. Wexford
"26. Hilltown, Killinick, Co. Wexford",750, Co. Wexford
"27. Melrose Court, Upper George's Street, Wexford Town, Co. Wexford",700, Co. Wexford
"28. Station Court The Avenue Gorey, Gorey, Co. Wexford",1000, Co. Wexford
"29. Stonebridge, Paul Quay, Wexford Town, Co. Wexford",1750, Co. Wexford
"30. Castlegardens, St Helens Village, Kilrane, Co. Wexford",750, Co. Wexford
"31. Glebe, Meelnagh, Castletalbot, Blackwater, Co. Wexford",600, Co. Wexford
"32. Quay Street, New Ross, Co. Wexford",600, Co. Wexford
"33. Quay Street, New Ross, Co. Wexford",700, Co. Wexford
"34. Quay Street, New Ross, Co. Wexford",700, Co. Wexford
"35. Quay Street, New Ross, Co. Wexford",600, Co. Wexford
"36. Quay Street, New Ross, Co. Wexford",720, Co. Wexford
"37. Quay Street, New Ross, Co. Wexford",720, Co. Wexford
"38. Apt. No. 6, The Pillar, King Street, Wexford Town, Co. Wexford",780, Co. Wexford
"39. Lower George Street, Wexford Town, Co. Wexford",600, Co. Wexford
"40. Lower George's Street, Wexford Town, Co. Wexford",650, Co. Wexford
"41. 19 Castle Gardens, Kilrane, Co. Wexford",700, Co. Wexford
"42. New Ross Town, New Ross, New Ross, Co. Wexford",600, Co. Wexford
"43. 1 Portsmouth House, Templeshannon, Enniscorthy, Co. Wexford",650, Co. Wexford
"1. Slaney Park, Baltinglass, Co. Wicklow",1000, Co. Wicklow
"2. Quinsboro Road, Bray, Co. Wicklow",1700, Co. Wicklow
"3. Charlesland Park, Greystones, Co. Wicklow",1820, Co. Wicklow
"4. Kilmurray South, Kilmacanogue, Co. Wicklow",1400, Co. Wicklow
"5. Charlesland Court, Greystones, Co. Wicklow",1650, Co. Wicklow
"6. Ash Mews, Sidmonton Road, Bray, Co. Wicklow",1400, Co. Wicklow
"7. Ballylusk, Ashford, Co. Wicklow",900, Co. Wicklow
"8. Roundwood Village, Roundwood, Co. Wicklow",1100, Co. Wicklow
"9. The Mews, Enniskerry, Co. Wicklow",1100, Co. Wicklow
"10. Priory Court, Eden Gate, Delgany, Co. Wicklow",1200, Co. Wicklow
"11. Duncairn Terrace D, Bray, Co. Wicklow",1250, Co. Wicklow
"12. Sidbury Court, Bray, Co. Wicklow",1360, Co. Wicklow
"13. The Mews, Roseair, Eden road, Greystones, Co. Wi, Greystones, Co. Wicklow",1750, Co. Wicklow
"14. 14 The Lodges, Rocky Valley Crescent, Kilmacanogue, Co. Wicklow",1300, Co. Wicklow
"15. Mizen Court, Arklow Marina, Arklow, Co. Wicklow",1150, Co. Wicklow
"16. Rockview Park, Arklow, Co. Wicklow",1250, Co. Wicklow
"17. 15 The oakes Diamond Valley Bray, Bray, Co. Wicklow",1550, Co. Wicklow
"18. main street, Carnew, Co. Wicklow",700, Co. Wicklow
"19. 15 minute walk to dart, Greystones, Co. Wicklow",1200, Co. Wicklow
